TOTAL_BAJO_RENDIMIENTO_REA,DESERTA,GENERO,UBICACION_SEMESTRAL,MEDIO_TRANSPORTE,FRECUENCIA_TRANSPORTE,FUENTES_FINANCIACION,PERSONAS_A_CARGO,DIFICULTAD_PAGO_MATRICULA,TURNO_TRABAJO_ESTUDIO,TIPO_VIVIENDA_RESIDENCIA,ZONA_VIVIENDA_RESIDENCIA,VIVE_PADRES_FAMILIAR,SISBEN,NUM_HIJOS,VIVE_PERSONAS_MAYORES,VIVE_PERSONAS_PATOLOGIAS,VICTIMA_VIOLENCIA,FRECUENCIA_USO_CANALES_ATENCION,ORIENTACION_CAT,COMUNA,NIV_EDUCATIVO_PADRE_CAT,NIV_EDUCATIVO_MADRE_CAT,ES_VULNERABLE,ES_GRUPO_ETNICO,GRUPO_ETNICO_CAT,HORAS_FUERA_CASA,RECURSOS_TECNOLOGICOS,HERMANOS_CAT,CARGA_LABORAL,CARGA_HOGAR,CONDICION_DISCAPACIDAD,HABITOS_RIESGO,IMC_CAT,CIENCIAS BÁSICAS_bin,CIENCIAS BÁSICAS DE INGENIERÍA_bin,INGENIERÍA APLICADA_bin,INSTITUCIONAL_bin
2,0,F,8,A pie,Baja frecuencia,Beca,SIN_CARGAS,Si,Diurno,Arrendada,Zona urbana,Si,Si,0,Si,Sí,No,Con poca frecuencia,Heterosexual,Comuna Occidental,Básica,Media,No,No,No étnico,ALTO,COMPLETOS,NINGUNO,NO_TRABAJA,HOGAR_SIN_NINOS,COGNITIVA,BAJO,NORMAL,3–3.99,3–3.99,3–3.99,3–3.99
9,0,M,3,Servicio público,Baja frecuencia,Recursos propios,SIN_CARGAS,Si,Diurno,Arrendada,Zona rural,Si,Si,0,No,No,No,Con poca frecuencia,Heterosexual,Municipios Aledaños,Media,Superior,No,No,No étnico,MEDIO,COMPLETOS,POCOS_1_2,NO_TRABAJA,CON_NINOS_1_2,COGNITIVA,NINGUNO,NORMAL,3–3.99,3–3.99,3–3.99,3–3.99
6,0,M,4,Servicio público,Otro,Recursos propios,SIN_CARGAS,Si,Diurno,Arrendada,Zona rural,Si,Si,0,Si,No,No,Con poca frecuencia,Heterosexual,Municipios Aledaños,Media,Media,No,No,No étnico,BAJO,BASICOS,NINGUNO,NO_TRABAJA,HOGAR_SIN_NINOS,COGNITIVA,NINGUNO,NORMAL,3–3.99,3–3.99,3–3.99,3–3.99
7,1,M,2,A pie,Baja frecuencia,Recursos propios,CON_CARGAS,Si,Nocturno,Propia pagada,Zona urbana,Si,No,0,No,No,No,Casi nunca,No responde,Comuna Sur Occidental,Media,Superior,No,No,No étnico,ALTO,BASICOS,POCOS_1_2,NO_TRABAJA,CON_NINOS_1_2,COGNITIVA,NINGUNO,SOBREPESO,3–3.99,2–2.99,3–3.99,2–2.99
10,1,F,3,Servicio público,Baja frecuencia,Beca,SIN_CARGAS,No,Diurno,Arrendada,Zona urbana,Si,Si,0,No,No,No,Frecuentemente,No responde,Comuna Oriental,Básica,Básica,No,No,No étnico,BAJO,COMPLETOS,VARIOS_3_MAS,NO_TRABAJA,CON_NINOS_1_2,COGNITIVA,NINGUNO,NORMAL,3–3.99,2–2.99,3–3.99,3–3.99
5,0,M,5,A pie,Baja frecuencia,Beca,SIN_CARGAS,Si,Mixto,Propia pagada,Zona rural,Si,Si,0,No,No,No,Con poca frecuencia,Heterosexual,Comuna Sur Oriental,Básica,Básica,No,No,No étnico,BAJO,BASICOS,POCOS_1_2,NO_TRABAJA,HOGAR_SIN_NINOS,COGNITIVA,NINGUNO,NORMAL,3–3.99,3–3.99,3–3.99,3–3.99
2,0,M,7,Servicio público,Alta frecuencia,Otro / No aplica,CON_CARGAS,Si,Mixto,Propia pagada,Zona urbana,Si,Si,0,No,No,No,Con poca frecuencia,Heterosexual,Comuna Sur Occidental,Básica,Media,No,No,No étnico,ALTO,BASICOS,VARIOS_3_MAS,NO_TRABAJA,HOGAR_SIN_NINOS,COGNITIVA,NINGUNO,NORMAL,3–3.99,3–3.99,3–3.99,3–3.99
13,1,F,6,Servicio público,Baja frecuencia,Otro / No aplica,SIN_CARGAS,Si,Diurno,Propia pagandose,Zona rural,Si,Si,0,No,No,No,Frecuentemente,No responde,Municipios Aledaños,Básica,Básica,No,No,No étnico,MEDIO,BASICOS,POCOS_1_2,NO_TRABAJA,HOGAR_SIN_NINOS,COGNITIVA,NINGUNO,NORMAL,3–3.99,2–2.99,3–3.99,3–3.99
10,0,F,4,Servicio público,Baja frecuencia,Beca,SIN_CARGAS,No,Diurno,Arrendada,Zona rural,Si,Si,0,No,No,No,Casi nunca,Heterosexual,Municipios Aledaños,Básica,Básica,Sí,No,No étnico,BAJO,COMPLETOS,POCOS_1_2,NO_TRABAJA,HOGAR_SIN_NINOS,SIN,NINGUNO,NORMAL,3–3.99,3–3.99,3–3.99,3–3.99
5,0,M,9,Servicio público,Baja frecuencia,Recursos propios,SIN_CARGAS,Si,Diurno,Propia pagandose,Zona urbana,Si,No,0,Si,No,Si,Casi nunca,Heterosexual,Comuna Centro,Media,Superior,No,No,No étnico,BAJO,COMPLETOS,NINGUNO,NO_TRABAJA,SOLO_SIN_NINOS,COGNITIVA,NINGUNO,NORMAL,3–3.99,4–5,3–3.99,3–3.99
9,0,F,3,A pie,Baja frecuencia,Otro / No aplica,SIN_CARGAS,No,Mixto,Arrendada,Zona urbana,Si,Si,0,No,No,No,Con poca frecuencia,Heterosexual,Comuna Sur Oriental,Básica,Media,No,No,No étnico,BAJO,COMPLETOS,POCOS_1_2,NO_TRABAJA,CON_NINOS_1_2,COGNITIVA,NINGUNO,NORMAL,3–3.99,3–3.99,4–5,3–3.99
7,0,F,1,A pie,Baja frecuencia,Beca,CON_CARGAS,No,Mixto,Arrendada,Zona urbana,Si,Si,0,Si,No,No responde,Con poca frecuencia,Heterosexual,Comuna Oriental,Básica,Media,No,No,No reportado,BAJO,COMPLETOS,POCOS_1_2,NO_TRABAJA,HOGAR_SIN_NINOS,MULTIPLE,NINGUNO,NORMAL,3–3.99,3–3.99,3–3.99,3–3.99
12,1,M,9,Servicio público,Baja frecuencia,Recursos propios,SIN_CARGAS,Si,Diurno,Propia pagada,Zona urbana,Si,Si,0,Si,No,No,Casi nunca,No responde,Comuna Centro,Básica,Media,No,No,No étnico,MEDIO,BASICOS,POCOS_1_2,NO_TRABAJA,HOGAR_SIN_NINOS,MULTIPLE,BAJO,OBESIDAD,Sin nota,3–3.99,2–2.99,3–3.99
6,1,M,3,A pie,Otro,Recursos propios,SIN_CARGAS,Si,Diurno,Arrendada,Zona rural,Si,Si,0,Si,No,No responde,Casi nunca,No responde,Comuna Occidental,Básica,Media,No,No,No étnico,MEDIO,BASICOS,POCOS_1_2,NO_TRABAJA,CON_NINOS_1_2,COGNITIVA,BAJO,NORMAL,2–2.99,2–2.99,3–3.99,4–5
21,1,M,8,Vehículo motorizado,Alta frecuencia,Recursos propios,CON_CARGAS,Si,Diurno,Arrendada,Zona urbana,Si,Si,0,No,No,No,Casi nunca,Heterosexual,Comuna Norte,Media,Superior,No,No,No étnico,MEDIO,COMPLETOS,POCOS_1_2,PARCIAL_1_20,CON_NINOS_1_2,COGNITIVA,NINGUNO,SOBREPESO,3–3.99,3–3.99,2–2.99,3–3.99
11,1,M,1,A pie,Baja frecuencia,Recursos propios,SIN_CARGAS,No,Mixto,Arrendada,Zona urbana,Si,No,0,No,No,No responde,Con poca frecuencia,No responde,Comuna Sur Occidental,Media,Media,No,No,No reportado,BAJO,SIN_RECURSOS,POCOS_1_2,ALTA_>20,SOLO_SIN_NINOS,MULTIPLE,BAJO,NORMAL,3–3.99,2–2.99,1–1.99,3–3.99
10,0,M,6,A pie,Baja frecuencia,Crédito,SIN_CARGAS,Si,Nocturno,Arrendada,Zona urbana,Si,No,0,No,No,No,Con poca frecuencia,Heterosexual,Comuna Sur Oriental,Media,Básica,Sí,No,No étnico,BAJO,BASICOS,POCOS_1_2,NO_TRABAJA,HOGAR_SIN_NINOS,COGNITIVA,NINGUNO,NORMAL,3–3.99,3–3.99,3–3.99,3–3.99
6,1,M,4,Vehículo motorizado,Baja frecuencia,Otro / No aplica,SIN_CARGAS,No,Diurno,Propia pagada,Zona urbana,Si,No,0,Si,No,No,Casi nunca,No responde,Comuna Oriental,Media,Básica,No,No,No étnico,MEDIO,COMPLETOS,VARIOS_3_MAS,PARCIAL_1_20,CON_NINOS_1_2,COGNITIVA,NINGUNO,NORMAL,3–3.99,3–3.99,3–3.99,3–3.99
4,0,M,4,A pie,Baja frecuencia,Crédito,CON_CARGAS,Si,Diurno,Arrendada,Zona urbana,No,No,2,No,No,No responde,Frecuentemente,Heterosexual,Comuna Sur Oriental,Superior,Media,No,No,No étnico,BAJO,COMPLETOS,VARIOS_3_MAS,NO_TRABAJA,CON_NINOS_1_2,COGNITIVA,BAJO,NORMAL,3–3.99,3–3.99,3–3.99,3–3.99
3,0,M,9,Vehículo motorizado,Alta frecuencia,Beca,SIN_CARGAS,No,Diurno,Arrendada,Zona urbana,Si,Si,0,No,No,No,Con poca frecuencia,Heterosexual,Comuna Sur Occidental,Media,Superior,No,No,No étnico,ALTO,COMPLETOS,POCOS_1_2,PARCIAL_1_20,HOGAR_SIN_NINOS,COGNITIVA,NINGUNO,NORMAL,3–3.99,3–3.99,3–3.99,3–3.99
1,0,F,9,Servicio público,Baja frecuencia,Otro / No aplica,SIN_CARGAS,Si,Diurno,Arrendada,Zona urbana,Si,No,0,Si,No,No,Con poca frecuencia,Heterosexual,Comuna Sur Occidental,Media,Media,No,No,No étnico,BAJO,COMPLETOS,VARIOS_3_MAS,NO_TRABAJA,HOGAR_SIN_NINOS,COGNITIVA,NINGUNO,NORMAL,3–3.99,3–3.99,4–5,4–5
1,0,F,9,A pie,Baja frecuencia,Recursos propios,SIN_CARGAS,Si,Mixto,Arrendada,Zona urbana,No,No,0,No,No,No,Con poca frecuencia,No responde,Comuna Centro,Superior,Superior,No,No,No étnico,ALTO,BASICOS,NINGUNO,NO_TRABAJA,HOGAR_SIN_NINOS,COGNITIVA,NINGUNO,NORMAL,3–3.99,4–5,4–5,4–5
1,0,M,9,A pie,Baja frecuencia,Recursos propios,SIN_CARGAS,Si,Mixto,Propia pagandose,Zona urbana,Si,Si,0,No,Sí,No,Frecuentemente,Heterosexual,Comuna Norte,Superior,Superior,No,No,No étnico,ALTO,COMPLETOS,POCOS_1_2,NO_TRABAJA,HOGAR_SIN_NINOS,COGNITIVA,NINGUNO,BAJO_PESO,3–3.99,3–3.99,3–3.99,3–3.99
1,0,M,9,Servicio público,Baja frecuencia,Recursos propios,CON_CARGAS,Si,Diurno,Arrendada,Zona urbana,Si,No,0,No,No,No,Frecuentemente,No responde,Comuna Norte,Básica,Media,No,No,No étnico,MEDIO,SIN_RECURSOS,POCOS_1_2,PARCIAL_1_20,HOGAR_SIN_NINOS,COGNITIVA,NINGUNO,NORMAL,4–5,4–5,4–5,4–5
4,0,M,8,A pie,Otro,Beca,SIN_CARGAS,Si,Diurno,Arrendada,Zona urbana,Si,Si,0,No,No,No,Frecuentemente,Heterosexual,Comuna Occidental,Media,Media,No,No,No étnico,MEDIO,BASICOS,POCOS_1_2,NO_TRABAJA,SOLO_SIN_NINOS,COGNITIVA,NINGUNO,NORMAL,3–3.99,3–3.99,3–3.99,3–3.99
2,0,M,9,A pie,Baja frecuencia,Recursos propios,SIN_CARGAS,No,Diurno,Arrendada,Zona urbana,Si,No,0,Si,No,No,Con poca frecuencia,Heterosexual,Comuna Centro,Superior,Media,No,No,No étnico,MEDIO,COMPLETOS,NINGUNO,NO_TRABAJA,HOGAR_SIN_NINOS,MULTIPLE,NINGUNO,BAJO_PESO,3–3.99,4–5,3–3.99,4–5
10,0,M,9,Servicio público,Baja frecuencia,Recursos propios,SIN_CARGAS,No,Diurno,Arrendada,Zona rural,Si,No,0,Si,Sí,No,Con poca frecuencia,Heterosexual,Municipios Aledaños,Básica,Media,No,No,No étnico,MEDIO,COMPLETOS,POCOS_1_2,NO_TRABAJA,HOGAR_SIN_NINOS,COGNITIVA,NINGUNO,NORMAL,3–3.99,3–3.99,3–3.99,3–3.99
0,0,M,9,Servicio público,Alta frecuencia,Recursos propios,SIN_CARGAS,Si,Diurno,Arrendada,Zona urbana,Si,No,0,No,No,No,Casi nunca,No responde,Comuna Sur Occidental,Básica,Superior,No,No,No étnico,BAJO,COMPLETOS,POCOS_1_2,PARCIAL_1_20,CON_NINOS_1_2,COGNITIVA,BAJO,NORMAL,3–3.99,4–5,4–5,4–5
15,1,M,8,A pie,Baja frecuencia,Beca,SIN_CARGAS,Si,Mixto,Arrendada,Zona urbana,Si,No,0,Si,No,No,Con poca frecuencia,Heterosexual,Comuna Occidental,Media,Superior,No,No,No étnico,ALTO,COMPLETOS,POCOS_1_2,NO_TRABAJA,HOGAR_SIN_NINOS,COGNITIVA,BAJO,NORMAL,3–3.99,3–3.99,2–2.99,3–3.99
1,0,M,9,A pie,Baja frecuencia,Recursos propios,CON_CARGAS,Si,Diurno,Arrendada,Zona urbana,Si,Si,0,No,No,No,Casi nunca,No responde,Comuna Oriental,Básica,Media,Sí,No,No étnico,ALTO,SIN_RECURSOS,POCOS_1_2,NO_TRABAJA,HOGAR_SIN_NINOS,COGNITIVA,NINGUNO,NORMAL,3–3.99,3–3.99,3–3.99,4–5
1,0,M,9,A pie,Alta frecuencia,Recursos propios,CON_CARGAS,No,Diurno,Propia pagada,Zona urbana,Si,No,0,No,No,No responde,Casi nunca,Heterosexual,Comuna Centro,Superior,Superior,No,No,No étnico,BAJO,COMPLETOS,POCOS_1_2,PARCIAL_1_20,HOGAR_SIN_NINOS,COGNITIVA,NINGUNO,NORMAL,4–5,4–5,4–5,4–5
2,1,M,3,A pie,Baja frecuencia,Recursos propios,SIN_CARGAS,Si,Diurno,Arrendada,Zona urbana,Si,No,0,Si,No,No,Con poca frecuencia,Diversa,Comuna Oriental,Media,Media,No,No,No étnico,BAJO,COMPLETOS,POCOS_1_2,NO_TRABAJA,HOGAR_SIN_NINOS,COGNITIVA,ALTO,NORMAL,3–3.99,3–3.99,3–3.99,4–5
4,1,M,8,Servicio público,Baja frecuencia,Beca,SIN_CARGAS,Si,Diurno,Arrendada,Zona rural,Si,Si,0,Si,No,No,Frecuentemente,Heterosexual,Municipios Aledaños,Básica,Media,No,No,No étnico,BAJO,COMPLETOS,POCOS_1_2,NO_TRABAJA,HOGAR_SIN_NINOS,COGNITIVA,NINGUNO,NORMAL,3–3.99,3–3.99,3–3.99,3–3.99
2,0,M,9,A pie,Baja frecuencia,Recursos propios,SIN_CARGAS,Si,Diurno,Arrendada,Zona urbana,Si,Si,0,No,No,No,Frecuentemente,No responde,Comuna Centro,Media,Media,No,No,No étnico,BAJO,BASICOS,NINGUNO,NO_TRABAJA,SOLO_SIN_NINOS,COGNITIVA,NINGUNO,NORMAL,3–3.99,3–3.99,3–3.99,3–3.99
1,0,F,9,A pie,Otro,Beca,SIN_CARGAS,Si,Diurno,Arrendada,Zona urbana,Si,Si,0,No,Sí,No,Con poca frecuencia,Heterosexual,Comuna Sur Oriental,Superior,Superior,No,No,No étnico,ALTO,BASICOS,POCOS_1_2,NO_TRABAJA,CON_NINOS_1_2,COGNITIVA,NINGUNO,BAJO_PESO,4–5,4–5,4–5,4–5
1,0,F,9,Servicio público,Alta frecuencia,Recursos propios,SIN_CARGAS,No,Diurno,Propia pagandose,Zona urbana,Si,No,0,Si,Sí,No,Con poca frecuencia,Heterosexual,Comuna Norte,Superior,Superior,No,No,No étnico,BAJO,COMPLETOS,POCOS_1_2,NO_TRABAJA,CON_NINOS_1_2,COGNITIVA,NINGUNO,NORMAL,3–3.99,3–3.99,4–5,4–5
1,0,M,9,Vehículo motorizado,Baja frecuencia,Recursos propios,CON_CARGAS,No,Diurno,Propia pagada,Zona urbana,Si,No,0,Si,No,No responde,Con poca frecuencia,Heterosexual,Comuna Sur Occidental,Superior,Superior,No,No,No étnico,MEDIO,COMPLETOS,POCOS_1_2,NO_TRABAJA,HOGAR_SIN_NINOS,COGNITIVA,BAJO,NORMAL,3–3.99,3–3.99,4–5,4–5
4,1,F,9,A pie,Baja frecuencia,Recursos propios,SIN_CARGAS,Si,Mixto,Propia pagada,Zona urbana,Si,No,0,No,No,Si,Casi nunca,No responde,Comuna Sur Oriental,Superior,Media,No,No,No étnico,MEDIO,BASICOS,VARIOS_3_MAS,NO_TRABAJA,CON_NINOS_1_2,COGNITIVA,BAJO,NORMAL,3–3.99,4–5,3–3.99,4–5
2,0,M,9,Bicicleta,Baja frecuencia,Recursos propios,SIN_CARGAS,No,Diurno,Propia pagada,Zona urbana,Si,No,0,Si,No,No,Con poca frecuencia,No responde,Comuna Norte,Media,Media,No,No,No étnico,BAJO,COMPLETOS,POCOS_1_2,NO_TRABAJA,CON_NINOS_1_2,COGNITIVA,BAJO,NORMAL,3–3.99,4–5,3–3.99,3–3.99
0,0,M,9,A pie,Baja frecuencia,Otro / No aplica,CON_CARGAS,Si,Diurno,Arrendada,Zona urbana,Si,No,0,No,No,No responde,Con poca frecuencia,No responde,Comuna Norte,Básica,Media,No,No,No étnico,MEDIO,BASICOS,VARIOS_3_MAS,NO_TRABAJA,CON_NINOS_1_2,COGNITIVA,NINGUNO,SOBREPESO,3–3.99,3–3.99,4–5,3–3.99
1,0,M,9,Servicio público,Baja frecuencia,Beca,SIN_CARGAS,No,Diurno,Propia pagada,Zona urbana,Si,Si,0,No,No,No,Casi nunca,No responde,Comuna Sur Occidental,Media,Media,No,No,No étnico,BAJO,COMPLETOS,POCOS_1_2,NO_TRABAJA,CON_NINOS_1_2,COGNITIVA,NINGUNO,NORMAL,4–5,4–5,4–5,4–5
2,0,M,9,A pie,Baja frecuencia,Recursos propios,SIN_CARGAS,Si,Diurno,Arrendada,Zona urbana,No,No,0,No,No,No,Casi nunca,Heterosexual,Comuna Occidental,Media,Media,No,No,No étnico,MEDIO,COMPLETOS,VARIOS_3_MAS,ALTA_>20,SOLO_SIN_NINOS,COGNITIVA,BAJO,NORMAL,3–3.99,3–3.99,3–3.99,3–3.99
2,0,M,9,Servicio público,Alta frecuencia,Recursos propios,SIN_CARGAS,Si,Diurno,Propia pagada,Zona urbana,Si,No,0,No,No,No,Frecuentemente,Heterosexual,Comuna Occidental,Superior,Superior,No,No,No étnico,MEDIO,COMPLETOS,POCOS_1_2,NO_TRABAJA,CON_NINOS_1_2,COGNITIVA,NINGUNO,NORMAL,3–3.99,3–3.99,3–3.99,4–5
6,1,M,7,A pie,Baja frecuencia,Recursos propios,SIN_CARGAS,No,Diurno,Propia pagandose,Zona urbana,Si,Si,0,Si,No,No,Casi nunca,No responde,Comuna Norte,Básica,Media,No,No,No étnico,BAJO,COMPLETOS,VARIOS_3_MAS,PARCIAL_1_20,CON_NINOS_1_2,COGNITIVA,NINGUNO,NORMAL,3–3.99,4–5,3–3.99,3–3.99
3,0,M,9,Vehículo motorizado,Baja frecuencia,Recursos propios,SIN_CARGAS,No,Diurno,Arrendada,Zona urbana,Si,Si,0,No,No,No,Con poca frecuencia,Heterosexual,Comuna Sur Occidental,Media,Media,No,No,No étnico,MEDIO,COMPLETOS,POCOS_1_2,NO_TRABAJA,HOGAR_SIN_NINOS,COGNITIVA,NINGUNO,BAJO_PESO,3–3.99,3–3.99,3–3.99,4–5
2,0,F,9,Servicio público,Baja frecuencia,Beca,CON_CARGAS,Si,Diurno,Arrendada,Zona rural,Si,No,0,Si,No,No responde,Con poca frecuencia,No responde,Comuna Sur Occidental,Básica,Media,No,No,No étnico,MEDIO,BASICOS,POCOS_1_2,NO_TRABAJA,HOGAR_SIN_NINOS,COGNITIVA,BAJO,NORMAL,3–3.99,4–5,3–3.99,3–3.99
2,0,M,9,Servicio público,Baja frecuencia,Recursos propios,SIN_CARGAS,Si,Diurno,Arrendada,Zona urbana,Si,No,0,No,No,No responde,Con poca frecuencia,No responde,Comuna Centro,Superior,Básica,No,No,No reportado,BAJO,BASICOS,POCOS_1_2,NO_TRABAJA,CON_NINOS_1_2,MULTIPLE,NINGUNO,BAJO_PESO,4–5,4–5,3–3.99,4–5
7,0,M,9,Servicio público,Baja frecuencia,Recursos propios,SIN_CARGAS,Si,Diurno,Arrendada,Zona rural,Si,Si,1,No,No,No,Con poca frecuencia,Heterosexual,Comuna Norte,Media,Media,No,Sí,Étnico,ALTO,BASICOS,POCOS_1_2,PARCIAL_1_20,HOGAR_SIN_NINOS,COGNITIVA,NINGUNO,OBESIDAD,3–3.99,3–3.99,3–3.99,3–3.99
2,1,M,8,Vehículo motorizado,Baja frecuencia,Recursos propios,SIN_CARGAS,Si,Mixto,Arrendada,Zona rural,Si,Si,0,No,No,No,Con poca frecuencia,No responde,Municipios Aledaños,Básica,Media,No,No,No étnico,MEDIO,COMPLETOS,POCOS_1_2,NO_TRABAJA,HOGAR_SIN_NINOS,COGNITIVA,NINGUNO,NORMAL,3–3.99,3–3.99,3–3.99,3–3.99
1,0,M,9,A pie,Baja frecuencia,Beca,SIN_CARGAS,No,Diurno,Arrendada,Zona urbana,Si,No,0,No,No,No,Con poca frecuencia,Heterosexual,Comuna Oriental,Media,Media,No,No,No étnico,BAJO,COMPLETOS,POCOS_1_2,NO_TRABAJA,CON_NINOS_1_2,MULTIPLE,ALTO,NORMAL,3–3.99,4–5,3–3.99,3–3.99
3,0,M,9,A pie,Alta frecuencia,Beca,SIN_CARGAS,Si,Mixto,Arrendada,Zona urbana,No,Si,0,Si,No,No responde,Con poca frecuencia,Heterosexual,Comuna Oriental,Media,Media,No,No,No reportado,ALTO,BASICOS,VARIOS_3_MAS,NO_TRABAJA,CON_NINOS_1_2,MULTIPLE,NINGUNO,NORMAL,3–3.99,3–3.99,3–3.99,4–5
1,0,M,9,A pie,Alta frecuencia,Beca,SIN_CARGAS,Si,Diurno,Arrendada,Zona urbana,Si,Si,0,No,No,No,Con poca frecuencia,Heterosexual,Comuna Sur Occidental,Básica,Básica,No,No,No étnico,MEDIO,COMPLETOS,POCOS_1_2,NO_TRABAJA,HOGAR_SIN_NINOS,COGNITIVA,BAJO,NORMAL,4–5,4–5,4–5,4–5
1,0,M,9,A pie,Baja frecuencia,Beca,CON_CARGAS,Si,Mixto,Arrendada,Zona urbana,Si,Si,0,Si,No,No,Casi nunca,Heterosexual,Comuna Centro,Media,Media,No,No,No étnico,ALTO,BASICOS,POCOS_1_2,NO_TRABAJA,HOGAR_SIN_NINOS,COGNITIVA,BAJO,NORMAL,3–3.99,3–3.99,3–3.99,4–5
1,0,F,9,A pie,Baja frecuencia,Beca,SIN_CARGAS,No,Diurno,Arrendada,Zona urbana,Si,Si,0,No,No,Si,Con poca frecuencia,Heterosexual,Comuna Oriental,Media,Media,No,No,No étnico,BAJO,BASICOS,VARIOS_3_MAS,ALTA_>20,SOLO_SIN_NINOS,COGNITIVA,NINGUNO,NORMAL,4–5,4–5,4–5,4–5
11,1,M,7,A pie,Baja frecuencia,Recursos propios,SIN_CARGAS,No,Diurno,Propia pagandose,Zona urbana,Si,No,0,Si,No,No,Casi nunca,No responde,Comuna Sur Occidental,Superior,Superior,Sí,No,No étnico,MEDIO,COMPLETOS,POCOS_1_2,NO_TRABAJA,HOGAR_SIN_NINOS,COGNITIVA,NINGUNO,NORMAL,2–2.99,2–2.99,3–3.99,3–3.99
1,0,M,9,Servicio público,Baja frecuencia,Recursos propios,SIN_CARGAS,Si,Diurno,Propia pagada,Zona rural,Si,Si,0,No,No,No,Casi nunca,Heterosexual,Municipios Aledaños,Media,Media,No,No,No étnico,BAJO,BASICOS,VARIOS_3_MAS,NO_TRABAJA,HOGAR_SIN_NINOS,COGNITIVA,NINGUNO,BAJO_PESO,4–5,4–5,4–5,4–5
2,0,F,9,A pie,Baja frecuencia,Beca,SIN_CARGAS,Si,Diurno,Propia pagandose,Zona urbana,Si,No,0,No,No,Si,Frecuentemente,Heterosexual,Comuna Centro,Básica,Básica,No,No,No étnico,MEDIO,COMPLETOS,POCOS_1_2,NO_TRABAJA,CON_NINOS_1_2,MULTIPLE,NINGUNO,SOBREPESO,3–3.99,4–5,3–3.99,4–5
1,1,F,1,A pie,Alta frecuencia,Beca,SIN_CARGAS,Si,Diurno,Arrendada,Zona urbana,Si,No,0,No,No,No,Con poca frecuencia,Heterosexual,Comuna Sur Occidental,Media,Media,No,No,No étnico,BAJO,COMPLETOS,VARIOS_3_MAS,NO_TRABAJA,CON_NINOS_1_2,COGNITIVA,BAJO,NORMAL,3–3.99,2–2.99,Sin nota,3–3.99
1,0,M,9,Servicio público,Baja frecuencia,Recursos propios,SIN_CARGAS,Si,Mixto,Propia pagandose,Zona urbana,Si,Si,0,No,No,No,Con poca frecuencia,Heterosexual,Sin agrupar,Media,Media,No,No,No étnico,ALTO,COMPLETOS,POCOS_1_2,NO_TRABAJA,HOGAR_SIN_NINOS,COGNITIVA,BAJO,NORMAL,3–3.99,4–5,4–5,4–5
4,0,M,9,Servicio público,Otro,Otro / No aplica,SIN_CARGAS,Si,Mixto,Arrendada,Zona urbana,Si,No,0,No,No,No,Frecuentemente,No responde,Comuna Sur Occidental,Media,Superior,No,No,No étnico,ALTO,COMPLETOS,POCOS_1_2,PARCIAL_1_20,HOGAR_SIN_NINOS,COGNITIVA,NINGUNO,SOBREPESO,3–3.99,3–3.99,3–3.99,3–3.99
0,1,F,5,Servicio público,Otro,Beca,SIN_CARGAS,No,Diurno,Propia pagandose,Zona urbana,Si,Si,0,No,No,No,Frecuentemente,No responde,Comuna Norte,Media,Media,No,No,No étnico,MEDIO,COMPLETOS,POCOS_1_2,NO_TRABAJA,HOGAR_SIN_NINOS,COGNITIVA,NINGUNO,NORMAL,4–5,4–5,4–5,4–5
1,0,M,9,A pie,Alta frecuencia,Recursos propios,SIN_CARGAS,Si,Mixto,Propia pagandose,Zona urbana,Si,No,0,No,No,No,Con poca frecuencia,Heterosexual,Comuna Sur Occidental,Media,Media,No,No,No étnico,ALTO,COMPLETOS,POCOS_1_2,NO_TRABAJA,CON_NINOS_1_2,COGNITIVA,NINGUNO,BAJO_PESO,3–3.99,4–5,4–5,4–5
6,1,M,9,Servicio público,Baja frecuencia,Recursos propios,SIN_CARGAS,Si,Diurno,Arrendada,Zona urbana,Si,No,0,No,No,No,Casi nunca,No responde,Comuna Centro,Media,Superior,No,No,No étnico,MEDIO,COMPLETOS,POCOS_1_2,NO_TRABAJA,HOGAR_SIN_NINOS,COGNITIVA,MODERADO,NORMAL,3–3.99,3–3.99,3–3.99,3–3.99
2,0,F,9,A pie,Baja frecuencia,Recursos propios,SIN_CARGAS,Si,Mixto,Arrendada,Zona rural,Si,Si,0,Si,No,No,Con poca frecuencia,Heterosexual,Comuna Norte,Media,Básica,No,No,No étnico,MEDIO,BASICOS,POCOS_1_2,NO_TRABAJA,CON_NINOS_1_2,COGNITIVA,BAJO,NORMAL,3–3.99,3–3.99,3–3.99,4–5
2,1,M,9,Servicio público,Baja frecuencia,Beca,SIN_CARGAS,Si,Diurno,Propia pagada,Zona rural,Si,Si,0,No,No,No,Con poca frecuencia,No responde,Municipios Aledaños,Media,Básica,No,No,No étnico,BAJO,COMPLETOS,POCOS_1_2,NO_TRABAJA,CON_NINOS_1_2,COGNITIVA,BAJO,NORMAL,3–3.99,3–3.99,3–3.99,3–3.99
1,0,M,9,A pie,Baja frecuencia,Recursos propios,SIN_CARGAS,No,Mixto,Arrendada,Zona urbana,Si,Si,0,Si,No,No responde,Con poca frecuencia,No responde,Comuna Oriental,Básica,Básica,No,No,No étnico,ALTO,COMPLETOS,POCOS_1_2,NO_TRABAJA,CON_NINOS_1_2,COGNITIVA,NINGUNO,NORMAL,3–3.99,3–3.99,3–3.99,3–3.99
1,0,F,9,Servicio público,Baja frecuencia,Beca,SIN_CARGAS,Si,Mixto,Arrendada,Zona rural,Si,Si,0,No,No,No,Con poca frecuencia,No responde,Municipios Aledaños,Básica,Básica,No,No,No étnico,ALTO,BASICOS,POCOS_1_2,NO_TRABAJA,HOGAR_SIN_NINOS,COGNITIVA,NINGUNO,SOBREPESO,3–3.99,3–3.99,3–3.99,3–3.99
1,0,F,9,Servicio público,Baja frecuencia,Beca,SIN_CARGAS,Si,Diurno,Arrendada,Zona urbana,Si,Si,0,No,No,No responde,Frecuentemente,Heterosexual,Bogota,Media,Media,No,No,No étnico,MEDIO,BASICOS,POCOS_1_2,ALTA_>20,CON_NINOS_1_2,COGNITIVA,NINGUNO,NORMAL,3–3.99,4–5,4–5,4–5
2,0,M,9,A pie,Baja frecuencia,Recursos propios,SIN_CARGAS,No,Diurno,Arrendada,Zona urbana,No,Si,0,No,No,No,Con poca frecuencia,Heterosexual,Comuna Oriental,Básica,Básica,No,No,No étnico,MEDIO,BASICOS,POCOS_1_2,NO_TRABAJA,HOGAR_SIN_NINOS,COGNITIVA,BAJO,NORMAL,3–3.99,3–3.99,3–3.99,4–5
3,0,F,8,A pie,Baja frecuencia,Recursos propios,SIN_CARGAS,Si,Diurno,Arrendada,Zona urbana,Si,Si,0,No,No,No,Frecuentemente,Heterosexual,Comuna Occidental,Media,Superior,No,No,No étnico,MEDIO,COMPLETOS,POCOS_1_2,NO_TRABAJA,HOGAR_SIN_NINOS,COGNITIVA,NINGUNO,NORMAL,3–3.99,3–3.99,3–3.99,4–5
4,1,M,9,A pie,Alta frecuencia,Beca,SIN_CARGAS,No,Diurno,Arrendada,Zona urbana,Si,Si,0,No,No,No,Frecuentemente,Heterosexual,Comuna Oriental,Básica,Media,No,No,No étnico,ALTO,BASICOS,POCOS_1_2,NO_TRABAJA,HOGAR_SIN_NINOS,COGNITIVA,BAJO,NORMAL,3–3.99,3–3.99,3–3.99,3–3.99
2,0,M,9,A pie,Baja frecuencia,Beca,CON_CARGAS,Si,Diurno,Arrendada,Zona urbana,Si,Si,2,Si,No,No,Con poca frecuencia,Heterosexual,Comuna Sur Occidental,Superior,Superior,No,No,No étnico,BAJO,COMPLETOS,VARIOS_3_MAS,NO_TRABAJA,CON_NINOS_1_2,COGNITIVA,NINGUNO,SOBREPESO,4–5,3–3.99,3–3.99,4–5
2,0,M,9,Vehículo motorizado,Alta frecuencia,Beca,SIN_CARGAS,Si,Diurno,Propia pagada,Zona urbana,Si,Si,0,Si,No,No,Casi nunca,Heterosexual,Comuna Centro,Básica,Básica,No,No,No étnico,ALTO,BASICOS,VARIOS_3_MAS,NO_TRABAJA,SOLO_SIN_NINOS,COGNITIVA,NINGUNO,NORMAL,3–3.99,4–5,3–3.99,3–3.99
2,0,F,9,Servicio público,Baja frecuencia,Beca,SIN_CARGAS,No,Diurno,Arrendada,Zona rural,Si,Si,0,Si,No,Si,Frecuentemente,Heterosexual,Comuna Sur Occidental,Básica,Media,No,No,No étnico,BAJO,BASICOS,POCOS_1_2,NO_TRABAJA,CON_NINOS_1_2,COGNITIVA,NINGUNO,SOBREPESO,4–5,3–3.99,4–5,4–5
2,0,M,9,Servicio público,Alta frecuencia,Beca,SIN_CARGAS,No,Diurno,Propia pagada,Zona urbana,Si,Si,0,No,No,No,Con poca frecuencia,Heterosexual,Comuna Centro,Media,Media,No,No,No étnico,ALTO,COMPLETOS,VARIOS_3_MAS,NO_TRABAJA,HOGAR_SIN_NINOS,COGNITIVA,BAJO,NORMAL,3–3.99,4–5,3–3.99,4–5
1,0,F,9,Servicio público,Baja frecuencia,Otro / No aplica,SIN_CARGAS,No,Diurno,Propia pagandose,Zona urbana,Si,No,0,No,No,No,Frecuentemente,Heterosexual,Municipios Aledaños,Superior,Superior,No,Sí,Étnico,MEDIO,COMPLETOS,POCOS_1_2,NO_TRABAJA,CON_NINOS_1_2,COGNITIVA,NINGUNO,NORMAL,3–3.99,3–3.99,3–3.99,3–3.99
2,0,M,9,Servicio público,Baja frecuencia,Crédito,SIN_CARGAS,Si,Diurno,Arrendada,Zona urbana,Si,Si,0,Si,No,No,Casi nunca,Heterosexual,Comuna Norte,Básica,Media,No,No,No étnico,BAJO,COMPLETOS,POCOS_1_2,NO_TRABAJA,CON_NINOS_1_2,COGNITIVA,NINGUNO,NORMAL,3–3.99,4–5,3–3.99,4–5
2,0,M,9,A pie,Baja frecuencia,Recursos propios,CON_CARGAS,Si,Diurno,Arrendada,Zona urbana,Si,No,0,Si,No,No,Nunca,Heterosexual,Comuna Sur Occidental,Media,Media,No,No,No étnico,ALTO,BASICOS,VARIOS_3_MAS,PARCIAL_1_20,CON_NINOS_1_2,COGNITIVA,NINGUNO,NORMAL,4–5,4–5,4–5,4–5
1,0,M,9,A pie,Baja frecuencia,Recursos propios,SIN_CARGAS,Si,Diurno,Arrendada,Zona urbana,Si,No,0,No,No,No,Con poca frecuencia,Heterosexual,Comuna Occidental,Media,Superior,No,No,No étnico,ALTO,COMPLETOS,POCOS_1_2,NO_TRABAJA,HOGAR_SIN_NINOS,COGNITIVA,ALTO,NORMAL,3–3.99,4–5,3–3.99,4–5
3,0,M,9,A pie,Baja frecuencia,Recursos propios,CON_CARGAS,Si,Diurno,Arrendada,Zona urbana,Si,Si,0,Si,No,No,Con poca frecuencia,Heterosexual,Comuna Sur Oriental,Media,Básica,No,No,No étnico,ALTO,COMPLETOS,VARIOS_3_MAS,NO_TRABAJA,HOGAR_SIN_NINOS,COGNITIVA,NINGUNO,OBESIDAD,3–3.99,3–3.99,3–3.99,4–5
1,0,M,9,A pie,Alta frecuencia,Recursos propios,SIN_CARGAS,Si,Mixto,Arrendada,Zona urbana,Si,Si,0,No,No,No,Con poca frecuencia,Heterosexual,Comuna Centro,Media,Básica,No,No,No étnico,MEDIO,COMPLETOS,POCOS_1_2,NO_TRABAJA,HOGAR_SIN_NINOS,COGNITIVA,BAJO,OBESIDAD,3–3.99,4–5,3–3.99,4–5
4,1,M,4,Servicio público,Baja frecuencia,Beca,CON_CARGAS,Si,Diurno,Arrendada,Zona urbana,Si,Si,0,No,No,No,Con poca frecuencia,No responde,Bogota,Básica,Básica,No,No,No étnico,MEDIO,COMPLETOS,NINGUNO,NO_TRABAJA,SOLO_SIN_NINOS,COGNITIVA,NINGUNO,NORMAL,2–2.99,3–3.99,3–3.99,0–0.99
1,1,F,9,Servicio público,Otro,Recursos propios,SIN_CARGAS,No,Diurno,Arrendada,Zona rural,Si,Si,0,No,No,No,Con poca frecuencia,No responde,Municipios Aledaños,Media,Superior,No,No,No étnico,MEDIO,COMPLETOS,POCOS_1_2,NO_TRABAJA,CON_NINOS_1_2,COGNITIVA,NINGUNO,NORMAL,3–3.99,3–3.99,3–3.99,3–3.99
1,0,M,9,Servicio público,Baja frecuencia,Beca,SIN_CARGAS,Si,Diurno,Propia pagada,Zona urbana,Si,Si,0,Si,No,No,Frecuentemente,Heterosexual,Municipios Aledaños,Superior,Media,No,No,No étnico,MEDIO,BASICOS,VARIOS_3_MAS,NO_TRABAJA,HOGAR_SIN_NINOS,COGNITIVA,NINGUNO,SOBREPESO,3–3.99,3–3.99,4–5,4–5
2,0,M,9,Servicio público,Alta frecuencia,Recursos propios,SIN_CARGAS,No,Diurno,Arrendada,Zona urbana,Si,Si,0,No,No,No,Casi nunca,Heterosexual,Municipios Aledaños,Media,Media,No,No,No étnico,BAJO,COMPLETOS,VARIOS_3_MAS,NO_TRABAJA,HOGAR_SIN_NINOS,COGNITIVA,NINGUNO,NORMAL,3–3.99,3–3.99,3–3.99,3–3.99
2,0,M,9,A pie,Baja frecuencia,Recursos propios,CON_CARGAS,No,Diurno,Arrendada,Zona urbana,No,Si,0,Si,No,No,Casi nunca,Heterosexual,Comuna Sur Oriental,Media,Media,No,No,No étnico,BAJO,BASICOS,POCOS_1_2,NO_TRABAJA,HOGAR_SIN_NINOS,COGNITIVA,NINGUNO,NORMAL,4–5,4–5,3–3.99,4–5
1,0,F,9,Servicio público,Otro,Recursos propios,SIN_CARGAS,No,Diurno,Arrendada,Zona urbana,Si,Si,0,Si,No,No,Frecuentemente,Heterosexual,Municipios Aledaños,Media,Superior,No,No,No étnico,BAJO,COMPLETOS,NINGUNO,NO_TRABAJA,HOGAR_SIN_NINOS,COGNITIVA,NINGUNO,NORMAL,4–5,4–5,4–5,4–5
9,0,F,9,Servicio público,Baja frecuencia,Beca,SIN_CARGAS,Si,Diurno,Arrendada,Zona rural,Si,Si,0,Si,No,No,Frecuentemente,Heterosexual,Municipios Aledaños,Básica,Media,Sí,No,No étnico,ALTO,BASICOS,POCOS_1_2,NO_TRABAJA,HOGAR_SIN_NINOS,COGNITIVA,BAJO,NORMAL,3–3.99,3–3.99,3–3.99,3–3.99
2,0,M,9,A pie,Baja frecuencia,Beca,SIN_CARGAS,No,Diurno,Propia pagada,Zona urbana,Si,Si,0,Si,No,No,Con poca frecuencia,No responde,Comuna Occidental,Media,Básica,No,No,No étnico,BAJO,COMPLETOS,POCOS_1_2,NO_TRABAJA,CON_NINOS_1_2,COGNITIVA,BAJO,NORMAL,4–5,4–5,3–3.99,4–5
1,0,M,9,A pie,Baja frecuencia,Beca,SIN_CARGAS,No,Diurno,Arrendada,Zona urbana,Si,Si,0,No,No,No,Frecuentemente,Heterosexual,Comuna Occidental,Básica,Media,Sí,No,No étnico,ALTO,COMPLETOS,VARIOS_3_MAS,NO_TRABAJA,SOLO_SIN_NINOS,COGNITIVA,BAJO,NORMAL,4–5,4–5,4–5,4–5
1,0,M,9,Servicio público,Alta frecuencia,Beca,SIN_CARGAS,No,Diurno,Arrendada,Zona rural,Si,Si,0,Si,No,No,Con poca frecuencia,Heterosexual,Municipios Aledaños,Básica,Básica,Sí,No,No étnico,MEDIO,BASICOS,VARIOS_3_MAS,NO_TRABAJA,HOGAR_SIN_NINOS,COGNITIVA,NINGUNO,SOBREPESO,4–5,4–5,4–5,4–5
1,1,F,1,Servicio público,Baja frecuencia,Beca,SIN_CARGAS,No,Mixto,Propia pagada,Zona rural,Si,Si,0,Si,No,No,Frecuentemente,Heterosexual,Municipios Aledaños,Media,Media,Sí,No,No étnico,BAJO,BASICOS,POCOS_1_2,NO_TRABAJA,HOGAR_SIN_NINOS,COGNITIVA,BAJO,SOBREPESO,3–3.99,3–3.99,Sin nota,3–3.99
1,0,F,9,A pie,Alta frecuencia,Beca,SIN_CARGAS,Si,Diurno,Arrendada,Zona rural,Si,Si,0,Si,No,No,Frecuentemente,Heterosexual,Comuna Occidental,Básica,Básica,No,Sí,Étnico,MEDIO,BASICOS,NINGUNO,NO_TRABAJA,HOGAR_SIN_NINOS,COGNITIVA,NINGUNO,BAJO_PESO,4–5,4–5,4–5,4–5
5,1,M,6,A pie,Baja frecuencia,Recursos propios,SIN_CARGAS,Si,Diurno,Propia pagandose,Zona urbana,Si,No,0,No,No,No,Casi nunca,Heterosexual,Comuna Occidental,Básica,Media,No,No,No étnico,BAJO,BASICOS,POCOS_1_2,NO_TRABAJA,HOGAR_SIN_NINOS,COGNITIVA,NINGUNO,NORMAL,3–3.99,3–3.99,3–3.99,3–3.99
1,0,M,9,Servicio público,Baja frecuencia,Recursos propios,SIN_CARGAS,No,Diurno,Propia pagada,Zona urbana,Si,No,0,Si,No,No,Frecuentemente,Heterosexual,Comuna Sur Occidental,Superior,Superior,No,No,No étnico,BAJO,COMPLETOS,POCOS_1_2,NO_TRABAJA,HOGAR_SIN_NINOS,COGNITIVA,BAJO,BAJO_PESO,4–5,3–3.99,4–5,4–5
3,0,F,5,A pie,Baja frecuencia,Beca,SIN_CARGAS,No,Diurno,Arrendada,Zona urbana,No,Si,0,No,No,No,Con poca frecuencia,Heterosexual,Comuna Oriental,Media,Superior,No,No,No étnico,ALTO,BASICOS,POCOS_1_2,NO_TRABAJA,SOLO_SIN_NINOS,MULTIPLE,BAJO,NORMAL,3–3.99,4–5,3–3.99,4–5
2,0,M,9,A pie,Baja frecuencia,Recursos propios,SIN_CARGAS,Si,Diurno,Arrendada,Zona rural,No,Si,0,No,No,No,Con poca frecuencia,Heterosexual,Comuna Occidental,Media,Superior,No,No,No étnico,MEDIO,BASICOS,VARIOS_3_MAS,ALTA_>20,CON_NINOS_1_2,COGNITIVA,BAJO,SOBREPESO,3–3.99,3–3.99,3–3.99,4–5
1,0,F,9,Servicio público,Baja frecuencia,Recursos propios,SIN_CARGAS,Si,Diurno,Propia pagada,Zona urbana,Si,Si,0,No,No,No,Frecuentemente,No responde,Comuna Sur Oriental,Superior,Superior,No,No,No étnico,ALTO,BASICOS,VARIOS_3_MAS,PARCIAL_1_20,SOLO_SIN_NINOS,COGNITIVA,NINGUNO,NORMAL,3–3.99,4–5,4–5,4–5
1,0,F,9,Bicicleta,Baja frecuencia,Recursos propios,SIN_CARGAS,Si,Diurno,Arrendada,Zona urbana,Si,Si,0,No,No,Si,Con poca frecuencia,Heterosexual,Comuna Centro,Media,Superior,Sí,No,No étnico,MEDIO,COMPLETOS,POCOS_1_2,NO_TRABAJA,CON_NINOS_1_2,COGNITIVA,BAJO,NORMAL,3–3.99,4–5,4–5,4–5
3,0,M,9,Servicio público,Baja frecuencia,Recursos propios,CON_CARGAS,Si,Diurno,Propia pagada,Zona rural,Si,Si,0,Si,No,No,Casi nunca,Heterosexual,Municipios Aledaños,Superior,Superior,Sí,No,No étnico,BAJO,COMPLETOS,POCOS_1_2,NO_TRABAJA,CON_NINOS_1_2,COGNITIVA,NINGUNO,BAJO_PESO,3–3.99,3–3.99,3–3.99,4–5
6,0,M,9,Vehículo motorizado,Alta frecuencia,Beca,SIN_CARGAS,Si,Mixto,Arrendada,Zona urbana,Si,Si,0,No,No,No,Con poca frecuencia,Heterosexual,Comuna Oriental,Media,Básica,No,No,No étnico,ALTO,COMPLETOS,POCOS_1_2,NO_TRABAJA,CON_NINOS_1_2,COGNITIVA,NINGUNO,NORMAL,3–3.99,3–3.99,3–3.99,3–3.99
2,0,M,9,Servicio público,Alta frecuencia,Recursos propios,SIN_CARGAS,Si,Mixto,Propia pagada,Zona urbana,Si,Si,0,No,No,No responde,Casi nunca,Heterosexual,Municipios Aledaños,Media,Básica,No,No,No étnico,ALTO,COMPLETOS,POCOS_1_2,NO_TRABAJA,HOGAR_SIN_NINOS,COGNITIVA,NINGUNO,NORMAL,3–3.99,3–3.99,3–3.99,4–5
1,0,M,9,A pie,Baja frecuencia,Beca,SIN_CARGAS,No,Diurno,Propia pagandose,Zona urbana,Si,No,0,No,No,No responde,Frecuentemente,Heterosexual,Comuna Sur Occidental,Media,Básica,No,No,No reportado,BAJO,COMPLETOS,POCOS_1_2,NO_TRABAJA,HOGAR_SIN_NINOS,MULTIPLE,NINGUNO,NORMAL,3–3.99,3–3.99,4–5,4–5
2,0,M,9,Servicio público,Baja frecuencia,Beca,SIN_CARGAS,No,Diurno,Arrendada,Zona urbana,Si,Si,0,Si,No,No,Frecuentemente,Heterosexual,Comuna Oriental,Superior,Superior,No,No,No étnico,MEDIO,COMPLETOS,VARIOS_3_MAS,NO_TRABAJA,HOGAR_SIN_NINOS,COGNITIVA,NINGUNO,SOBREPESO,3–3.99,3–3.99,3–3.99,3–3.99
1,0,M,9,Servicio público,Baja frecuencia,Recursos propios,SIN_CARGAS,Si,Diurno,Arrendada,Zona urbana,Si,Si,0,No,No,No,Frecuentemente,No responde,Comuna Occidental,Media,Básica,No,No,No étnico,ALTO,COMPLETOS,POCOS_1_2,NO_TRABAJA,SOLO_SIN_NINOS,COGNITIVA,NINGUNO,NORMAL,3–3.99,4–5,4–5,4–5
1,0,M,4,A pie,Baja frecuencia,Beca,CON_CARGAS,No,Diurno,Arrendada,Zona urbana,Si,Si,0,No,No,No,Con poca frecuencia,Heterosexual,Comuna Occidental,Superior,Superior,Sí,No,No étnico,BAJO,COMPLETOS,POCOS_1_2,NO_TRABAJA,HOGAR_SIN_NINOS,COGNITIVA,NINGUNO,NORMAL,3–3.99,3–3.99,3–3.99,3–3.99
2,0,M,9,Servicio público,Baja frecuencia,Beca,SIN_CARGAS,Si,Diurno,Propia pagandose,Zona urbana,Si,Si,0,Si,No,No,Con poca frecuencia,Heterosexual,Municipios Aledaños,Media,Media,No,No,No étnico,MEDIO,COMPLETOS,NINGUNO,NO_TRABAJA,HOGAR_SIN_NINOS,COGNITIVA,NINGUNO,NORMAL,3–3.99,4–5,3–3.99,4–5
0,0,M,9,A pie,Baja frecuencia,Recursos propios,SIN_CARGAS,Si,Diurno,Arrendada,Zona urbana,Si,Si,0,No,No,No,Casi nunca,No responde,Comuna Occidental,Media,Media,No,No,No étnico,ALTO,BASICOS,POCOS_1_2,NO_TRABAJA,CON_NINOS_1_2,COGNITIVA,NINGUNO,NORMAL,3–3.99,3–3.99,3–3.99,4–5
1,0,M,8,Bicicleta,Otro,Recursos propios,SIN_CARGAS,Si,Diurno,Arrendada,Zona urbana,Si,Si,0,No,No,No,Con poca frecuencia,No responde,Comuna Norte,Media,Media,No,No,No étnico,MEDIO,BASICOS,POCOS_1_2,NO_TRABAJA,HOGAR_SIN_NINOS,COGNITIVA,NINGUNO,NORMAL,3–3.99,3–3.99,3–3.99,3–3.99
2,0,M,9,Bicicleta,Baja frecuencia,Recursos propios,SIN_CARGAS,Si,Mixto,Arrendada,Zona urbana,Si,Si,0,Si,No,No,Casi nunca,No responde,Comuna Sur Occidental,Media,Media,No,No,No étnico,BAJO,COMPLETOS,POCOS_1_2,PARCIAL_1_20,HOGAR_SIN_NINOS,MULTIPLE,NINGUNO,NORMAL,4–5,4–5,4–5,4–5
9,1,M,6,A pie,Baja frecuencia,Otro / No aplica,SIN_CARGAS,No,Diurno,Propia pagada,Zona urbana,Si,No,0,Si,No,No responde,Frecuentemente,No responde,Comuna Sur Occidental,Superior,Media,No,No,No étnico,MEDIO,COMPLETOS,VARIOS_3_MAS,NO_TRABAJA,HOGAR_SIN_NINOS,COGNITIVA,NINGUNO,NORMAL,2–2.99,2–2.99,3–3.99,3–3.99
4,1,F,8,Servicio público,Baja frecuencia,Recursos propios,SIN_CARGAS,No,Diurno,Arrendada,Zona rural,Si,Si,0,No,No,No,Frecuentemente,Heterosexual,Municipios Aledaños,Básica,Básica,No,No,No étnico,ALTO,COMPLETOS,VARIOS_3_MAS,PARCIAL_1_20,CON_NINOS_3_MAS,COGNITIVA,NINGUNO,SOBREPESO,3–3.99,3–3.99,3–3.99,3–3.99
1,0,M,9,A pie,Baja frecuencia,Recursos propios,SIN_CARGAS,No,Diurno,Arrendada,Zona urbana,Si,No,0,Si,No,No,Casi nunca,Heterosexual,Municipios Aledaños,Media,Media,No,No,No étnico,MEDIO,COMPLETOS,VARIOS_3_MAS,NO_TRABAJA,HOGAR_SIN_NINOS,COGNITIVA,BAJO,NORMAL,3–3.99,3–3.99,3–3.99,3–3.99
3,0,M,9,A pie,Baja frecuencia,Recursos propios,SIN_CARGAS,Si,Mixto,Propia pagada,Zona urbana,No,No,0,No,No,No,Casi nunca,Heterosexual,Comuna Oriental,Superior,Superior,No,No,No étnico,MEDIO,COMPLETOS,POCOS_1_2,NO_TRABAJA,HOGAR_SIN_NINOS,COGNITIVA,NINGUNO,NORMAL,3–3.99,3–3.99,3–3.99,3–3.99
1,0,M,9,Vehículo motorizado,Baja frecuencia,Recursos propios,SIN_CARGAS,No,Diurno,Propia pagada,Zona urbana,Si,Si,0,Si,No,No,Con poca frecuencia,No responde,Comuna Norte,Básica,Media,No,No,No étnico,MEDIO,COMPLETOS,POCOS_1_2,NO_TRABAJA,HOGAR_SIN_NINOS,COGNITIVA,NINGUNO,NORMAL,4–5,4–5,3–3.99,4–5
2,0,M,9,Servicio público,Alta frecuencia,Recursos propios,SIN_CARGAS,Si,Mixto,Propia pagada,Zona urbana,Si,No,0,Si,No,No,Con poca frecuencia,Heterosexual,Comuna Sur Occidental,Básica,Media,No,No,No étnico,ALTO,COMPLETOS,POCOS_1_2,NO_TRABAJA,SOLO_SIN_NINOS,COGNITIVA,NINGUNO,BAJO_PESO,3–3.99,3–3.99,4–5,4–5
3,0,F,9,Servicio público,Baja frecuencia,Recursos propios,SIN_CARGAS,Si,Diurno,Propia pagada,Zona urbana,Si,No,0,Si,No,Si,Casi nunca,No responde,Comuna Sur Oriental,Media,Media,No,No,No étnico,ALTO,COMPLETOS,POCOS_1_2,NO_TRABAJA,HOGAR_SIN_NINOS,COGNITIVA,BAJO,NORMAL,3–3.99,3–3.99,3–3.99,4–5
2,0,F,9,A pie,Baja frecuencia,Recursos propios,SIN_CARGAS,Si,Diurno,Arrendada,Zona urbana,Si,Si,0,No,No,No,Casi nunca,No responde,Municipios Aledaños,Media,Media,No,No,No étnico,BAJO,BASICOS,POCOS_1_2,NO_TRABAJA,CON_NINOS_1_2,COGNITIVA,BAJO,NORMAL,4–5,4–5,3–3.99,4–5
1,0,M,9,Bicicleta,Baja frecuencia,Recursos propios,CON_CARGAS,Si,Diurno,Propia pagada,Zona urbana,Si,No,0,No,No,No,Con poca frecuencia,No responde,Comuna Occidental,Media,Media,No,No,No étnico,ALTO,COMPLETOS,POCOS_1_2,NO_TRABAJA,HOGAR_SIN_NINOS,COGNITIVA,BAJO,BAJO_PESO,3–3.99,3–3.99,3–3.99,4–5
2,1,F,5,Servicio público,Otro,Recursos propios,SIN_CARGAS,No,Diurno,Propia pagandose,Zona urbana,Si,No,0,Si,No,No,Con poca frecuencia,No responde,Comuna Sur Occidental,Superior,Superior,No,No,No étnico,ALTO,COMPLETOS,VARIOS_3_MAS,NO_TRABAJA,HOGAR_SIN_NINOS,COGNITIVA,NINGUNO,NORMAL,3–3.99,3–3.99,3–3.99,3–3.99
5,0,M,9,A pie,Baja frecuencia,Crédito,SIN_CARGAS,Si,Diurno,Arrendada,Zona urbana,Si,Si,0,Si,No,No,Con poca frecuencia,Diversa,Comuna Oriental,Media,Media,No,No,No étnico,BAJO,BASICOS,NINGUNO,NO_TRABAJA,HOGAR_SIN_NINOS,COGNITIVA,NINGUNO,NORMAL,3–3.99,3–3.99,3–3.99,3–3.99
1,0,F,9,A pie,Baja frecuencia,Recursos propios,SIN_CARGAS,Si,Diurno,Arrendada,Zona urbana,Si,No,0,Si,No,No responde,Casi nunca,No responde,Comuna Norte,Superior,Superior,No,No,No étnico,MEDIO,COMPLETOS,VARIOS_3_MAS,NO_TRABAJA,CON_NINOS_1_2,COGNITIVA,BAJO,NORMAL,3–3.99,4–5,4–5,4–5
0,0,M,9,Servicio público,Alta frecuencia,Beca,SIN_CARGAS,No,Diurno,Propia pagandose,Zona urbana,Si,Si,0,No,No,No,Casi nunca,Heterosexual,Comuna Norte,Básica,Media,No,No,No étnico,MEDIO,COMPLETOS,POCOS_1_2,NO_TRABAJA,CON_NINOS_1_2,COGNITIVA,NINGUNO,BAJO_PESO,3–3.99,4–5,4–5,4–5
2,0,M,9,A pie,Baja frecuencia,Recursos propios,SIN_CARGAS,Si,Diurno,Arrendada,Zona urbana,Si,Si,0,Si,No,No,Con poca frecuencia,Heterosexual,Comuna Occidental,Superior,Media,No,No,No étnico,BAJO,COMPLETOS,VARIOS_3_MAS,NO_TRABAJA,CON_NINOS_1_2,COGNITIVA,NINGUNO,NORMAL,4–5,4–5,4–5,4–5
4,1,M,2,Vehículo motorizado,Baja frecuencia,Recursos propios,SIN_CARGAS,Si,Diurno,Propia pagada,Zona urbana,Si,Si,0,Si,Sí,No,Con poca frecuencia,Heterosexual,Bogota,Superior,Media,No,No,No étnico,ALTO,COMPLETOS,NINGUNO,NO_TRABAJA,HOGAR_SIN_NINOS,SIN,ALTO,NORMAL,3–3.99,3–3.99,2–2.99,3–3.99
2,1,M,4,A pie,Baja frecuencia,Recursos propios,SIN_CARGAS,Si,Diurno,Propia pagada,Zona urbana,Si,No,0,No,No,No,Casi nunca,No responde,Comuna Sur Oriental,Básica,Media,No,No,No étnico,BAJO,COMPLETOS,POCOS_1_2,NO_TRABAJA,HOGAR_SIN_NINOS,COGNITIVA,NINGUNO,NORMAL,1–1.99,3–3.99,2–2.99,3–3.99
1,0,M,9,A pie,Baja frecuencia,Crédito,SIN_CARGAS,Si,Diurno,Propia pagada,Zona urbana,Si,No,0,Si,No,No,Con poca frecuencia,No responde,Comuna Sur Occidental,Media,Superior,No,No,No étnico,BAJO,COMPLETOS,POCOS_1_2,NO_TRABAJA,HOGAR_SIN_NINOS,COGNITIVA,NINGUNO,NORMAL,3–3.99,3–3.99,3–3.99,3–3.99
8,1,M,3,A pie,Baja frecuencia,Otro / No aplica,SIN_CARGAS,No,Diurno,Propia pagada,Zona urbana,Si,No,0,Si,No,No responde,Con poca frecuencia,No responde,Comuna Oriental,Media,Media,No,No,No reportado,ALTO,COMPLETOS,VARIOS_3_MAS,NO_TRABAJA,HOGAR_SIN_NINOS,MULTIPLE,BAJO,NORMAL,2–2.99,2–2.99,2–2.99,3–3.99
8,1,M,9,Bicicleta,Baja frecuencia,Beca,SIN_CARGAS,Si,Diurno,Arrendada,Zona urbana,No,Si,0,Si,No,No,Frecuentemente,No responde,Comuna Sur Oriental,Media,Media,Sí,No,No étnico,BAJO,BASICOS,POCOS_1_2,PARCIAL_1_20,HOGAR_SIN_NINOS,COGNITIVA,NINGUNO,NORMAL,3–3.99,3–3.99,3–3.99,3–3.99
1,0,F,9,Servicio público,Alta frecuencia,Recursos propios,SIN_CARGAS,No,Diurno,Propia pagada,Zona urbana,Si,No,0,No,No,No,Con poca frecuencia,Heterosexual,Comuna Sur Oriental,Media,Media,No,No,No étnico,BAJO,COMPLETOS,NINGUNO,NO_TRABAJA,HOGAR_SIN_NINOS,COGNITIVA,NINGUNO,NORMAL,3–3.99,4–5,3–3.99,4–5
3,0,M,9,Bicicleta,Alta frecuencia,Recursos propios,SIN_CARGAS,Si,Diurno,Propia pagada,Zona urbana,Si,No,0,No,No,No,Frecuentemente,No responde,Comuna Oriental,Media,Superior,Sí,No,No étnico,MEDIO,COMPLETOS,POCOS_1_2,NO_TRABAJA,HOGAR_SIN_NINOS,MULTIPLE,NINGUNO,NORMAL,3–3.99,3–3.99,3–3.99,4–5
0,0,M,9,Bicicleta,Alta frecuencia,Beca,SIN_CARGAS,No,Diurno,Propia pagandose,Zona urbana,Si,No,0,No,No,No,Frecuentemente,No responde,Comuna Sur Oriental,Superior,Superior,Sí,No,No étnico,MEDIO,COMPLETOS,POCOS_1_2,NO_TRABAJA,SOLO_SIN_NINOS,COGNITIVA,BAJO,NORMAL,3–3.99,4–5,4–5,4–5
1,0,F,9,Servicio público,Otro,Recursos propios,SIN_CARGAS,Si,Mixto,Arrendada,Zona urbana,Si,Si,0,No,No,No,Frecuentemente,Heterosexual,Comuna Norte,Básica,Media,No,No,No étnico,ALTO,COMPLETOS,POCOS_1_2,NO_TRABAJA,CON_NINOS_1_2,COGNITIVA,NINGUNO,SOBREPESO,3–3.99,4–5,4–5,4–5
1,0,M,9,Servicio público,Baja frecuencia,Recursos propios,SIN_CARGAS,Si,Diurno,Arrendada,Zona urbana,Si,No,0,No,No,No,Nunca,Heterosexual,Comuna Oriental,Superior,Superior,No,No,No étnico,ALTO,COMPLETOS,POCOS_1_2,NO_TRABAJA,CON_NINOS_1_2,COGNITIVA,NINGUNO,NORMAL,4–5,4–5,4–5,4–5
1,0,F,9,A pie,Baja frecuencia,Otro / No aplica,SIN_CARGAS,No,Diurno,Arrendada,Zona urbana,Si,No,0,No,No,No,Casi nunca,Heterosexual,Comuna Occidental,Superior,Media,No,No,No étnico,MEDIO,COMPLETOS,NINGUNO,NO_TRABAJA,HOGAR_SIN_NINOS,COGNITIVA,NINGUNO,NORMAL,4–5,4–5,4–5,4–5
1,0,F,9,A pie,Baja frecuencia,Beca,SIN_CARGAS,No,Diurno,Arrendada,Zona urbana,Si,No,0,Si,No,No,Frecuentemente,Heterosexual,Comuna Norte,Media,Media,No,No,No étnico,ALTO,COMPLETOS,POCOS_1_2,NO_TRABAJA,HOGAR_SIN_NINOS,COGNITIVA,NINGUNO,BAJO_PESO,3–3.99,3–3.99,4–5,4–5
1,0,F,9,A pie,Baja frecuencia,Beca,CON_CARGAS,No,Diurno,Arrendada,Zona rural,Si,Si,0,Si,No,No,Casi nunca,Heterosexual,Comuna Norte,Media,Media,No,No,No étnico,ALTO,COMPLETOS,POCOS_1_2,PARCIAL_1_20,CON_NINOS_1_2,COGNITIVA,NINGUNO,NORMAL,4–5,4–5,4–5,4–5
7,1,M,4,A pie,Alta frecuencia,Recursos propios,SIN_CARGAS,Si,Diurno,Arrendada,Zona urbana,Si,Si,0,No,No,No,Con poca frecuencia,No responde,Comuna Norte,Básica,Media,No,No,No étnico,BAJO,COMPLETOS,NINGUNO,NO_TRABAJA,HOGAR_SIN_NINOS,COGNITIVA,NINGUNO,NORMAL,2–2.99,3–3.99,2–2.99,2–2.99
2,0,M,9,A pie,Baja frecuencia,Recursos propios,SIN_CARGAS,No,Diurno,Arrendada,Zona urbana,Si,Si,0,Si,No,No,Con poca frecuencia,Heterosexual,Comuna Norte,Básica,Superior,No,No,No étnico,BAJO,COMPLETOS,POCOS_1_2,NO_TRABAJA,SOLO_SIN_NINOS,COGNITIVA,BAJO,NORMAL,3–3.99,3–3.99,3–3.99,4–5
1,0,F,9,Servicio público,Alta frecuencia,Beca,CON_CARGAS,Si,Diurno,Arrendada,Zona urbana,Si,Si,0,Si,No,No,Casi nunca,No responde,Comuna Norte,Básica,Básica,No,No,No étnico,MEDIO,COMPLETOS,VARIOS_3_MAS,NO_TRABAJA,HOGAR_SIN_NINOS,COGNITIVA,BAJO,NORMAL,4–5,3–3.99,3–3.99,3–3.99
1,0,F,9,A pie,Baja frecuencia,Beca,SIN_CARGAS,Si,Diurno,Arrendada,Zona urbana,No,Si,0,No,No,No,Con poca frecuencia,No responde,Comuna Centro,Superior,Media,No,No,No étnico,BAJO,COMPLETOS,POCOS_1_2,NO_TRABAJA,HOGAR_SIN_NINOS,COGNITIVA,BAJO,NORMAL,4–5,4–5,4–5,4–5
3,0,M,9,Vehículo motorizado,Alta frecuencia,Recursos propios,SIN_CARGAS,Si,Mixto,Propia pagandose,Zona urbana,Si,No,0,Si,No,No,Con poca frecuencia,No responde,Comuna Norte,Básica,Media,No,No,No étnico,MEDIO,COMPLETOS,POCOS_1_2,NO_TRABAJA,CON_NINOS_1_2,COGNITIVA,NINGUNO,NORMAL,2–2.99,3–3.99,3–3.99,3–3.99
1,0,F,9,Servicio público,Baja frecuencia,Beca,SIN_CARGAS,Si,Diurno,Propia pagada,Zona urbana,Si,No,0,Si,No,No,Con poca frecuencia,No responde,Comuna Norte,Media,Media,No,No,No étnico,MEDIO,COMPLETOS,POCOS_1_2,NO_TRABAJA,CON_NINOS_1_2,COGNITIVA,BAJO,NORMAL,3–3.99,3–3.99,3–3.99,3–3.99
3,0,M,9,Servicio público,Baja frecuencia,Recursos propios,SIN_CARGAS,No,Diurno,Propia pagada,Zona urbana,No,No,0,No,No,No,Con poca frecuencia,Heterosexual,Comuna Sur Occidental,Media,Media,No,No,No étnico,ALTO,BASICOS,POCOS_1_2,NO_TRABAJA,HOGAR_SIN_NINOS,COGNITIVA,BAJO,NORMAL,3–3.99,3–3.99,3–3.99,4–5
2,0,M,9,A pie,Baja frecuencia,Recursos propios,CON_CARGAS,Si,Mixto,Propia pagandose,Zona urbana,Si,No,1,No,No,No,Frecuentemente,Heterosexual,Comuna Norte,Superior,Superior,No,No,No étnico,MEDIO,BASICOS,POCOS_1_2,NO_TRABAJA,CON_NINOS_1_2,COGNITIVA,BAJO,NORMAL,3–3.99,3–3.99,3–3.99,3–3.99
7,1,M,9,Vehículo motorizado,Alta frecuencia,Recursos propios,CON_CARGAS,Si,Diurno,Arrendada,Zona urbana,No,No,5,Si,No,No responde,Con poca frecuencia,No responde,Comuna Norte,Básica,Básica,No,No,No reportado,ALTO,BASICOS,VARIOS_3_MAS,NO_TRABAJA,CON_NINOS_1_2,MULTIPLE,BAJO,NORMAL,Sin nota,3–3.99,2–2.99,3–3.99
2,0,M,9,Servicio público,Baja frecuencia,Recursos propios,CON_CARGAS,Si,Diurno,Arrendada,Zona urbana,Si,Si,0,Si,No,No,Casi nunca,No responde,Bogota,Media,Media,No,No,No étnico,BAJO,COMPLETOS,NINGUNO,NO_TRABAJA,SOLO_SIN_NINOS,COGNITIVA,BAJO,NORMAL,3–3.99,3–3.99,3–3.99,3–3.99
1,0,F,9,A pie,Baja frecuencia,Otro / No aplica,CON_CARGAS,Si,Diurno,Arrendada,Zona urbana,Si,Si,1,No,No,No,Con poca frecuencia,No responde,Bogota,Básica,Básica,Sí,No,No étnico,BAJO,BASICOS,VARIOS_3_MAS,NO_TRABAJA,CON_NINOS_1_2,COGNITIVA,NINGUNO,SOBREPESO,3–3.99,4–5,4–5,4–5
1,0,M,9,Servicio público,Baja frecuencia,Recursos propios,SIN_CARGAS,No,Diurno,Propia pagandose,Zona urbana,Si,Si,0,Si,Sí,No,Frecuentemente,Heterosexual,Comuna Norte,Media,Media,No,No,No étnico,MEDIO,BASICOS,POCOS_1_2,NO_TRABAJA,HOGAR_SIN_NINOS,COGNITIVA,BAJO,NORMAL,3–3.99,4–5,4–5,4–5
1,1,M,8,Servicio público,Baja frecuencia,Recursos propios,SIN_CARGAS,Si,Diurno,Propia pagandose,Zona urbana,Si,No,0,No,No,No responde,Con poca frecuencia,No responde,Municipios Aledaños,Básica,Media,No,No,No étnico,MEDIO,COMPLETOS,POCOS_1_2,NO_TRABAJA,HOGAR_SIN_NINOS,COGNITIVA,NINGUNO,SOBREPESO,3–3.99,3–3.99,3–3.99,3–3.99
7,0,M,9,Vehículo motorizado,Baja frecuencia,Recursos propios,CON_CARGAS,Si,Mixto,Propia pagada,Zona urbana,Si,No,1,No,No,No,Casi nunca,Heterosexual,Bogota,Media,Media,No,No,No étnico,BAJO,COMPLETOS,VARIOS_3_MAS,NO_TRABAJA,CON_NINOS_1_2,COGNITIVA,BAJO,SOBREPESO,Sin nota,3–3.99,2–2.99,0–0.99
3,0,M,9,A pie,Baja frecuencia,Recursos propios,CON_CARGAS,Si,Diurno,Arrendada,Zona urbana,Si,Si,1,Si,No,No,Con poca frecuencia,No responde,Comuna Norte,Media,Media,No,No,No étnico,BAJO,BASICOS,POCOS_1_2,NO_TRABAJA,CON_NINOS_1_2,COGNITIVA,NINGUNO,SOBREPESO,Sin nota,3–3.99,3–3.99,3–3.99
2,0,M,9,A pie,Alta frecuencia,Recursos propios,SIN_CARGAS,Si,Mixto,Arrendada,Zona urbana,Si,Si,0,No,No,No,Con poca frecuencia,No responde,Comuna Occidental,Media,Media,No,No,No étnico,ALTO,BASICOS,POCOS_1_2,NO_TRABAJA,SOLO_SIN_NINOS,COGNITIVA,BAJO,NORMAL,2–2.99,3–3.99,3–3.99,3–3.99
5,1,M,4,Vehículo motorizado,Baja frecuencia,Recursos propios,SIN_CARGAS,No,Diurno,Propia pagada,Zona urbana,Si,No,0,Si,No,No responde,Con poca frecuencia,No responde,Bogota,Media,Media,No,No,No étnico,BAJO,COMPLETOS,VARIOS_3_MAS,NO_TRABAJA,HOGAR_SIN_NINOS,COGNITIVA,NINGUNO,NORMAL,2–2.99,3–3.99,3–3.99,Sin nota
3,1,M,8,Bicicleta,Baja frecuencia,Recursos propios,SIN_CARGAS,No,Diurno,Arrendada,Zona urbana,Si,No,0,No,No,No responde,Casi nunca,No responde,Bogota,Media,Superior,No,No,No étnico,MEDIO,COMPLETOS,POCOS_1_2,PARCIAL_1_20,SOLO_SIN_NINOS,COGNITIVA,NINGUNO,NORMAL,Sin nota,4–5,2–2.99,1–1.99
1,0,F,9,Servicio público,Otro,Beca,SIN_CARGAS,Si,Diurno,Propia pagada,Zona urbana,Si,Si,0,Si,No,No,Frecuentemente,No responde,Comuna Norte,Básica,Básica,No,No,No étnico,ALTO,COMPLETOS,POCOS_1_2,NO_TRABAJA,HOGAR_SIN_NINOS,MULTIPLE,NINGUNO,NORMAL,3–3.99,4–5,4–5,4–5
9,0,F,9,Servicio público,Baja frecuencia,Recursos propios,CON_CARGAS,Si,Diurno,Arrendada,Zona urbana,Si,Si,0,No,No,No,Casi nunca,No responde,Municipios Aledaños,Básica,Básica,No,No,No étnico,BAJO,COMPLETOS,POCOS_1_2,NO_TRABAJA,CON_NINOS_1_2,COGNITIVA,NINGUNO,NORMAL,3–3.99,3–3.99,2–2.99,3–3.99
1,0,M,9,A pie,Baja frecuencia,Beca,SIN_CARGAS,Si,Diurno,Arrendada,Zona urbana,Si,Si,0,No,No,No,Con poca frecuencia,Heterosexual,Comuna Occidental,Media,Media,No,No,No étnico,BAJO,COMPLETOS,VARIOS_3_MAS,NO_TRABAJA,HOGAR_SIN_NINOS,COGNITIVA,NINGUNO,NORMAL,3–3.99,4–5,4–5,4–5
4,1,M,9,A pie,Baja frecuencia,Recursos propios,SIN_CARGAS,Si,Diurno,Arrendada,Zona urbana,Si,Si,0,No,No,No,Frecuentemente,No responde,Comuna Oriental,Media,Básica,No,No,No étnico,MEDIO,BASICOS,VARIOS_3_MAS,NO_TRABAJA,CON_NINOS_1_2,COGNITIVA,NINGUNO,NORMAL,4–5,4–5,3–3.99,3–3.99
4,0,F,9,Servicio público,Baja frecuencia,Otro / No aplica,CON_CARGAS,Si,Diurno,Arrendada,Zona urbana,No,No,2,No,No,No responde,Con poca frecuencia,No responde,Comuna Norte,Básica,Básica,Sí,No,No étnico,BAJO,COMPLETOS,VARIOS_3_MAS,NO_TRABAJA,CON_NINOS_1_2,COGNITIVA,NINGUNO,NORMAL,Sin nota,3–3.99,3–3.99,3–3.99
2,0,M,9,Servicio público,Baja frecuencia,Recursos propios,SIN_CARGAS,Si,Mixto,Arrendada,Zona urbana,Si,Si,0,No,No,Si,Frecuentemente,No responde,Municipios Aledaños,Media,Media,Sí,No,No étnico,MEDIO,COMPLETOS,VARIOS_3_MAS,NO_TRABAJA,HOGAR_SIN_NINOS,COGNITIVA,BAJO,BAJO_PESO,3–3.99,3–3.99,3–3.99,4–5
4,0,M,6,Servicio público,Baja frecuencia,Otro / No aplica,SIN_CARGAS,Si,Diurno,Arrendada,Zona rural,Si,Si,0,Si,No,No responde,Casi nunca,No responde,Municipios Aledaños,Básica,Media,No,No,No étnico,BAJO,BASICOS,VARIOS_3_MAS,NO_TRABAJA,CON_NINOS_1_2,COGNITIVA,NINGUNO,NORMAL,3–3.99,3–3.99,3–3.99,3–3.99
7,0,M,9,A pie,Alta frecuencia,Recursos propios,CON_CARGAS,Si,Mixto,Propia pagada,Zona urbana,Si,Si,0,Si,No,No,Casi nunca,Heterosexual,Comuna Sur Occidental,Básica,Media,No,No,No étnico,ALTO,COMPLETOS,POCOS_1_2,PARCIAL_1_20,HOGAR_SIN_NINOS,COGNITIVA,NINGUNO,NORMAL,3–3.99,3–3.99,3–3.99,3–3.99
0,0,F,8,Servicio público,Baja frecuencia,Crédito,SIN_CARGAS,Si,Diurno,Propia pagada,Zona urbana,Si,Si,0,Si,No,No,Frecuentemente,No responde,Comuna Sur Occidental,Básica,Básica,No,No,No étnico,MEDIO,COMPLETOS,VARIOS_3_MAS,NO_TRABAJA,HOGAR_SIN_NINOS,COGNITIVA,NINGUNO,BAJO_PESO,3–3.99,3–3.99,4–5,4–5
10,0,M,9,Servicio público,Alta frecuencia,Recursos propios,CON_CARGAS,Si,Mixto,Arrendada,Zona urbana,Si,Si,0,Si,No,No,Con poca frecuencia,Heterosexual,Municipios Aledaños,Media,Básica,No,No,No étnico,ALTO,BASICOS,POCOS_1_2,ALTA_>20,CON_NINOS_1_2,COGNITIVA,ALTO,SOBREPESO,2–2.99,3–3.99,3–3.99,3–3.99
1,0,M,9,A pie,Baja frecuencia,Recursos propios,CON_CARGAS,Si,Diurno,Arrendada,Zona urbana,Si,No,1,Si,No,No responde,Casi nunca,No responde,Comuna Sur Occidental,Media,Media,No,No,No étnico,ALTO,COMPLETOS,VARIOS_3_MAS,NO_TRABAJA,HOGAR_SIN_NINOS,COGNITIVA,NINGUNO,SOBREPESO,4–5,3–3.99,3–3.99,3–3.99
2,0,M,9,Servicio público,Alta frecuencia,Recursos propios,CON_CARGAS,Si,Diurno,Arrendada,Zona urbana,Si,Si,1,Si,No,No,Casi nunca,No responde,Municipios Aledaños,Media,Básica,Sí,Sí,Étnico,MEDIO,COMPLETOS,POCOS_1_2,NO_TRABAJA,CON_NINOS_3_MAS,COGNITIVA,NINGUNO,NORMAL,3–3.99,2–2.99,3–3.99,3–3.99
5,0,M,9,A pie,Alta frecuencia,Recursos propios,SIN_CARGAS,Si,Diurno,Propia pagandose,Zona urbana,Si,Si,0,No,No,No,Con poca frecuencia,Heterosexual,Comuna Oriental,Media,Superior,No,No,No étnico,ALTO,COMPLETOS,NINGUNO,NO_TRABAJA,HOGAR_SIN_NINOS,COGNITIVA,NINGUNO,BAJO_PESO,3–3.99,3–3.99,3–3.99,3–3.99
1,0,M,9,A pie,Baja frecuencia,Recursos propios,SIN_CARGAS,No,Diurno,Arrendada,Zona urbana,Si,Si,0,Si,No,No,Casi nunca,No responde,Comuna Occidental,Superior,Básica,No,No,No étnico,ALTO,COMPLETOS,NINGUNO,NO_TRABAJA,HOGAR_SIN_NINOS,COGNITIVA,NINGUNO,BAJO_PESO,4–5,4–5,4–5,4–5
2,0,M,9,Servicio público,Otro,Recursos propios,SIN_CARGAS,Si,Mixto,Propia pagandose,Zona urbana,Si,Si,0,Si,No,No,Frecuentemente,Heterosexual,Comuna Norte,Media,Básica,No,No,No étnico,ALTO,BASICOS,VARIOS_3_MAS,NO_TRABAJA,HOGAR_SIN_NINOS,COGNITIVA,NINGUNO,NORMAL,3–3.99,3–3.99,3–3.99,3–3.99
2,0,M,9,Bicicleta,Baja frecuencia,Recursos propios,SIN_CARGAS,No,Mixto,Propia pagada,Zona rural,Si,Si,0,Si,No,No,Con poca frecuencia,Heterosexual,Municipios Aledaños,Media,Media,Sí,No,No étnico,MEDIO,COMPLETOS,POCOS_1_2,NO_TRABAJA,HOGAR_SIN_NINOS,COGNITIVA,NINGUNO,NORMAL,3–3.99,3–3.99,4–5,3–3.99
1,0,M,9,A pie,Baja frecuencia,Recursos propios,CON_CARGAS,Si,Diurno,Arrendada,Zona urbana,Si,No,0,No,No,No,Casi nunca,Heterosexual,Comuna Centro,Media,Media,No,No,No étnico,BAJO,COMPLETOS,VARIOS_3_MAS,ALTA_>20,HOGAR_SIN_NINOS,COGNITIVA,NINGUNO,NORMAL,3–3.99,3–3.99,3–3.99,3–3.99
5,0,M,9,A pie,Baja frecuencia,Recursos propios,SIN_CARGAS,Si,Diurno,Arrendada,Zona urbana,Si,No,0,No,No,No,Con poca frecuencia,Heterosexual,Comuna Sur Occidental,Básica,Media,No,No,No étnico,BAJO,BASICOS,POCOS_1_2,NO_TRABAJA,HOGAR_SIN_NINOS,COGNITIVA,NINGUNO,OBESIDAD,3–3.99,4–5,3–3.99,4–5
10,1,M,9,A pie,Baja frecuencia,Recursos propios,CON_CARGAS,No,Diurno,Arrendada,Zona urbana,Si,Si,0,Si,No,No,Con poca frecuencia,No responde,Comuna Sur Oriental,Básica,Básica,No,No,No étnico,ALTO,COMPLETOS,VARIOS_3_MAS,NO_TRABAJA,HOGAR_SIN_NINOS,COGNITIVA,NINGUNO,SOBREPESO,3–3.99,3–3.99,3–3.99,3–3.99
6,1,M,9,A pie,Baja frecuencia,Recursos propios,SIN_CARGAS,Si,Diurno,Arrendada,Zona urbana,Si,Si,0,Si,Sí,No,Casi nunca,Heterosexual,Comuna Occidental,Media,Superior,No,No,No étnico,ALTO,COMPLETOS,POCOS_1_2,ALTA_>20,SOLO_SIN_NINOS,COGNITIVA,NINGUNO,NORMAL,3–3.99,4–5,3–3.99,3–3.99
2,1,M,9,Servicio público,Baja frecuencia,Recursos propios,SIN_CARGAS,Si,Mixto,Propia pagada,Zona urbana,No,No,0,No,No,No,Nunca,No responde,Municipios Aledaños,Superior,Superior,Sí,No,No étnico,ALTO,BASICOS,POCOS_1_2,NO_TRABAJA,SOLO_SIN_NINOS,COGNITIVA,BAJO,SOBREPESO,3–3.99,3–3.99,3–3.99,3–3.99
2,0,M,9,A pie,Baja frecuencia,Recursos propios,SIN_CARGAS,No,Diurno,Arrendada,Zona urbana,No,No,0,No,No,No responde,Frecuentemente,No responde,Comuna Occidental,Superior,Superior,No,No,No reportado,MEDIO,COMPLETOS,VARIOS_3_MAS,NO_TRABAJA,SOLO_SIN_NINOS,MULTIPLE,BAJO,NORMAL,3–3.99,3–3.99,2–2.99,3–3.99
2,0,F,9,Servicio público,Baja frecuencia,Recursos propios,SIN_CARGAS,No,Diurno,Propia pagada,Zona rural,Si,Si,0,Si,No,No,Con poca frecuencia,No responde,Comuna Oriental,Básica,Básica,No,No,No étnico,MEDIO,COMPLETOS,POCOS_1_2,NO_TRABAJA,CON_NINOS_1_2,COGNITIVA,NINGUNO,SOBREPESO,3–3.99,3–3.99,3–3.99,4–5
5,0,M,9,Vehículo motorizado,Baja frecuencia,Recursos propios,SIN_CARGAS,Si,Diurno,Propia pagada,Zona urbana,Si,Si,0,Si,No,Si,Frecuentemente,Heterosexual,Comuna Norte,Básica,Media,Sí,No,No étnico,ALTO,COMPLETOS,POCOS_1_2,ALTA_>20,CON_NINOS_1_2,COGNITIVA,NINGUNO,NORMAL,3–3.99,3–3.99,3–3.99,3–3.99
1,0,M,9,A pie,Otro,Otro / No aplica,CON_CARGAS,Si,Nocturno,Arrendada,Zona rural,No,No,0,Si,No,Si,Nunca,No responde,Sin agrupar,Básica,Básica,Sí,No,No étnico,ALTO,BASICOS,VARIOS_3_MAS,PARCIAL_1_20,DESCONOCIDO,COGNITIVA,BAJO,NORMAL,3–3.99,3–3.99,3–3.99,3–3.99
0,1,M,5,Servicio público,Baja frecuencia,Otro / No aplica,SIN_CARGAS,No,Diurno,Propia pagandose,Zona urbana,Si,No,0,No,No,No,Casi nunca,No responde,Comuna Norte,Media,Media,No,No,No étnico,ALTO,COMPLETOS,POCOS_1_2,PARCIAL_1_20,SOLO_SIN_NINOS,COGNITIVA,NINGUNO,SOBREPESO,3–3.99,Sin nota,4–5,3–3.99
9,1,M,7,Servicio público,Baja frecuencia,Otro / No aplica,SIN_CARGAS,Si,Diurno,Arrendada,Zona rural,Si,No,0,Si,No,No,Con poca frecuencia,No responde,Comuna Sur Occidental,Básica,Media,Sí,No,No étnico,MEDIO,COMPLETOS,POCOS_1_2,NO_TRABAJA,HOGAR_SIN_NINOS,COGNITIVA,MODERADO,OBESIDAD,3–3.99,3–3.99,3–3.99,3–3.99
1,0,M,9,A pie,Alta frecuencia,Recursos propios,SIN_CARGAS,Si,Diurno,Propia pagandose,Zona urbana,Si,Si,0,No,No,No,Con poca frecuencia,Heterosexual,Comuna Oriental,Básica,Básica,No,No,No étnico,BAJO,COMPLETOS,VARIOS_3_MAS,ALTA_>20,HOGAR_SIN_NINOS,COGNITIVA,MODERADO,NORMAL,3–3.99,4–5,4–5,4–5
6,0,M,9,A pie,Baja frecuencia,Recursos propios,SIN_CARGAS,Si,Mixto,Arrendada,Zona urbana,Si,No,0,Si,No,Si,Casi nunca,Heterosexual,Comuna Sur Oriental,Básica,Básica,No,No,No étnico,ALTO,BASICOS,VARIOS_3_MAS,ALTA_>20,CON_NINOS_3_MAS,COGNITIVA,BAJO,NORMAL,3–3.99,3–3.99,3–3.99,3–3.99
2,0,M,9,Vehículo motorizado,Alta frecuencia,Recursos propios,SIN_CARGAS,No,Diurno,Arrendada,Zona urbana,Si,No,0,No,No,No,Con poca frecuencia,No responde,Comuna Norte,Media,Superior,No,No,No étnico,MEDIO,COMPLETOS,NINGUNO,NO_TRABAJA,HOGAR_SIN_NINOS,COGNITIVA,NINGUNO,NORMAL,3–3.99,3–3.99,3–3.99,3–3.99
5,1,M,9,A pie,Alta frecuencia,Recursos propios,CON_CARGAS,Si,Diurno,Arrendada,Zona urbana,No,Si,0,No,No,No,Casi nunca,No responde,Comuna Centro,Media,Superior,No,No,No étnico,ALTO,BASICOS,VARIOS_3_MAS,NO_TRABAJA,CON_NINOS_1_2,COGNITIVA,NINGUNO,SOBREPESO,Sin nota,3–3.99,3–3.99,2–2.99
6,1,F,9,Servicio público,Alta frecuencia,Otro / No aplica,SIN_CARGAS,No,Diurno,Arrendada,Zona rural,Si,Si,0,No,No,No,Con poca frecuencia,No responde,Municipios Aledaños,Básica,Media,No,No,No étnico,BAJO,COMPLETOS,NINGUNO,NO_TRABAJA,CON_NINOS_1_2,COGNITIVA,NINGUNO,NORMAL,3–3.99,3–3.99,3–3.99,3–3.99
2,0,M,8,Servicio público,Baja frecuencia,Recursos propios,SIN_CARGAS,No,Diurno,Propia pagada,Zona urbana,Si,No,0,No,No,No,Con poca frecuencia,No responde,Comuna Sur Oriental,Media,Media,No,No,No étnico,BAJO,COMPLETOS,POCOS_1_2,PARCIAL_1_20,CON_NINOS_1_2,COGNITIVA,NINGUNO,SOBREPESO,2–2.99,3–3.99,3–3.99,3–3.99
7,0,M,9,A pie,Otro,Recursos propios,CON_CARGAS,Si,Mixto,Propia pagada,Zona urbana,Si,No,0,Si,No,No,Frecuentemente,Heterosexual,Comuna Occidental,Superior,Media,No,No,No étnico,ALTO,COMPLETOS,POCOS_1_2,NO_TRABAJA,CON_NINOS_1_2,COGNITIVA,NINGUNO,BAJO_PESO,3–3.99,3–3.99,3–3.99,3–3.99
5,0,M,9,Vehículo motorizado,Otro,Recursos propios,SIN_CARGAS,Si,Diurno,Arrendada,Zona urbana,Si,Si,0,No,No,No,Con poca frecuencia,Heterosexual,Comuna Centro,Media,Superior,No,No,No étnico,ALTO,COMPLETOS,POCOS_1_2,NO_TRABAJA,SOLO_SIN_NINOS,COGNITIVA,NINGUNO,OBESIDAD,2–2.99,3–3.99,3–3.99,3–3.99
10,1,M,2,A pie,Alta frecuencia,Recursos propios,SIN_CARGAS,Si,Diurno,Propia pagada,Zona urbana,Si,Si,0,Si,No,No responde,Casi nunca,No responde,Comuna Centro,Media,Media,No,No,No reportado,ALTO,BASICOS,POCOS_1_2,NO_TRABAJA,CON_NINOS_1_2,MULTIPLE,NINGUNO,NORMAL,1–1.99,3–3.99,2–2.99,1–1.99
0,1,F,2,Bicicleta,Alta frecuencia,Beca,SIN_CARGAS,No,Diurno,Arrendada,Zona rural,Si,Si,0,Si,Sí,No,Frecuentemente,Heterosexual,Municipios Aledaños,Media,Superior,No,No,No étnico,ALTO,BASICOS,POCOS_1_2,NO_TRABAJA,CON_NINOS_1_2,SIN,NINGUNO,NORMAL,3–3.99,3–3.99,2–2.99,3–3.99
1,0,F,9,Servicio público,Baja frecuencia,Beca,SIN_CARGAS,Si,Diurno,Arrendada,Zona urbana,Si,Si,0,Si,No,No,Con poca frecuencia,No responde,Comuna Sur Occidental,Media,Media,No,No,No étnico,ALTO,COMPLETOS,POCOS_1_2,NO_TRABAJA,HOGAR_SIN_NINOS,COGNITIVA,MODERADO,NORMAL,3–3.99,3–3.99,4–5,3–3.99
1,0,M,9,A pie,Baja frecuencia,Beca,SIN_CARGAS,No,Diurno,Arrendada,Zona urbana,Si,Si,0,No,No,No,Con poca frecuencia,Heterosexual,Comuna Centro,Básica,Básica,No,No,No étnico,BAJO,COMPLETOS,VARIOS_3_MAS,NO_TRABAJA,CON_NINOS_1_2,COGNITIVA,NINGUNO,NORMAL,4–5,4–5,4–5,4–5
3,0,M,9,Servicio público,Baja frecuencia,Recursos propios,SIN_CARGAS,Si,Diurno,Arrendada,Zona urbana,No,Si,0,No,No,No,Con poca frecuencia,Heterosexual,Comuna Sur Occidental,Básica,Básica,No,No,No étnico,MEDIO,COMPLETOS,VARIOS_3_MAS,NO_TRABAJA,HOGAR_SIN_NINOS,COGNITIVA,ALTO,NORMAL,3–3.99,4–5,3–3.99,3–3.99
0,0,F,8,Vehículo motorizado,Baja frecuencia,Recursos propios,SIN_CARGAS,No,Diurno,Arrendada,Zona urbana,Si,No,0,No,No,No responde,Casi nunca,No responde,Comuna Occidental,Media,Superior,No,No,No étnico,BAJO,COMPLETOS,VARIOS_3_MAS,NO_TRABAJA,HOGAR_SIN_NINOS,COGNITIVA,NINGUNO,NORMAL,3–3.99,3–3.99,4–5,3–3.99
2,0,M,9,Servicio público,Baja frecuencia,Recursos propios,SIN_CARGAS,No,Diurno,Propia pagandose,Zona urbana,Si,No,0,No,No,No,Con poca frecuencia,Heterosexual,Comuna Sur Oriental,Superior,Superior,No,No,No étnico,BAJO,COMPLETOS,POCOS_1_2,NO_TRABAJA,HOGAR_SIN_NINOS,COGNITIVA,NINGUNO,NORMAL,3–3.99,3–3.99,3–3.99,4–5
3,0,F,9,A pie,Baja frecuencia,Beca,CON_CARGAS,Si,Diurno,Arrendada,Zona rural,No,No,0,No,No,No,Con poca frecuencia,No responde,Comuna Oriental,Media,Media,No,No,No étnico,MEDIO,BASICOS,POCOS_1_2,NO_TRABAJA,CON_NINOS_1_2,COGNITIVA,NINGUNO,NORMAL,2–2.99,4–5,3–3.99,3–3.99
2,0,F,9,Servicio público,Alta frecuencia,Recursos propios,CON_CARGAS,Si,Diurno,Arrendada,Zona rural,Si,Si,1,No,No,Si,Con poca frecuencia,Heterosexual,Municipios Aledaños,Superior,Media,Sí,No,No étnico,MEDIO,BASICOS,VARIOS_3_MAS,NO_TRABAJA,CON_NINOS_3_MAS,COGNITIVA,BAJO,NORMAL,3–3.99,3–3.99,3–3.99,4–5
3,0,M,9,Bicicleta,Alta frecuencia,Recursos propios,SIN_CARGAS,No,Diurno,Propia pagandose,Zona urbana,Si,No,0,Si,No,No,Con poca frecuencia,Heterosexual,Comuna Norte,Media,Superior,No,No,No étnico,ALTO,COMPLETOS,POCOS_1_2,NO_TRABAJA,CON_NINOS_1_2,COGNITIVA,NINGUNO,NORMAL,3–3.99,3–3.99,3–3.99,3–3.99
3,0,M,9,A pie,Baja frecuencia,Recursos propios,SIN_CARGAS,No,Nocturno,Arrendada,Zona urbana,Si,No,0,No,No,No,Casi nunca,Heterosexual,Comuna Occidental,Superior,Superior,No,No,No étnico,MEDIO,COMPLETOS,POCOS_1_2,NO_TRABAJA,CON_NINOS_1_2,COGNITIVA,BAJO,BAJO_PESO,3–3.99,3–3.99,3–3.99,3–3.99
9,1,M,9,Servicio público,Baja frecuencia,Recursos propios,SIN_CARGAS,Si,Diurno,Propia pagada,Zona rural,Si,No,0,Si,No,No,Casi nunca,Heterosexual,Municipios Aledaños,Básica,Media,No,No,No étnico,ALTO,BASICOS,POCOS_1_2,NO_TRABAJA,HOGAR_SIN_NINOS,COGNITIVA,BAJO,NORMAL,3–3.99,3–3.99,3–3.99,3–3.99
1,1,F,9,Servicio público,Baja frecuencia,Recursos propios,SIN_CARGAS,Si,Mixto,Arrendada,Zona rural,Si,Si,0,No,No,No,Casi nunca,No responde,Municipios Aledaños,Básica,Media,No,No,No étnico,ALTO,COMPLETOS,POCOS_1_2,NO_TRABAJA,CON_NINOS_1_2,COGNITIVA,NINGUNO,NORMAL,3–3.99,3–3.99,3–3.99,3–3.99
1,0,M,9,Servicio público,Baja frecuencia,Beca,SIN_CARGAS,Si,Diurno,Propia pagada,Zona urbana,Si,Si,0,No,No,No,Con poca frecuencia,Heterosexual,Municipios Aledaños,Básica,Básica,No,No,No étnico,ALTO,COMPLETOS,POCOS_1_2,ALTA_>20,HOGAR_SIN_NINOS,COGNITIVA,BAJO,BAJO_PESO,3–3.99,4–5,4–5,4–5
2,0,M,9,A pie,Alta frecuencia,Recursos propios,SIN_CARGAS,Si,Mixto,Arrendada,Zona urbana,Si,No,0,Si,No,No,Con poca frecuencia,Diversa,Comuna Occidental,Media,Media,Sí,No,No étnico,ALTO,COMPLETOS,VARIOS_3_MAS,NO_TRABAJA,SOLO_SIN_NINOS,COGNITIVA,BAJO,NORMAL,3–3.99,4–5,3–3.99,4–5
1,0,F,9,A pie,Baja frecuencia,Recursos propios,SIN_CARGAS,Si,Mixto,Propia pagada,Zona urbana,Si,No,0,No,No,No,Con poca frecuencia,No responde,Comuna Oriental,Superior,Superior,No,No,No étnico,ALTO,COMPLETOS,POCOS_1_2,NO_TRABAJA,CON_NINOS_1_2,COGNITIVA,NINGUNO,SOBREPESO,3–3.99,3–3.99,4–5,4–5
1,0,M,9,A pie,Alta frecuencia,Otro / No aplica,CON_CARGAS,Si,Mixto,Arrendada,Zona urbana,Si,No,1,No,No,No responde,Con poca frecuencia,No responde,Comuna Sur Occidental,Media,Media,No,No,No étnico,BAJO,COMPLETOS,NINGUNO,PARCIAL_1_20,HOGAR_SIN_NINOS,COGNITIVA,BAJO,NORMAL,3–3.99,3–3.99,3–3.99,4–5
2,0,M,9,Servicio público,Baja frecuencia,Recursos propios,SIN_CARGAS,Si,Diurno,Propia pagandose,Zona urbana,Si,No,0,No,No,No,Casi nunca,Heterosexual,Comuna Occidental,Superior,Superior,No,No,No étnico,MEDIO,COMPLETOS,NINGUNO,NO_TRABAJA,HOGAR_SIN_NINOS,COGNITIVA,NINGUNO,NORMAL,3–3.99,3–3.99,3–3.99,3–3.99
1,0,M,9,Servicio público,Baja frecuencia,Otro / No aplica,SIN_CARGAS,Si,Diurno,Propia pagada,Zona urbana,Si,Si,0,No,No,No,Con poca frecuencia,Heterosexual,Comuna Oriental,Básica,Media,No,No,No étnico,BAJO,COMPLETOS,VARIOS_3_MAS,NO_TRABAJA,HOGAR_SIN_NINOS,COGNITIVA,NINGUNO,NORMAL,3–3.99,4–5,3–3.99,4–5
8,1,M,4,A pie,Alta frecuencia,Beca,SIN_CARGAS,Si,Diurno,Arrendada,Zona urbana,Si,Si,0,No,No,No,Casi nunca,No responde,Comuna Centro,Básica,Básica,Sí,No,No étnico,MEDIO,BASICOS,VARIOS_3_MAS,NO_TRABAJA,CON_NINOS_1_2,COGNITIVA,NINGUNO,NORMAL,2–2.99,3–3.99,3–3.99,3–3.99
5,0,M,9,Servicio público,Alta frecuencia,Recursos propios,CON_CARGAS,No,Diurno,Propia pagada,Zona urbana,Si,Si,0,Si,No,No,Con poca frecuencia,Heterosexual,Municipios Aledaños,Superior,Superior,Sí,No,No étnico,ALTO,BASICOS,POCOS_1_2,NO_TRABAJA,HOGAR_SIN_NINOS,COGNITIVA,NINGUNO,NORMAL,3–3.99,3–3.99,3–3.99,3–3.99
13,1,F,5,Servicio público,Baja frecuencia,Otro / No aplica,SIN_CARGAS,Si,Diurno,Arrendada,Zona rural,Si,Si,0,Si,No,No responde,Casi nunca,No responde,Municipios Aledaños,Básica,Media,No,No,No étnico,BAJO,BASICOS,POCOS_1_2,NO_TRABAJA,HOGAR_SIN_NINOS,COGNITIVA,NINGUNO,NORMAL,3–3.99,2–2.99,2–2.99,1–1.99
3,0,M,9,A pie,Baja frecuencia,Otro / No aplica,SIN_CARGAS,No,Diurno,Arrendada,Zona urbana,Si,No,0,Si,No,No,Frecuentemente,Heterosexual,Comuna Centro,Media,Media,No,No,No étnico,BAJO,BASICOS,VARIOS_3_MAS,NO_TRABAJA,CON_NINOS_1_2,COGNITIVA,BAJO,NORMAL,3–3.99,3–3.99,3–3.99,3–3.99
3,0,M,8,A pie,Baja frecuencia,Recursos propios,SIN_CARGAS,No,Diurno,Arrendada,Zona urbana,Si,No,0,No,No,No,Casi nunca,No responde,Comuna Centro,Básica,Básica,No,No,No étnico,MEDIO,COMPLETOS,POCOS_1_2,NO_TRABAJA,CON_NINOS_1_2,COGNITIVA,NINGUNO,NORMAL,3–3.99,3–3.99,3–3.99,3–3.99
4,1,M,7,A pie,Alta frecuencia,Beca,CON_CARGAS,No,Diurno,Arrendada,Zona urbana,No,No,0,Si,No,No,Con poca frecuencia,No responde,Comuna Sur Occidental,Básica,Media,No,No,No étnico,MEDIO,COMPLETOS,VARIOS_3_MAS,NO_TRABAJA,HOGAR_SIN_NINOS,COGNITIVA,NINGUNO,SOBREPESO,3–3.99,3–3.99,3–3.99,3–3.99
7,1,M,6,A pie,Alta frecuencia,Recursos propios,SIN_CARGAS,Si,Mixto,Arrendada,Zona urbana,Si,No,0,Si,No,No,Con poca frecuencia,No responde,Comuna Occidental,Media,Superior,No,No,No étnico,MEDIO,BASICOS,POCOS_1_2,PARCIAL_1_20,SOLO_SIN_NINOS,COGNITIVA,NINGUNO,NORMAL,Sin nota,Sin nota,2–2.99,2–2.99
3,0,M,9,A pie,Baja frecuencia,Beca,SIN_CARGAS,Si,Diurno,Arrendada,Zona urbana,No,Si,0,No,No,No,Nunca,Heterosexual,Comuna Sur Oriental,Media,Superior,No,No,No étnico,BAJO,COMPLETOS,VARIOS_3_MAS,PARCIAL_1_20,CON_NINOS_1_2,COGNITIVA,NINGUNO,NORMAL,2–2.99,3–3.99,3–3.99,3–3.99
1,0,F,9,A pie,Baja frecuencia,Beca,SIN_CARGAS,No,Diurno,Propia pagandose,Zona urbana,Si,Si,0,No,No,No,Con poca frecuencia,No responde,Comuna Centro,Media,Media,No,No,No étnico,BAJO,COMPLETOS,VARIOS_3_MAS,NO_TRABAJA,HOGAR_SIN_NINOS,COGNITIVA,NINGUNO,OBESIDAD,3–3.99,3–3.99,4–5,4–5
2,0,M,9,Servicio público,Baja frecuencia,Beca,SIN_CARGAS,Si,Diurno,Arrendada,Zona urbana,Si,No,0,No,No,No,Con poca frecuencia,Heterosexual,Comuna Oriental,Superior,Media,No,No,No étnico,MEDIO,BASICOS,POCOS_1_2,NO_TRABAJA,CON_NINOS_1_2,COGNITIVA,BAJO,SOBREPESO,3–3.99,4–5,3–3.99,3–3.99
5,0,M,9,Vehículo motorizado,Alta frecuencia,Otro / No aplica,SIN_CARGAS,No,Diurno,Propia pagandose,Zona urbana,No,Si,0,No,No,No,Con poca frecuencia,Heterosexual,Comuna Norte,Superior,Superior,No,No,No étnico,BAJO,COMPLETOS,NINGUNO,NO_TRABAJA,SOLO_SIN_NINOS,COGNITIVA,BAJO,SOBREPESO,3–3.99,4–5,3–3.99,4–5
1,0,M,9,A pie,Baja frecuencia,Recursos propios,SIN_CARGAS,Si,Diurno,Arrendada,Zona urbana,Si,Si,0,No,No,No responde,Frecuentemente,No responde,Comuna Sur Oriental,Básica,Básica,No,No,No étnico,BAJO,COMPLETOS,POCOS_1_2,NO_TRABAJA,CON_NINOS_1_2,COGNITIVA,NINGUNO,NORMAL,4–5,4–5,4–5,4–5
1,0,F,9,Servicio público,Otro,Recursos propios,SIN_CARGAS,No,Diurno,Arrendada,Zona urbana,Si,No,0,No,No,No,Con poca frecuencia,No responde,Comuna Sur Occidental,Media,Media,No,No,No étnico,MEDIO,COMPLETOS,POCOS_1_2,NO_TRABAJA,HOGAR_SIN_NINOS,COGNITIVA,NINGUNO,BAJO_PESO,4–5,4–5,4–5,4–5
2,0,M,9,A pie,Baja frecuencia,Recursos propios,CON_CARGAS,Si,Diurno,Arrendada,Zona urbana,Si,Si,0,No,No,No,Con poca frecuencia,Heterosexual,Comuna Centro,Básica,Básica,No,No,No étnico,ALTO,BASICOS,VARIOS_3_MAS,NO_TRABAJA,HOGAR_SIN_NINOS,COGNITIVA,NINGUNO,NORMAL,3–3.99,3–3.99,3–3.99,4–5
3,0,M,8,Servicio público,Baja frecuencia,Beca,SIN_CARGAS,No,Mixto,Propia pagada,Zona rural,Si,Si,0,Si,No,No,Con poca frecuencia,Heterosexual,Comuna Sur Oriental,Media,Media,No,No,No étnico,BAJO,BASICOS,VARIOS_3_MAS,PARCIAL_1_20,HOGAR_SIN_NINOS,COGNITIVA,BAJO,NORMAL,3–3.99,3–3.99,3–3.99,3–3.99
4,0,M,9,Servicio público,Baja frecuencia,Recursos propios,SIN_CARGAS,Si,Diurno,Propia pagada,Zona urbana,Si,No,0,Si,No,No,Frecuentemente,Heterosexual,Municipios Aledaños,Media,Superior,No,No,No étnico,ALTO,COMPLETOS,POCOS_1_2,NO_TRABAJA,HOGAR_SIN_NINOS,COGNITIVA,BAJO,SOBREPESO,4–5,3–3.99,3–3.99,3–3.99
2,0,M,9,Servicio público,Alta frecuencia,Recursos propios,SIN_CARGAS,Si,Diurno,Arrendada,Zona rural,Si,Si,0,Si,No,No responde,Frecuentemente,Heterosexual,Comuna Oriental,Básica,Media,No,No,No reportado,ALTO,COMPLETOS,POCOS_1_2,NO_TRABAJA,HOGAR_SIN_NINOS,MULTIPLE,BAJO,NORMAL,3–3.99,4–5,3–3.99,4–5
0,0,M,9,Servicio público,Baja frecuencia,Recursos propios,SIN_CARGAS,Si,Diurno,Arrendada,Zona rural,Si,Si,0,Si,No,No responde,Con poca frecuencia,No responde,Comuna Centro,Básica,Básica,No,No,No étnico,ALTO,COMPLETOS,NINGUNO,NO_TRABAJA,HOGAR_SIN_NINOS,COGNITIVA,NINGUNO,NORMAL,4–5,3–3.99,4–5,4–5
1,0,M,9,Bicicleta,Baja frecuencia,Recursos propios,SIN_CARGAS,Si,Diurno,Arrendada,Zona rural,Si,Si,0,No,No,No,Frecuentemente,Heterosexual,Municipios Aledaños,Media,Media,No,No,No étnico,MEDIO,BASICOS,POCOS_1_2,NO_TRABAJA,CON_NINOS_3_MAS,COGNITIVA,NINGUNO,NORMAL,3–3.99,3–3.99,3–3.99,4–5
14,1,M,7,Servicio público,Baja frecuencia,Otro / No aplica,SIN_CARGAS,No,Diurno,Arrendada,Zona rural,Si,Si,0,Si,No,No,Casi nunca,No responde,Municipios Aledaños,Básica,Media,No,No,No étnico,ALTO,COMPLETOS,POCOS_1_2,NO_TRABAJA,HOGAR_SIN_NINOS,COGNITIVA,NINGUNO,NORMAL,Sin nota,2–2.99,2–2.99,2–2.99
1,0,M,9,A pie,Baja frecuencia,Beca,SIN_CARGAS,Si,Diurno,Arrendada,Zona urbana,Si,No,0,No,No,No,Casi nunca,No responde,Comuna Centro,Media,Media,Sí,No,No étnico,MEDIO,BASICOS,POCOS_1_2,NO_TRABAJA,CON_NINOS_1_2,COGNITIVA,BAJO,SOBREPESO,3–3.99,3–3.99,4–5,4–5
7,1,M,2,A pie,Baja frecuencia,Recursos propios,SIN_CARGAS,Si,Mixto,Propia pagandose,Zona urbana,Si,No,0,Si,No,No responde,Con poca frecuencia,No responde,Comuna Occidental,Media,Media,No,No,No reportado,ALTO,COMPLETOS,POCOS_1_2,ALTA_>20,CON_NINOS_1_2,MULTIPLE,BAJO,NORMAL,2–2.99,2–2.99,2–2.99,3–3.99
2,0,M,9,Servicio público,Baja frecuencia,Recursos propios,SIN_CARGAS,No,Diurno,Propia pagada,Zona rural,No,Si,0,Si,No,No,Casi nunca,Heterosexual,Comuna Oriental,Media,Básica,No,No,No étnico,BAJO,COMPLETOS,POCOS_1_2,NO_TRABAJA,SOLO_SIN_NINOS,COGNITIVA,NINGUNO,NORMAL,3–3.99,4–5,3–3.99,4–5
3,0,M,9,A pie,Baja frecuencia,Beca,SIN_CARGAS,Si,Diurno,Propia pagada,Zona rural,Si,Si,0,No,No,No,Frecuentemente,No responde,Comuna Occidental,Básica,Media,No,No,No étnico,ALTO,COMPLETOS,POCOS_1_2,NO_TRABAJA,HOGAR_SIN_NINOS,COGNITIVA,NINGUNO,NORMAL,3–3.99,3–3.99,3–3.99,3–3.99
3,0,M,9,A pie,Baja frecuencia,Beca,SIN_CARGAS,Si,Diurno,Propia pagada,Zona urbana,Si,Si,0,No,No,No,Casi nunca,Heterosexual,Comuna Occidental,Superior,Media,No,No,No étnico,BAJO,BASICOS,NINGUNO,NO_TRABAJA,HOGAR_SIN_NINOS,COGNITIVA,NINGUNO,SOBREPESO,3–3.99,4–5,3–3.99,4–5
7,0,F,9,Servicio público,Baja frecuencia,Recursos propios,SIN_CARGAS,Si,Diurno,Arrendada,Zona urbana,Si,Si,0,No,No,No,Con poca frecuencia,No responde,Municipios Aledaños,Media,Media,No,No,No étnico,BAJO,COMPLETOS,VARIOS_3_MAS,NO_TRABAJA,HOGAR_SIN_NINOS,COGNITIVA,BAJO,SOBREPESO,2–2.99,4–5,3–3.99,4–5
3,0,M,9,A pie,Baja frecuencia,Recursos propios,SIN_CARGAS,Si,Diurno,Propia pagada,Zona urbana,Si,Si,0,No,No,No,Casi nunca,Heterosexual,Comuna Occidental,Básica,Media,No,No,No étnico,MEDIO,COMPLETOS,POCOS_1_2,NO_TRABAJA,HOGAR_SIN_NINOS,COGNITIVA,BAJO,NORMAL,3–3.99,4–5,3–3.99,3–3.99
1,0,M,9,A pie,Baja frecuencia,Recursos propios,SIN_CARGAS,No,Diurno,Arrendada,Zona urbana,No,Si,0,No,No,No,Con poca frecuencia,Heterosexual,Comuna Sur Occidental,Media,Media,No,No,No étnico,MEDIO,BASICOS,VARIOS_3_MAS,PARCIAL_1_20,HOGAR_SIN_NINOS,COGNITIVA,BAJO,NORMAL,3–3.99,4–5,3–3.99,4–5
1,0,M,9,A pie,Alta frecuencia,Beca,SIN_CARGAS,No,Diurno,Arrendada,Zona urbana,Si,Si,0,No,No,No,Con poca frecuencia,Heterosexual,Comuna Norte,Básica,Básica,No,No,No étnico,MEDIO,COMPLETOS,VARIOS_3_MAS,NO_TRABAJA,HOGAR_SIN_NINOS,COGNITIVA,BAJO,NORMAL,4–5,3–3.99,4–5,4–5
3,0,M,9,Servicio público,Baja frecuencia,Otro / No aplica,SIN_CARGAS,No,Diurno,Propia pagandose,Zona urbana,Si,Si,0,No,No,No,Casi nunca,No responde,Municipios Aledaños,Media,Media,No,No,No étnico,ALTO,COMPLETOS,POCOS_1_2,NO_TRABAJA,HOGAR_SIN_NINOS,COGNITIVA,BAJO,NORMAL,3–3.99,3–3.99,3–3.99,3–3.99
0,1,M,1,Bicicleta,Baja frecuencia,Recursos propios,SIN_CARGAS,Si,Diurno,Propia pagada,Zona urbana,Si,Si,0,No,No,No,Con poca frecuencia,No responde,Municipios Aledaños,Superior,Básica,No,No,No étnico,BAJO,BASICOS,VARIOS_3_MAS,NO_TRABAJA,HOGAR_SIN_NINOS,COGNITIVA,BAJO,NORMAL,3–3.99,4–5,Sin nota,3–3.99
1,0,M,9,A pie,Alta frecuencia,Otro / No aplica,CON_CARGAS,Si,Diurno,Arrendada,Zona urbana,Si,No,0,No,No,No,Con poca frecuencia,Heterosexual,Comuna Centro,Superior,Superior,No,No,No étnico,ALTO,COMPLETOS,VARIOS_3_MAS,NO_TRABAJA,HOGAR_SIN_NINOS,COGNITIVA,BAJO,NORMAL,4–5,4–5,4–5,4–5
1,0,M,8,Servicio público,Baja frecuencia,Recursos propios,SIN_CARGAS,Si,Diurno,Arrendada,Zona rural,No,Si,0,No,No,No,Casi nunca,No responde,Municipios Aledaños,Básica,Básica,No,No,No étnico,ALTO,BASICOS,VARIOS_3_MAS,NO_TRABAJA,SOLO_SIN_NINOS,COGNITIVA,NINGUNO,NORMAL,3–3.99,4–5,3–3.99,3–3.99
4,0,F,9,Servicio público,Baja frecuencia,Beca,SIN_CARGAS,No,Diurno,Arrendada,Zona urbana,No,Si,0,No,No,No,Con poca frecuencia,Heterosexual,Comuna Oriental,Media,Superior,No,No,No étnico,ALTO,COMPLETOS,VARIOS_3_MAS,NO_TRABAJA,SOLO_SIN_NINOS,COGNITIVA,NINGUNO,NORMAL,3–3.99,3–3.99,3–3.99,4–5
1,0,M,9,Servicio público,Baja frecuencia,Recursos propios,SIN_CARGAS,No,Diurno,Propia pagandose,Zona urbana,Si,No,0,No,No,No,Con poca frecuencia,Heterosexual,Municipios Aledaños,Básica,Básica,No,Sí,Étnico,MEDIO,COMPLETOS,POCOS_1_2,NO_TRABAJA,HOGAR_SIN_NINOS,COGNITIVA,BAJO,SOBREPESO,3–3.99,3–3.99,3–3.99,4–5
1,0,F,4,A pie,Baja frecuencia,Recursos propios,SIN_CARGAS,Si,Diurno,Arrendada,Zona urbana,Si,No,0,No,No,Si,Con poca frecuencia,Heterosexual,Comuna Oriental,Media,Media,No,No,No étnico,ALTO,COMPLETOS,POCOS_1_2,ALTA_>20,HOGAR_SIN_NINOS,COGNITIVA,NINGUNO,NORMAL,4–5,4–5,3–3.99,4–5
1,0,M,3,Servicio público,Alta frecuencia,Beca,SIN_CARGAS,Si,Mixto,Arrendada,Zona rural,Si,Si,0,Si,No,No,Con poca frecuencia,No responde,Comuna Norte,Básica,Media,No,No,No étnico,BAJO,BASICOS,VARIOS_3_MAS,NO_TRABAJA,HOGAR_SIN_NINOS,COGNITIVA,NINGUNO,NORMAL,4–5,4–5,4–5,4–5
9,1,M,2,A pie,Baja frecuencia,Beca,SIN_CARGAS,No,Diurno,Arrendada,Zona urbana,Si,Si,0,No,No,No,Frecuentemente,No responde,Comuna Sur Occidental,Superior,Superior,No,No,No étnico,BAJO,BASICOS,POCOS_1_2,NO_TRABAJA,HOGAR_SIN_NINOS,COGNITIVA,BAJO,NORMAL,3–3.99,2–2.99,3–3.99,3–3.99
1,0,M,4,A pie,Otro,Recursos propios,SIN_CARGAS,Si,Mixto,Arrendada,Zona urbana,Si,No,0,Si,No,Si,Frecuentemente,Heterosexual,Comuna Occidental,Superior,Media,No,Sí,Étnico,MEDIO,COMPLETOS,POCOS_1_2,NO_TRABAJA,HOGAR_SIN_NINOS,COGNITIVA,NINGUNO,SOBREPESO,4–5,4–5,4–5,4–5
0,0,F,4,A pie,Otro,Recursos propios,SIN_CARGAS,Si,Diurno,Arrendada,Zona urbana,Si,Si,0,No,No,No,Casi nunca,Heterosexual,Comuna Centro,Media,Básica,No,No,No étnico,MEDIO,COMPLETOS,VARIOS_3_MAS,NO_TRABAJA,HOGAR_SIN_NINOS,COGNITIVA,NINGUNO,NORMAL,4–5,4–5,4–5,4–5
9,0,M,3,A pie,Baja frecuencia,Recursos propios,SIN_CARGAS,Si,Diurno,Arrendada,Zona urbana,Si,Si,0,Si,No,No,Frecuentemente,Heterosexual,Comuna Oriental,Básica,Media,Sí,No,No étnico,ALTO,SIN_RECURSOS,NINGUNO,NO_TRABAJA,HOGAR_SIN_NINOS,COGNITIVA,NINGUNO,NORMAL,3–3.99,3–3.99,3–3.99,3–3.99
1,0,M,4,Servicio público,Baja frecuencia,Beca,SIN_CARGAS,Si,Diurno,Arrendada,Zona urbana,Si,Si,0,No,No,No,Con poca frecuencia,Heterosexual,Comuna Sur Occidental,Básica,Media,No,No,No étnico,BAJO,BASICOS,VARIOS_3_MAS,NO_TRABAJA,CON_NINOS_1_2,COGNITIVA,NINGUNO,NORMAL,3–3.99,3–3.99,3–3.99,4–5
1,0,M,4,A pie,Baja frecuencia,Beca,SIN_CARGAS,Si,Diurno,Arrendada,Zona urbana,Si,No,0,No,No,No,Frecuentemente,Heterosexual,Comuna Sur Occidental,Básica,Media,Sí,No,No étnico,MEDIO,BASICOS,VARIOS_3_MAS,NO_TRABAJA,SOLO_SIN_NINOS,COGNITIVA,NINGUNO,NORMAL,4–5,4–5,4–5,4–5
0,0,M,4,Bicicleta,Alta frecuencia,Recursos propios,SIN_CARGAS,Si,Diurno,Arrendada,Zona urbana,Si,Si,0,Si,No,Si,Frecuentemente,Heterosexual,Comuna Oriental,Media,Superior,No,No,No étnico,BAJO,COMPLETOS,POCOS_1_2,ALTA_>20,CON_NINOS_1_2,COGNITIVA,NINGUNO,NORMAL,3–3.99,4–5,3–3.99,4–5
3,0,F,4,A pie,Baja frecuencia,Beca,CON_CARGAS,No,Diurno,Arrendada,Zona urbana,Si,Si,0,No,No,No,Con poca frecuencia,Heterosexual,Comuna Oriental,Media,Media,No,No,No étnico,BAJO,BASICOS,VARIOS_3_MAS,NO_TRABAJA,HOGAR_SIN_NINOS,COGNITIVA,NINGUNO,NORMAL,3–3.99,4–5,3–3.99,4–5
1,0,M,3,A pie,Otro,Recursos propios,SIN_CARGAS,Si,Mixto,Arrendada,Zona urbana,Si,Si,0,Si,No,No,Frecuentemente,Heterosexual,Comuna Oriental,Media,Media,No,No,No étnico,ALTO,BASICOS,POCOS_1_2,NO_TRABAJA,HOGAR_SIN_NINOS,SIN,BAJO,BAJO_PESO,3–3.99,4–5,4–5,4–5
13,0,M,3,A pie,Alta frecuencia,Beca,SIN_CARGAS,No,Diurno,Arrendada,Zona urbana,Si,Si,0,Si,Sí,No,Con poca frecuencia,Heterosexual,Comuna Oriental,Media,Media,No,No,No étnico,ALTO,COMPLETOS,VARIOS_3_MAS,PARCIAL_1_20,CON_NINOS_1_2,MULTIPLE,NINGUNO,BAJO_PESO,3–3.99,3–3.99,3–3.99,3–3.99
12,1,M,2,A pie,Baja frecuencia,Otro / No aplica,SIN_CARGAS,No,Diurno,Arrendada,Zona urbana,No,No,0,Si,No,No,Con poca frecuencia,No responde,Comuna Occidental,Media,Media,No,No,No étnico,BAJO,COMPLETOS,POCOS_1_2,NO_TRABAJA,CON_NINOS_1_2,COGNITIVA,BAJO,NORMAL,3–3.99,3–3.99,3–3.99,3–3.99
5,0,M,4,Servicio público,Baja frecuencia,Otro / No aplica,CON_CARGAS,Si,Diurno,Arrendada,Zona rural,Si,Si,0,No,No,No,Con poca frecuencia,No responde,Municipios Aledaños,Media,Media,Sí,No,No étnico,BAJO,SIN_RECURSOS,POCOS_1_2,NO_TRABAJA,HOGAR_SIN_NINOS,COGNITIVA,NINGUNO,NORMAL,3–3.99,3–3.99,3–3.99,3–3.99
1,0,F,3,A pie,Baja frecuencia,Recursos propios,CON_CARGAS,Si,Diurno,Arrendada,Zona urbana,Si,Si,0,Si,No,No,Frecuentemente,No responde,Comuna Sur Occidental,Básica,Media,No,No,No étnico,ALTO,SIN_RECURSOS,POCOS_1_2,NO_TRABAJA,CON_NINOS_1_2,COGNITIVA,NINGUNO,NORMAL,3–3.99,3–3.99,4–5,4–5
2,0,M,4,Servicio público,Baja frecuencia,Recursos propios,SIN_CARGAS,No,Diurno,Propia pagada,Zona urbana,Si,Si,0,No,No,Si,Casi nunca,Heterosexual,Municipios Aledaños,Media,Superior,No,No,No étnico,ALTO,COMPLETOS,POCOS_1_2,NO_TRABAJA,HOGAR_SIN_NINOS,COGNITIVA,BAJO,NORMAL,4–5,4–5,3–3.99,4–5
5,0,M,2,A pie,Baja frecuencia,Otro / No aplica,SIN_CARGAS,Si,Diurno,Arrendada,Zona urbana,Si,Si,0,No,No,No,Frecuentemente,Heterosexual,Comuna Norte,Media,Media,No,No,No étnico,MEDIO,BASICOS,VARIOS_3_MAS,NO_TRABAJA,HOGAR_SIN_NINOS,COGNITIVA,NINGUNO,NORMAL,3–3.99,3–3.99,4–5,3–3.99
7,0,M,3,A pie,Alta frecuencia,Beca,SIN_CARGAS,No,Nocturno,Arrendada,Zona urbana,Si,Si,0,No,No,No,Con poca frecuencia,Heterosexual,Comuna Sur Occidental,Básica,Media,Sí,No,No étnico,ALTO,BASICOS,VARIOS_3_MAS,ALTA_>20,HOGAR_SIN_NINOS,COGNITIVA,BAJO,NORMAL,3–3.99,4–5,3–3.99,3–3.99
2,0,M,4,Servicio público,Baja frecuencia,Beca,CON_CARGAS,No,Diurno,Propia pagada,Zona rural,Si,Si,0,Si,No,No,Casi nunca,Heterosexual,Municipios Aledaños,Básica,Superior,No,No,No étnico,ALTO,BASICOS,VARIOS_3_MAS,NO_TRABAJA,HOGAR_SIN_NINOS,COGNITIVA,NINGUNO,BAJO_PESO,3–3.99,3–3.99,4–5,3–3.99
2,0,M,4,A pie,Baja frecuencia,Beca,SIN_CARGAS,Si,Diurno,Arrendada,Zona urbana,Si,Si,0,No,No,No,Casi nunca,Heterosexual,Comuna Sur Oriental,Básica,Media,No,No,No étnico,BAJO,COMPLETOS,POCOS_1_2,NO_TRABAJA,HOGAR_SIN_NINOS,COGNITIVA,NINGUNO,NORMAL,4–5,3–3.99,4–5,4–5
0,0,M,4,Servicio público,Baja frecuencia,Recursos propios,SIN_CARGAS,No,Diurno,Propia pagada,Zona urbana,Si,Si,0,No,No,No,Con poca frecuencia,Diversa,Municipios Aledaños,Media,Media,Sí,No,No étnico,MEDIO,COMPLETOS,POCOS_1_2,NO_TRABAJA,CON_NINOS_1_2,COGNITIVA,ALTO,NORMAL,3–3.99,4–5,4–5,4–5
1,0,M,4,Servicio público,Baja frecuencia,Beca,CON_CARGAS,Si,Diurno,Propia pagada,Zona rural,Si,Si,0,No,No,No,Frecuentemente,Heterosexual,Comuna Oriental,Media,Básica,Sí,No,No étnico,MEDIO,BASICOS,POCOS_1_2,NO_TRABAJA,HOGAR_SIN_NINOS,COGNITIVA,NINGUNO,BAJO_PESO,4–5,4–5,4–5,4–5
0,0,M,3,Bicicleta,Alta frecuencia,Recursos propios,SIN_CARGAS,Si,Diurno,Propia pagada,Zona urbana,Si,No,0,No,No,No,Con poca frecuencia,Heterosexual,Comuna Norte,Media,Media,No,No,No étnico,MEDIO,COMPLETOS,POCOS_1_2,NO_TRABAJA,HOGAR_SIN_NINOS,COGNITIVA,NINGUNO,NORMAL,4–5,4–5,4–5,4–5
3,0,M,3,Vehículo motorizado,Alta frecuencia,Recursos propios,SIN_CARGAS,No,Diurno,Arrendada,Zona urbana,Si,No,0,Si,No,No,Con poca frecuencia,Heterosexual,Comuna Oriental,Media,Superior,Sí,No,No étnico,BAJO,COMPLETOS,POCOS_1_2,NO_TRABAJA,CON_NINOS_1_2,COGNITIVA,BAJO,SOBREPESO,3–3.99,3–3.99,3–3.99,3–3.99
5,0,M,2,A pie,Baja frecuencia,Beca,SIN_CARGAS,No,Diurno,Arrendada,Zona rural,Si,Si,0,Si,No,No,Con poca frecuencia,No responde,Municipios Aledaños,Básica,Básica,No,No,No étnico,MEDIO,BASICOS,NINGUNO,NO_TRABAJA,HOGAR_SIN_NINOS,COGNITIVA,NINGUNO,BAJO_PESO,3–3.99,3–3.99,3–3.99,3–3.99
3,0,M,4,Servicio público,Alta frecuencia,Recursos propios,SIN_CARGAS,Si,Diurno,Propia pagada,Zona urbana,Si,Si,0,No,No,No,Frecuentemente,Heterosexual,Comuna Sur Occidental,Básica,Media,No,No,No étnico,ALTO,BASICOS,POCOS_1_2,ALTA_>20,HOGAR_SIN_NINOS,COGNITIVA,NINGUNO,SOBREPESO,4–5,4–5,3–3.99,4–5
4,1,M,3,A pie,Baja frecuencia,Beca,CON_CARGAS,No,Diurno,Arrendada,Zona rural,Si,No,0,No,No,No,Con poca frecuencia,No responde,Comuna Occidental,Media,Media,No,No,No étnico,BAJO,COMPLETOS,POCOS_1_2,NO_TRABAJA,CON_NINOS_1_2,SIN,BAJO,NORMAL,3–3.99,3–3.99,3–3.99,3–3.99
12,0,M,3,Servicio público,Baja frecuencia,Recursos propios,CON_CARGAS,No,Diurno,Arrendada,Zona urbana,Si,No,0,No,No,No,Casi nunca,Heterosexual,Comuna Norte,Superior,Media,No,No,No étnico,MEDIO,COMPLETOS,POCOS_1_2,NO_TRABAJA,SOLO_SIN_NINOS,COGNITIVA,NINGUNO,NORMAL,3–3.99,3–3.99,3–3.99,3–3.99
1,0,M,4,Servicio público,Baja frecuencia,Beca,CON_CARGAS,Si,Diurno,Arrendada,Zona urbana,Si,No,0,No,No,No,Con poca frecuencia,Heterosexual,Comuna Oriental,Media,Superior,No,No,No étnico,MEDIO,COMPLETOS,POCOS_1_2,NO_TRABAJA,HOGAR_SIN_NINOS,COGNITIVA,BAJO,NORMAL,4–5,4–5,4–5,4–5
2,0,M,4,A pie,Baja frecuencia,Recursos propios,SIN_CARGAS,No,Diurno,Arrendada,Zona urbana,Si,No,0,No,No,No,Frecuentemente,No responde,Comuna Oriental,Media,Media,Sí,No,No étnico,BAJO,COMPLETOS,POCOS_1_2,NO_TRABAJA,CON_NINOS_1_2,MULTIPLE,NINGUNO,NORMAL,4–5,4–5,3–3.99,4–5
0,0,M,4,A pie,Baja frecuencia,Beca,CON_CARGAS,Si,Diurno,Arrendada,Zona urbana,Si,Si,0,Si,No,No,Con poca frecuencia,Heterosexual,Comuna Sur Occidental,Superior,Superior,No,No,No étnico,BAJO,COMPLETOS,POCOS_1_2,NO_TRABAJA,HOGAR_SIN_NINOS,COGNITIVA,ALTO,NORMAL,4–5,4–5,4–5,4–5
6,1,M,3,Bicicleta,Alta frecuencia,Recursos propios,SIN_CARGAS,No,Diurno,Propia pagada,Zona urbana,Si,Si,0,Si,No,No,Con poca frecuencia,No responde,Comuna Oriental,Media,Media,No,No,No étnico,BAJO,BASICOS,POCOS_1_2,NO_TRABAJA,CON_NINOS_1_2,COGNITIVA,NINGUNO,BAJO_PESO,3–3.99,3–3.99,3–3.99,3–3.99
0,1,F,3,A pie,Alta frecuencia,Recursos propios,CON_CARGAS,Si,Diurno,Arrendada,Zona urbana,No,Si,2,No,No,No,Con poca frecuencia,No responde,Comuna Sur Occidental,Media,Media,Sí,No,No étnico,BAJO,COMPLETOS,POCOS_1_2,NO_TRABAJA,CON_NINOS_1_2,COGNITIVA,BAJO,SOBREPESO,4–5,4–5,4–5,4–5
2,0,M,3,Servicio público,Otro,Crédito,SIN_CARGAS,Si,Mixto,Arrendada,Zona urbana,No,No,0,No,No,No,Frecuentemente,Heterosexual,Comuna Oriental,Básica,Superior,No,No,No étnico,ALTO,BASICOS,NINGUNO,PARCIAL_1_20,CON_NINOS_1_2,COGNITIVA,NINGUNO,SOBREPESO,4–5,4–5,4–5,4–5
0,0,M,4,A pie,Baja frecuencia,Otro / No aplica,SIN_CARGAS,Si,Diurno,Arrendada,Zona urbana,No,Si,0,Si,No,No,Con poca frecuencia,Heterosexual,Comuna Sur Occidental,Media,Media,No,No,No étnico,ALTO,BASICOS,POCOS_1_2,NO_TRABAJA,CON_NINOS_1_2,MULTIPLE,BAJO,NORMAL,4–5,4–5,4–5,4–5
0,0,M,3,Servicio público,Baja frecuencia,Recursos propios,SIN_CARGAS,Si,Diurno,Propia pagada,Zona urbana,Si,Si,0,Si,No,No,Frecuentemente,Heterosexual,Comuna Sur Occidental,Media,Media,No,No,No étnico,BAJO,COMPLETOS,NINGUNO,NO_TRABAJA,HOGAR_SIN_NINOS,COGNITIVA,NINGUNO,SOBREPESO,4–5,4–5,4–5,4–5
0,0,F,4,Servicio público,Otro,Recursos propios,SIN_CARGAS,No,Diurno,Propia pagada,Zona urbana,Si,No,0,Si,No,No,Nunca,Heterosexual,Comuna Sur Occidental,Básica,Básica,No,No,No étnico,ALTO,COMPLETOS,VARIOS_3_MAS,NO_TRABAJA,HOGAR_SIN_NINOS,COGNITIVA,NINGUNO,NORMAL,4–5,3–3.99,4–5,4–5
0,0,F,4,A pie,Baja frecuencia,Beca,SIN_CARGAS,No,Diurno,Arrendada,Zona urbana,Si,Si,0,No,No,No,Con poca frecuencia,Heterosexual,Comuna Sur Oriental,Básica,Básica,No,No,No étnico,ALTO,COMPLETOS,POCOS_1_2,NO_TRABAJA,HOGAR_SIN_NINOS,COGNITIVA,NINGUNO,NORMAL,4–5,4–5,4–5,4–5
1,0,M,4,Servicio público,Alta frecuencia,Recursos propios,SIN_CARGAS,No,Diurno,Arrendada,Zona urbana,Si,Si,0,No,No,No,Con poca frecuencia,Heterosexual,Comuna Sur Occidental,Media,Media,No,No,No étnico,BAJO,COMPLETOS,POCOS_1_2,NO_TRABAJA,HOGAR_SIN_NINOS,COGNITIVA,BAJO,NORMAL,3–3.99,4–5,3–3.99,4–5
2,0,M,3,A pie,Baja frecuencia,Recursos propios,SIN_CARGAS,No,Mixto,Propia pagada,Zona urbana,Si,Si,0,Si,No,No,Casi nunca,Heterosexual,Comuna Oriental,Básica,Media,No,No,No étnico,BAJO,COMPLETOS,POCOS_1_2,NO_TRABAJA,HOGAR_SIN_NINOS,COGNITIVA,BAJO,SOBREPESO,4–5,4–5,4–5,4–5
10,0,M,3,Servicio público,Baja frecuencia,Beca,SIN_CARGAS,No,Diurno,Arrendada,Zona urbana,No,No,0,Si,No,No,Con poca frecuencia,Heterosexual,Comuna Norte,Básica,Básica,Sí,No,No étnico,MEDIO,BASICOS,VARIOS_3_MAS,PARCIAL_1_20,HOGAR_SIN_NINOS,COGNITIVA,NINGUNO,SOBREPESO,3–3.99,3–3.99,4–5,3–3.99
2,0,M,3,Bicicleta,Baja frecuencia,Recursos propios,SIN_CARGAS,Si,Diurno,Arrendada,Zona urbana,No,No,0,Si,No,No,Frecuentemente,Heterosexual,Comuna Oriental,Media,Media,No,No,No étnico,MEDIO,COMPLETOS,VARIOS_3_MAS,ALTA_>20,HOGAR_SIN_NINOS,COGNITIVA,NINGUNO,NORMAL,3–3.99,3–3.99,3–3.99,4–5
2,0,F,3,Bicicleta,Baja frecuencia,Beca,SIN_CARGAS,No,Diurno,Arrendada,Zona urbana,Si,Si,0,No,Sí,No,Frecuentemente,Heterosexual,Comuna Norte,Media,Media,No,No,No étnico,ALTO,BASICOS,VARIOS_3_MAS,NO_TRABAJA,CON_NINOS_1_2,COGNITIVA,NINGUNO,NORMAL,3–3.99,3–3.99,4–5,3–3.99
14,0,M,3,A pie,Alta frecuencia,Beca,SIN_CARGAS,No,Mixto,Arrendada,Zona urbana,Si,Si,0,No,No,No,Con poca frecuencia,Heterosexual,Comuna Norte,Básica,Básica,No,No,No étnico,ALTO,COMPLETOS,VARIOS_3_MAS,NO_TRABAJA,CON_NINOS_1_2,COGNITIVA,BAJO,NORMAL,3–3.99,3–3.99,3–3.99,3–3.99
1,0,M,4,Bicicleta,Alta frecuencia,Recursos propios,CON_CARGAS,Si,Diurno,Arrendada,Zona urbana,Si,Si,0,Si,No,No,Casi nunca,Heterosexual,Comuna Sur Occidental,Media,Superior,No,No,No étnico,MEDIO,COMPLETOS,POCOS_1_2,PARCIAL_1_20,HOGAR_SIN_NINOS,COGNITIVA,NINGUNO,BAJO_PESO,4–5,4–5,4–5,4–5
2,0,M,9,Servicio público,Alta frecuencia,Beca,SIN_CARGAS,Si,Mixto,Arrendada,Zona urbana,Si,No,0,No,No,No responde,Con poca frecuencia,Heterosexual,Municipios Aledaños,Básica,Media,No,No,No étnico,ALTO,COMPLETOS,POCOS_1_2,NO_TRABAJA,HOGAR_SIN_NINOS,COGNITIVA,NINGUNO,NORMAL,3–3.99,4–5,3–3.99,3–3.99
0,0,M,9,A pie,Baja frecuencia,Recursos propios,SIN_CARGAS,Si,Diurno,Propia pagandose,Zona urbana,Si,No,0,Si,No,No,Casi nunca,Heterosexual,Comuna Occidental,Media,Media,No,No,No étnico,MEDIO,COMPLETOS,VARIOS_3_MAS,NO_TRABAJA,CON_NINOS_1_2,COGNITIVA,BAJO,NORMAL,3–3.99,3–3.99,4–5,4–5
1,0,M,9,Servicio público,Baja frecuencia,Beca,SIN_CARGAS,Si,Diurno,Propia pagada,Zona urbana,Si,Si,0,No,No,No,Con poca frecuencia,Heterosexual,Sin agrupar,Media,Media,No,No,No étnico,MEDIO,BASICOS,POCOS_1_2,NO_TRABAJA,HOGAR_SIN_NINOS,COGNITIVA,BAJO,NORMAL,3–3.99,4–5,4–5,4–5
3,0,M,9,A pie,Alta frecuencia,Recursos propios,SIN_CARGAS,Si,Diurno,Propia pagada,Zona urbana,No,No,0,No,No,No,Casi nunca,Heterosexual,Comuna Occidental,Media,Superior,Sí,No,No étnico,MEDIO,BASICOS,VARIOS_3_MAS,PARCIAL_1_20,HOGAR_SIN_NINOS,COGNITIVA,ALTO,NORMAL,4–5,4–5,3–3.99,3–3.99
1,0,F,9,Servicio público,Baja frecuencia,Recursos propios,CON_CARGAS,Si,Diurno,Arrendada,Zona rural,Si,Si,0,No,No,No,Frecuentemente,No responde,Municipios Aledaños,Media,Media,No,No,No étnico,ALTO,BASICOS,NINGUNO,NO_TRABAJA,HOGAR_SIN_NINOS,COGNITIVA,BAJO,BAJO_PESO,3–3.99,3–3.99,3–3.99,4–5
11,1,M,8,Servicio público,Baja frecuencia,Recursos propios,SIN_CARGAS,No,Diurno,Arrendada,Zona rural,Si,No,0,No,No,No,Casi nunca,No responde,Comuna Centro,Media,Básica,No,No,No étnico,BAJO,COMPLETOS,POCOS_1_2,PARCIAL_1_20,HOGAR_SIN_NINOS,COGNITIVA,NINGUNO,SOBREPESO,Sin nota,2–2.99,1–1.99,2–2.99
1,0,M,8,Servicio público,Baja frecuencia,Recursos propios,SIN_CARGAS,Si,Diurno,Arrendada,Zona urbana,Si,Si,0,No,No,No,Con poca frecuencia,Heterosexual,Comuna Centro,Media,Media,No,No,No étnico,ALTO,COMPLETOS,POCOS_1_2,NO_TRABAJA,CON_NINOS_1_2,COGNITIVA,NINGUNO,NORMAL,3–3.99,3–3.99,3–3.99,3–3.99
9,1,M,3,Servicio público,Alta frecuencia,Otro / No aplica,SIN_CARGAS,Si,Diurno,Arrendada,Zona rural,Si,Si,0,Si,No,No,Con poca frecuencia,No responde,Municipios Aledaños,Básica,Media,No,No,No étnico,MEDIO,BASICOS,VARIOS_3_MAS,NO_TRABAJA,CON_NINOS_3_MAS,COGNITIVA,BAJO,NORMAL,2–2.99,3–3.99,1–1.99,1–1.99
5,1,M,2,A pie,Baja frecuencia,Beca,CON_CARGAS,No,Diurno,Propia pagandose,Zona urbana,Si,Si,0,No,No,No,Nunca,No responde,Comuna Oriental,Media,Media,No,No,No étnico,ALTO,COMPLETOS,NINGUNO,NO_TRABAJA,HOGAR_SIN_NINOS,COGNITIVA,NINGUNO,OBESIDAD,1–1.99,3–3.99,0–0.99,1–1.99
1,0,M,9,Servicio público,Baja frecuencia,Recursos propios,SIN_CARGAS,No,Mixto,Arrendada,Zona rural,Si,Si,0,Si,No,No,Frecuentemente,Heterosexual,Comuna Occidental,Media,Media,No,No,No étnico,BAJO,COMPLETOS,VARIOS_3_MAS,NO_TRABAJA,CON_NINOS_1_2,COGNITIVA,NINGUNO,NORMAL,3–3.99,3–3.99,3–3.99,3–3.99
2,0,F,9,A pie,Baja frecuencia,Recursos propios,CON_CARGAS,Si,Diurno,Propia pagandose,Zona urbana,Si,No,2,Si,No,No responde,Con poca frecuencia,No responde,Bogota,Media,Media,No,No,No reportado,BAJO,COMPLETOS,VARIOS_3_MAS,PARCIAL_1_20,CON_NINOS_1_2,MULTIPLE,NINGUNO,NORMAL,4–5,4–5,3–3.99,4–5
0,0,M,3,A pie,Alta frecuencia,Beca,SIN_CARGAS,Si,Diurno,Propia pagandose,Zona rural,Si,No,0,Si,No,No,Con poca frecuencia,No responde,Comuna Sur Occidental,Media,Media,Sí,No,No étnico,ALTO,BASICOS,VARIOS_3_MAS,NO_TRABAJA,HOGAR_SIN_NINOS,COGNITIVA,BAJO,SOBREPESO,4–5,4–5,4–5,4–5
0,1,F,3,Bicicleta,Baja frecuencia,Beca,SIN_CARGAS,Si,Diurno,Arrendada,Zona rural,No,Si,0,No,No,Si,Frecuentemente,No responde,Municipios Aledaños,Básica,Básica,No,No,No étnico,MEDIO,BASICOS,POCOS_1_2,NO_TRABAJA,SOLO_SIN_NINOS,COGNITIVA,NINGUNO,NORMAL,3–3.99,4–5,3–3.99,4–5
1,0,M,2,A pie,Baja frecuencia,Recursos propios,SIN_CARGAS,No,Diurno,Arrendada,Zona urbana,Si,No,0,No,No,No,Con poca frecuencia,Heterosexual,Comuna Sur Oriental,Superior,Media,No,No,No étnico,ALTO,COMPLETOS,POCOS_1_2,NO_TRABAJA,CON_NINOS_1_2,COGNITIVA,NINGUNO,SOBREPESO,3–3.99,4–5,4–5,4–5
2,0,M,2,Servicio público,Alta frecuencia,Recursos propios,SIN_CARGAS,Si,Diurno,Arrendada,Zona rural,Si,No,0,No,No,No,Con poca frecuencia,Heterosexual,Municipios Aledaños,Media,Media,No,No,No étnico,ALTO,COMPLETOS,POCOS_1_2,NO_TRABAJA,HOGAR_SIN_NINOS,COGNITIVA,NINGUNO,NORMAL,3–3.99,3–3.99,3–3.99,3–3.99
5,0,M,3,Servicio público,Baja frecuencia,Beca,SIN_CARGAS,No,Diurno,Arrendada,Zona rural,Si,Si,0,No,No,No,Con poca frecuencia,Heterosexual,Bogota,Media,Media,No,No,No étnico,MEDIO,SIN_RECURSOS,VARIOS_3_MAS,NO_TRABAJA,CON_NINOS_1_2,COGNITIVA,NINGUNO,NORMAL,3–3.99,3–3.99,3–3.99,4–5
0,0,F,2,Servicio público,Baja frecuencia,Recursos propios,SIN_CARGAS,No,Diurno,Propia pagada,Zona urbana,Si,Si,0,No,No,No,Con poca frecuencia,Heterosexual,Bogota,Media,Media,No,No,No étnico,MEDIO,BASICOS,POCOS_1_2,NO_TRABAJA,HOGAR_SIN_NINOS,COGNITIVA,NINGUNO,NORMAL,3–3.99,4–5,4–5,4–5
0,0,M,3,A pie,Baja frecuencia,Beca,SIN_CARGAS,Si,Diurno,Propia pagada,Zona urbana,Si,No,0,No,No,No,Con poca frecuencia,Heterosexual,Comuna Sur Occidental,Media,Básica,Sí,No,No étnico,BAJO,COMPLETOS,VARIOS_3_MAS,NO_TRABAJA,CON_NINOS_1_2,COGNITIVA,NINGUNO,BAJO_PESO,3–3.99,4–5,4–5,4–5
0,0,M,3,A pie,Baja frecuencia,Beca,SIN_CARGAS,No,Mixto,Propia pagandose,Zona rural,Si,Si,0,Si,No,No,Frecuentemente,Diversa,Comuna Oriental,Básica,Media,Sí,No,No étnico,BAJO,COMPLETOS,POCOS_1_2,NO_TRABAJA,CON_NINOS_1_2,COGNITIVA,BAJO,NORMAL,3–3.99,4–5,4–5,4–5
5,0,M,2,Servicio público,Baja frecuencia,Recursos propios,SIN_CARGAS,No,Diurno,Propia pagada,Zona urbana,Si,No,0,Si,Sí,No,Casi nunca,Heterosexual,Comuna Sur Occidental,Media,Media,No,No,No étnico,BAJO,COMPLETOS,VARIOS_3_MAS,NO_TRABAJA,HOGAR_SIN_NINOS,COGNITIVA,NINGUNO,NORMAL,3–3.99,3–3.99,3–3.99,4–5
2,0,M,3,A pie,Baja frecuencia,Beca,SIN_CARGAS,No,Diurno,Propia pagandose,Zona urbana,Si,Si,0,No,No,No,Con poca frecuencia,Heterosexual,Comuna Sur Oriental,Media,Media,No,No,No étnico,BAJO,COMPLETOS,POCOS_1_2,NO_TRABAJA,HOGAR_SIN_NINOS,COGNITIVA,NINGUNO,BAJO_PESO,3–3.99,4–5,4–5,4–5
0,0,M,3,A pie,Baja frecuencia,Recursos propios,SIN_CARGAS,Si,Diurno,Arrendada,Zona urbana,Si,No,0,No,No,No,Con poca frecuencia,Heterosexual,Comuna Sur Occidental,Superior,Superior,No,No,No étnico,MEDIO,COMPLETOS,POCOS_1_2,NO_TRABAJA,HOGAR_SIN_NINOS,COGNITIVA,NINGUNO,NORMAL,3–3.99,4–5,4–5,4–5
2,1,M,3,Servicio público,Baja frecuencia,Beca,SIN_CARGAS,Si,Diurno,Arrendada,Zona urbana,Si,Si,0,Si,No,No,Frecuentemente,No responde,Municipios Aledaños,Media,Media,No,No,No étnico,BAJO,BASICOS,POCOS_1_2,NO_TRABAJA,HOGAR_SIN_NINOS,COGNITIVA,BAJO,NORMAL,3–3.99,4–5,2–2.99,4–5
8,1,M,2,A pie,Baja frecuencia,Recursos propios,SIN_CARGAS,No,Diurno,Propia pagada,Zona urbana,Si,Si,0,Si,No,No,Frecuentemente,No responde,Comuna Occidental,Media,Media,No,No,No étnico,BAJO,COMPLETOS,NINGUNO,NO_TRABAJA,HOGAR_SIN_NINOS,COGNITIVA,NINGUNO,NORMAL,2–2.99,3–3.99,1–1.99,3–3.99
0,0,M,3,Servicio público,Baja frecuencia,Recursos propios,SIN_CARGAS,No,Diurno,Propia pagada,Zona rural,Si,Si,0,No,No,No responde,Casi nunca,Heterosexual,Municipios Aledaños,Básica,Media,No,No,No reportado,MEDIO,COMPLETOS,POCOS_1_2,NO_TRABAJA,HOGAR_SIN_NINOS,MULTIPLE,NINGUNO,NORMAL,3–3.99,3–3.99,4–5,4–5
2,0,M,3,A pie,Baja frecuencia,Otro / No aplica,SIN_CARGAS,Si,Diurno,Arrendada,Zona urbana,Si,Si,0,Si,No,No,Con poca frecuencia,Heterosexual,Comuna Occidental,Superior,Media,No,No,No étnico,BAJO,COMPLETOS,VARIOS_3_MAS,NO_TRABAJA,HOGAR_SIN_NINOS,COGNITIVA,NINGUNO,NORMAL,3–3.99,4–5,3–3.99,4–5
6,1,M,3,A pie,Alta frecuencia,Recursos propios,SIN_CARGAS,Si,Diurno,Arrendada,Zona urbana,Si,No,0,No,No,No,Casi nunca,No responde,Comuna Oriental,Media,Media,No,No,No étnico,ALTO,COMPLETOS,VARIOS_3_MAS,NO_TRABAJA,HOGAR_SIN_NINOS,COGNITIVA,NINGUNO,NORMAL,3–3.99,3–3.99,3–3.99,3–3.99
0,0,M,2,Servicio público,Baja frecuencia,Recursos propios,SIN_CARGAS,No,Diurno,Propia pagandose,Zona urbana,Si,No,0,No,No,No,Con poca frecuencia,Diversa,Comuna Centro,Media,Media,No,No,No étnico,MEDIO,COMPLETOS,POCOS_1_2,PARCIAL_1_20,CON_NINOS_1_2,COGNITIVA,BAJO,NORMAL,4–5,4–5,4–5,4–5
0,0,M,3,A pie,Baja frecuencia,Beca,SIN_CARGAS,No,Diurno,Propia pagada,Zona urbana,Si,Si,0,No,No,No,Casi nunca,Heterosexual,Comuna Sur Occidental,Media,Media,No,No,No étnico,MEDIO,COMPLETOS,VARIOS_3_MAS,NO_TRABAJA,HOGAR_SIN_NINOS,COGNITIVA,NINGUNO,BAJO_PESO,4–5,4–5,4–5,4–5
3,0,M,3,A pie,Baja frecuencia,Recursos propios,SIN_CARGAS,Si,Diurno,Arrendada,Zona urbana,Si,Si,0,Si,Sí,No,Con poca frecuencia,Heterosexual,Comuna Centro,Básica,Básica,No,No,No étnico,ALTO,COMPLETOS,POCOS_1_2,NO_TRABAJA,HOGAR_SIN_NINOS,COGNITIVA,NINGUNO,BAJO_PESO,3–3.99,4–5,4–5,4–5
0,0,F,2,Vehículo motorizado,Otro,Recursos propios,SIN_CARGAS,No,Diurno,Propia pagada,Zona urbana,Si,No,0,No,No,No,Casi nunca,No responde,Comuna Oriental,Media,Media,No,No,No étnico,MEDIO,COMPLETOS,POCOS_1_2,PARCIAL_1_20,HOGAR_SIN_NINOS,COGNITIVA,NINGUNO,SOBREPESO,4–5,4–5,4–5,4–5
0,0,F,2,A pie,Baja frecuencia,Recursos propios,SIN_CARGAS,No,Diurno,Propia pagada,Zona urbana,Si,No,0,No,No,No,Con poca frecuencia,No responde,Comuna Occidental,Media,Superior,No,No,No étnico,BAJO,COMPLETOS,POCOS_1_2,NO_TRABAJA,HOGAR_SIN_NINOS,COGNITIVA,NINGUNO,NORMAL,3–3.99,4–5,4–5,4–5
0,0,M,3,Servicio público,Otro,Beca,SIN_CARGAS,Si,Diurno,Arrendada,Zona rural,Si,Si,0,No,No,No,Con poca frecuencia,Heterosexual,Municipios Aledaños,Básica,Media,No,No,No étnico,MEDIO,COMPLETOS,NINGUNO,NO_TRABAJA,HOGAR_SIN_NINOS,COGNITIVA,BAJO,NORMAL,4–5,4–5,4–5,4–5
6,1,M,3,A pie,Baja frecuencia,Otro / No aplica,SIN_CARGAS,Si,Diurno,Arrendada,Zona urbana,Si,Si,0,No,No,No,Frecuentemente,Heterosexual,Comuna Norte,Media,Media,No,No,No étnico,BAJO,BASICOS,POCOS_1_2,NO_TRABAJA,HOGAR_SIN_NINOS,COGNITIVA,MODERADO,NORMAL,3–3.99,3–3.99,3–3.99,3–3.99
1,0,M,2,Servicio público,Baja frecuencia,Recursos propios,SIN_CARGAS,No,Diurno,Propia pagada,Zona urbana,Si,Si,0,Si,No,No,Con poca frecuencia,Heterosexual,Comuna Centro,Media,Media,No,Sí,Étnico,MEDIO,COMPLETOS,POCOS_1_2,NO_TRABAJA,HOGAR_SIN_NINOS,COGNITIVA,NINGUNO,NORMAL,3–3.99,4–5,3–3.99,4–5
3,0,M,2,A pie,Baja frecuencia,Recursos propios,SIN_CARGAS,No,Diurno,Propia pagada,Zona urbana,Si,No,0,Si,No,No,Con poca frecuencia,Heterosexual,Comuna Centro,Superior,Superior,No,No,No étnico,MEDIO,COMPLETOS,POCOS_1_2,NO_TRABAJA,CON_NINOS_1_2,COGNITIVA,NINGUNO,NORMAL,3–3.99,3–3.99,4–5,4–5
0,0,M,3,A pie,Baja frecuencia,Recursos propios,CON_CARGAS,No,Diurno,Arrendada,Zona urbana,Si,No,1,Si,No,No,Casi nunca,Heterosexual,Comuna Oriental,Superior,Superior,No,No,No étnico,BAJO,BASICOS,VARIOS_3_MAS,NO_TRABAJA,HOGAR_SIN_NINOS,COGNITIVA,NINGUNO,SOBREPESO,3–3.99,4–5,4–5,4–5
0,1,M,3,Servicio público,Baja frecuencia,Recursos propios,SIN_CARGAS,Si,Diurno,Propia pagandose,Zona urbana,Si,Si,0,No,No,No,Frecuentemente,Heterosexual,Comuna Norte,Básica,Media,No,No,No étnico,MEDIO,COMPLETOS,VARIOS_3_MAS,NO_TRABAJA,CON_NINOS_1_2,COGNITIVA,BAJO,NORMAL,3–3.99,4–5,3–3.99,4–5
3,0,M,2,A pie,Baja frecuencia,Recursos propios,CON_CARGAS,No,Diurno,Propia pagandose,Zona urbana,Si,Si,0,No,No,No,Casi nunca,Heterosexual,Comuna Sur Oriental,Media,Superior,No,No,No étnico,MEDIO,COMPLETOS,POCOS_1_2,NO_TRABAJA,CON_NINOS_1_2,COGNITIVA,NINGUNO,NORMAL,3–3.99,3–3.99,3–3.99,3–3.99
2,0,M,2,A pie,Baja frecuencia,Otro / No aplica,SIN_CARGAS,No,Diurno,Propia pagandose,Zona rural,Si,Si,0,Si,No,No,Con poca frecuencia,Heterosexual,Comuna Sur Oriental,Media,Media,No,No,No étnico,BAJO,COMPLETOS,POCOS_1_2,NO_TRABAJA,HOGAR_SIN_NINOS,COGNITIVA,NINGUNO,NORMAL,3–3.99,3–3.99,3–3.99,3–3.99
0,0,M,3,A pie,Baja frecuencia,Recursos propios,CON_CARGAS,No,Diurno,Propia pagada,Zona urbana,Si,No,0,No,No,No,Con poca frecuencia,Heterosexual,Comuna Sur Oriental,Media,Media,No,No,No étnico,BAJO,COMPLETOS,POCOS_1_2,NO_TRABAJA,HOGAR_SIN_NINOS,COGNITIVA,NINGUNO,BAJO_PESO,4–5,4–5,4–5,4–5
4,0,M,2,A pie,Baja frecuencia,Recursos propios,CON_CARGAS,Si,Diurno,Arrendada,Zona urbana,Si,No,0,No,No,No,Con poca frecuencia,Heterosexual,Comuna Occidental,Media,Media,Sí,No,No étnico,ALTO,COMPLETOS,VARIOS_3_MAS,NO_TRABAJA,CON_NINOS_1_2,COGNITIVA,NINGUNO,BAJO_PESO,3–3.99,3–3.99,3–3.99,3–3.99
0,0,M,3,A pie,Baja frecuencia,Beca,SIN_CARGAS,No,Mixto,Arrendada,Zona urbana,Si,Si,0,No,No,No,Casi nunca,Heterosexual,Comuna Sur Oriental,Media,Media,No,No,No étnico,BAJO,COMPLETOS,POCOS_1_2,NO_TRABAJA,HOGAR_SIN_NINOS,COGNITIVA,BAJO,NORMAL,3–3.99,3–3.99,3–3.99,4–5
3,0,M,3,Servicio público,Baja frecuencia,Recursos propios,CON_CARGAS,No,Diurno,Propia pagada,Zona urbana,Si,Si,0,No,No,No,Frecuentemente,No responde,Comuna Centro,Media,Media,No,No,No étnico,ALTO,BASICOS,POCOS_1_2,NO_TRABAJA,HOGAR_SIN_NINOS,COGNITIVA,NINGUNO,NORMAL,3–3.99,3–3.99,3–3.99,4–5
0,0,M,3,A pie,Baja frecuencia,Beca,SIN_CARGAS,No,Mixto,Propia pagada,Zona rural,Si,Si,0,No,Sí,Si,Frecuentemente,No responde,Comuna Centro,Básica,Media,No,No,No étnico,MEDIO,BASICOS,POCOS_1_2,NO_TRABAJA,HOGAR_SIN_NINOS,COGNITIVA,NINGUNO,NORMAL,4–5,4–5,4–5,4–5
9,0,F,2,Servicio público,Baja frecuencia,Recursos propios,SIN_CARGAS,No,Diurno,Propia pagada,Zona urbana,Si,No,0,No,No,No,Casi nunca,Heterosexual,Comuna Centro,Media,Media,No,No,No étnico,MEDIO,COMPLETOS,POCOS_1_2,NO_TRABAJA,CON_NINOS_1_2,COGNITIVA,NINGUNO,NORMAL,3–3.99,3–3.99,3–3.99,3–3.99
0,0,F,2,A pie,Baja frecuencia,Recursos propios,SIN_CARGAS,Si,Diurno,Propia pagandose,Zona rural,Si,Si,0,Si,No,No responde,Frecuentemente,No responde,Comuna Sur Oriental,Media,Media,No,No,No reportado,MEDIO,COMPLETOS,POCOS_1_2,NO_TRABAJA,SOLO_SIN_NINOS,MULTIPLE,NINGUNO,NORMAL,4–5,4–5,4–5,4–5
0,0,M,2,Servicio público,Baja frecuencia,Otro / No aplica,CON_CARGAS,No,Diurno,Propia pagada,Zona urbana,Si,Si,0,No,No,No,Con poca frecuencia,Heterosexual,Sin agrupar,Media,Media,No,No,No étnico,BAJO,BASICOS,POCOS_1_2,NO_TRABAJA,CON_NINOS_1_2,COGNITIVA,NINGUNO,NORMAL,3–3.99,4–5,4–5,4–5
7,1,M,2,A pie,Baja frecuencia,Recursos propios,SIN_CARGAS,No,Diurno,Arrendada,Zona urbana,Si,Si,0,No,No,No,Con poca frecuencia,No responde,Comuna Sur Occidental,Media,Superior,No,No,No étnico,BAJO,COMPLETOS,POCOS_1_2,NO_TRABAJA,CON_NINOS_1_2,COGNITIVA,NINGUNO,NORMAL,2–2.99,2–2.99,3–3.99,3–3.99
0,0,M,2,A pie,Baja frecuencia,Beca,SIN_CARGAS,Si,Diurno,Arrendada,Zona urbana,Si,Si,0,No,No,No,Casi nunca,Heterosexual,Comuna Sur Occidental,Media,Media,Sí,No,No étnico,MEDIO,COMPLETOS,VARIOS_3_MAS,NO_TRABAJA,CON_NINOS_1_2,COGNITIVA,NINGUNO,BAJO_PESO,3–3.99,4–5,4–5,4–5
0,0,M,3,Servicio público,Alta frecuencia,Beca,CON_CARGAS,Si,Diurno,Arrendada,Zona rural,Si,Si,0,Si,Sí,No,Con poca frecuencia,Heterosexual,Municipios Aledaños,Media,Media,No,No,No étnico,ALTO,BASICOS,POCOS_1_2,NO_TRABAJA,HOGAR_SIN_NINOS,COGNITIVA,NINGUNO,NORMAL,3–3.99,4–5,4–5,4–5
0,0,M,3,Servicio público,Alta frecuencia,Beca,SIN_CARGAS,Si,Diurno,Arrendada,Zona urbana,Si,Si,0,No,No,Si,Frecuentemente,Heterosexual,Municipios Aledaños,Media,Media,No,No,No étnico,ALTO,BASICOS,VARIOS_3_MAS,ALTA_>20,HOGAR_SIN_NINOS,COGNITIVA,NINGUNO,NORMAL,4–5,4–5,4–5,4–5
1,0,M,2,A pie,Baja frecuencia,Recursos propios,CON_CARGAS,No,Diurno,Arrendada,Zona urbana,Si,Si,0,No,No,No,Con poca frecuencia,No responde,Comuna Sur Oriental,Básica,Media,Sí,No,No étnico,BAJO,BASICOS,NINGUNO,NO_TRABAJA,HOGAR_SIN_NINOS,COGNITIVA,NINGUNO,NORMAL,4–5,4–5,3–3.99,4–5
5,0,M,2,A pie,Baja frecuencia,Recursos propios,SIN_CARGAS,No,Diurno,Arrendada,Zona urbana,Si,No,0,No,No,No,Con poca frecuencia,Heterosexual,Comuna Occidental,Media,Superior,No,No,No étnico,MEDIO,COMPLETOS,POCOS_1_2,NO_TRABAJA,HOGAR_SIN_NINOS,COGNITIVA,NINGUNO,NORMAL,3–3.99,3–3.99,4–5,3–3.99
0,0,F,3,Servicio público,Alta frecuencia,Beca,SIN_CARGAS,No,Diurno,Arrendada,Zona urbana,Si,Si,0,No,No,No,Frecuentemente,No responde,Municipios Aledaños,Media,Media,Sí,No,No étnico,ALTO,COMPLETOS,POCOS_1_2,NO_TRABAJA,CON_NINOS_1_2,COGNITIVA,BAJO,NORMAL,3–3.99,4–5,4–5,4–5
9,1,M,3,Servicio público,Baja frecuencia,Recursos propios,SIN_CARGAS,No,Diurno,Propia pagada,Zona urbana,Si,No,0,Si,No,No,Frecuentemente,No responde,Comuna Oriental,Superior,Media,No,No,No étnico,ALTO,COMPLETOS,POCOS_1_2,NO_TRABAJA,HOGAR_SIN_NINOS,COGNITIVA,NINGUNO,SOBREPESO,2–2.99,2–2.99,3–3.99,2–2.99
5,0,M,2,A pie,Baja frecuencia,Beca,SIN_CARGAS,Si,Mixto,Arrendada,Zona urbana,No,Si,0,No,No,No,Frecuentemente,Heterosexual,Comuna Norte,Media,Media,No,No,No étnico,ALTO,COMPLETOS,VARIOS_3_MAS,NO_TRABAJA,HOGAR_SIN_NINOS,COGNITIVA,BAJO,SOBREPESO,3–3.99,3–3.99,3–3.99,3–3.99
0,0,M,3,Servicio público,Baja frecuencia,Recursos propios,SIN_CARGAS,No,Diurno,Propia pagada,Zona urbana,Si,No,0,No,No,No,Casi nunca,Heterosexual,Comuna Oriental,Media,Básica,No,No,No étnico,BAJO,COMPLETOS,POCOS_1_2,NO_TRABAJA,CON_NINOS_1_2,COGNITIVA,NINGUNO,NORMAL,3–3.99,4–5,4–5,4–5
5,1,M,2,Servicio público,Baja frecuencia,Otro / No aplica,SIN_CARGAS,Si,Nocturno,Arrendada,Zona rural,Si,Si,0,No,No,No,Con poca frecuencia,Heterosexual,Municipios Aledaños,Media,Media,No,No,No étnico,MEDIO,BASICOS,POCOS_1_2,NO_TRABAJA,HOGAR_SIN_NINOS,COGNITIVA,ALTO,NORMAL,3–3.99,3–3.99,3–3.99,4–5
0,0,M,3,A pie,Baja frecuencia,Beca,SIN_CARGAS,No,Mixto,Propia pagada,Zona urbana,Si,Si,0,Si,No,No,Con poca frecuencia,Heterosexual,Comuna Centro,Media,Media,No,No,No étnico,BAJO,COMPLETOS,POCOS_1_2,NO_TRABAJA,HOGAR_SIN_NINOS,COGNITIVA,BAJO,NORMAL,3–3.99,4–5,4–5,4–5
1,0,M,2,Servicio público,Otro,Otro / No aplica,CON_CARGAS,No,Diurno,Propia pagandose,Zona urbana,Si,Si,0,Si,No,No,Con poca frecuencia,Heterosexual,Comuna Norte,Media,Media,No,No,No étnico,MEDIO,BASICOS,POCOS_1_2,NO_TRABAJA,CON_NINOS_1_2,COGNITIVA,NINGUNO,NORMAL,4–5,4–5,3–3.99,4–5
0,0,M,2,Servicio público,Baja frecuencia,Otro / No aplica,SIN_CARGAS,No,Diurno,Arrendada,Zona urbana,Si,No,0,No,No,No,Frecuentemente,Heterosexual,Comuna Sur Oriental,Media,Superior,No,No,No étnico,ALTO,SIN_RECURSOS,POCOS_1_2,NO_TRABAJA,HOGAR_SIN_NINOS,COGNITIVA,NINGUNO,SOBREPESO,3–3.99,3–3.99,4–5,4–5
0,0,M,3,Servicio público,Alta frecuencia,Beca,SIN_CARGAS,No,Diurno,Propia pagada,Zona rural,Si,No,0,No,No,No,Con poca frecuencia,Heterosexual,Sin agrupar,Media,Superior,Sí,No,No étnico,BAJO,COMPLETOS,POCOS_1_2,NO_TRABAJA,HOGAR_SIN_NINOS,COGNITIVA,BAJO,OBESIDAD,4–5,4–5,4–5,4–5
0,0,M,3,A pie,Baja frecuencia,Otro / No aplica,SIN_CARGAS,No,Diurno,Arrendada,Zona urbana,Si,No,0,No,No,No,Nunca,Heterosexual,Comuna Norte,Media,Superior,No,No,No étnico,BAJO,COMPLETOS,NINGUNO,NO_TRABAJA,SOLO_SIN_NINOS,COGNITIVA,NINGUNO,NORMAL,3–3.99,4–5,4–5,4–5
5,1,F,3,Servicio público,Otro,Recursos propios,SIN_CARGAS,Si,Diurno,Propia pagada,Zona urbana,Si,No,0,No,No,No,Casi nunca,No responde,Comuna Sur Occidental,Básica,Básica,No,No,No étnico,BAJO,COMPLETOS,VARIOS_3_MAS,NO_TRABAJA,HOGAR_SIN_NINOS,COGNITIVA,NINGUNO,NORMAL,3–3.99,3–3.99,2–2.99,4–5
0,0,M,3,Servicio público,Baja frecuencia,Beca,SIN_CARGAS,No,Diurno,Propia pagada,Zona rural,Si,Si,0,No,No,No,Frecuentemente,Heterosexual,Municipios Aledaños,Básica,Media,No,No,No étnico,BAJO,COMPLETOS,VARIOS_3_MAS,NO_TRABAJA,HOGAR_SIN_NINOS,COGNITIVA,NINGUNO,SOBREPESO,3–3.99,4–5,4–5,4–5
6,1,M,8,Vehículo motorizado,Baja frecuencia,Beca,CON_CARGAS,Si,Diurno,Arrendada,Zona rural,Si,Si,1,No,No,No responde,Con poca frecuencia,No responde,Municipios Aledaños,Básica,Básica,No,No,No étnico,MEDIO,BASICOS,VARIOS_3_MAS,PARCIAL_1_20,CON_NINOS_3_MAS,COGNITIVA,NINGUNO,NORMAL,3–3.99,3–3.99,2–2.99,3–3.99
1,1,M,2,A pie,Baja frecuencia,Otro / No aplica,SIN_CARGAS,Si,Mixto,Propia pagandose,Zona urbana,Si,Si,0,No,No,No,Con poca frecuencia,No responde,Comuna Occidental,Básica,Media,No,No,No étnico,BAJO,BASICOS,POCOS_1_2,PARCIAL_1_20,HOGAR_SIN_NINOS,COGNITIVA,NINGUNO,NORMAL,3–3.99,4–5,3–3.99,4–5
9,1,M,2,A pie,Baja frecuencia,Recursos propios,SIN_CARGAS,Si,Diurno,Arrendada,Zona urbana,No,Si,0,Si,No,No,Con poca frecuencia,No responde,Comuna Occidental,Media,Básica,No,No,No étnico,MEDIO,COMPLETOS,VARIOS_3_MAS,NO_TRABAJA,CON_NINOS_1_2,COGNITIVA,ALTO,OBESIDAD,3–3.99,3–3.99,3–3.99,3–3.99
0,0,M,3,A pie,Baja frecuencia,Beca,SIN_CARGAS,Si,Diurno,Propia pagada,Zona urbana,Si,Si,0,Si,No,No,Frecuentemente,No responde,Comuna Sur Occidental,Media,Básica,No,No,No étnico,MEDIO,BASICOS,POCOS_1_2,NO_TRABAJA,SOLO_SIN_NINOS,COGNITIVA,BAJO,NORMAL,3–3.99,4–5,4–5,4–5
7,1,M,1,Servicio público,Otro,Recursos propios,SIN_CARGAS,Si,Diurno,Arrendada,Zona rural,Si,Si,0,No,No,No,Con poca frecuencia,Heterosexual,Municipios Aledaños,Básica,Básica,Sí,No,No étnico,BAJO,COMPLETOS,POCOS_1_2,ALTA_>20,HOGAR_SIN_NINOS,COGNITIVA,BAJO,NORMAL,2–2.99,4–5,3–3.99,3–3.99
5,1,M,2,A pie,Alta frecuencia,Recursos propios,SIN_CARGAS,No,Diurno,Arrendada,Zona urbana,Si,No,0,No,No,Si,Con poca frecuencia,Heterosexual,Comuna Oriental,Básica,Básica,No,No,No étnico,BAJO,COMPLETOS,NINGUNO,NO_TRABAJA,SOLO_SIN_NINOS,COGNITIVA,BAJO,SOBREPESO,2–2.99,3–3.99,2–2.99,3–3.99
0,1,M,5,A pie,Baja frecuencia,Recursos propios,SIN_CARGAS,No,Diurno,Arrendada,Zona urbana,Si,No,0,No,No,No,Casi nunca,No responde,Comuna Sur Oriental,Media,Media,No,No,No étnico,MEDIO,COMPLETOS,POCOS_1_2,NO_TRABAJA,CON_NINOS_1_2,COGNITIVA,BAJO,NORMAL,3–3.99,3–3.99,3–3.99,3–3.99
0,1,M,1,A pie,Baja frecuencia,Recursos propios,SIN_CARGAS,Si,Mixto,Arrendada,Zona urbana,Si,Si,0,No,No,No,Casi nunca,No responde,Comuna Norte,Media,Media,No,No,No étnico,MEDIO,BASICOS,POCOS_1_2,PARCIAL_1_20,HOGAR_SIN_NINOS,COGNITIVA,NINGUNO,SOBREPESO,3–3.99,3–3.99,Sin nota,3–3.99
3,0,M,6,Servicio público,Alta frecuencia,Recursos propios,SIN_CARGAS,No,Diurno,Propia pagada,Zona urbana,Si,Si,0,No,No,No,Con poca frecuencia,Heterosexual,Comuna Occidental,Media,Superior,No,No,No étnico,MEDIO,BASICOS,POCOS_1_2,NO_TRABAJA,CON_NINOS_1_2,COGNITIVA,NINGUNO,NORMAL,3–3.99,3–3.99,3–3.99,3–3.99
2,0,F,9,Servicio público,Baja frecuencia,Beca,CON_CARGAS,Si,Diurno,Propia pagada,Zona rural,Si,Si,1,Si,No,No,Frecuentemente,Heterosexual,Municipios Aledaños,Media,Básica,No,No,No étnico,ALTO,BASICOS,POCOS_1_2,NO_TRABAJA,CON_NINOS_1_2,COGNITIVA,NINGUNO,NORMAL,3–3.99,4–5,3–3.99,4–5
6,1,M,1,Servicio público,Baja frecuencia,Beca,SIN_CARGAS,Si,Mixto,Propia pagada,Zona rural,Si,Si,0,No,No,No,Con poca frecuencia,No responde,Comuna Centro,Superior,Media,No,No,No étnico,ALTO,COMPLETOS,VARIOS_3_MAS,PARCIAL_1_20,CON_NINOS_1_2,MULTIPLE,NINGUNO,NORMAL,3–3.99,2–2.99,1–1.99,3–3.99
5,0,M,3,Servicio público,Baja frecuencia,Recursos propios,SIN_CARGAS,No,Diurno,Arrendada,Zona urbana,Si,No,0,Si,No,No,Con poca frecuencia,Heterosexual,Municipios Aledaños,Media,Superior,No,No,No étnico,BAJO,COMPLETOS,VARIOS_3_MAS,NO_TRABAJA,CON_NINOS_1_2,COGNITIVA,NINGUNO,NORMAL,3–3.99,4–5,4–5,3–3.99
1,0,M,1,Servicio público,Otro,Beca,SIN_CARGAS,No,Diurno,Arrendada,Zona urbana,Si,No,0,No,No,No,Casi nunca,Heterosexual,Comuna Oriental,Media,Media,No,No,No étnico,ALTO,COMPLETOS,POCOS_1_2,NO_TRABAJA,CON_NINOS_1_2,COGNITIVA,ALTO,NORMAL,3–3.99,3–3.99,3–3.99,4–5
7,1,M,1,Servicio público,Baja frecuencia,Recursos propios,SIN_CARGAS,No,Diurno,Arrendada,Zona urbana,Si,Si,0,Si,No,No,Con poca frecuencia,No responde,Comuna Occidental,Media,Media,No,No,No étnico,ALTO,COMPLETOS,POCOS_1_2,NO_TRABAJA,CON_NINOS_1_2,COGNITIVA,BAJO,SOBREPESO,3–3.99,2–2.99,0–0.99,3–3.99
1,0,F,1,Servicio público,Otro,Recursos propios,SIN_CARGAS,No,Diurno,Propia pagada,Zona urbana,Si,No,0,Si,No,No,Con poca frecuencia,Diversa,Comuna Norte,Superior,Superior,No,No,No étnico,ALTO,COMPLETOS,POCOS_1_2,NO_TRABAJA,HOGAR_SIN_NINOS,COGNITIVA,BAJO,NORMAL,4–5,4–5,4–5,4–5
1,0,M,1,Servicio público,Baja frecuencia,Recursos propios,SIN_CARGAS,No,Mixto,Arrendada,Zona rural,Si,Si,0,No,No,No,Casi nunca,Heterosexual,Municipios Aledaños,Básica,Básica,No,No,No étnico,ALTO,COMPLETOS,VARIOS_3_MAS,NO_TRABAJA,HOGAR_SIN_NINOS,COGNITIVA,BAJO,BAJO_PESO,3–3.99,3–3.99,4–5,4–5
1,0,F,2,A pie,Baja frecuencia,Otro / No aplica,SIN_CARGAS,No,Mixto,Arrendada,Zona urbana,Si,Si,0,No,No,No,Con poca frecuencia,Heterosexual,Comuna Norte,Superior,Superior,No,No,No étnico,BAJO,COMPLETOS,POCOS_1_2,NO_TRABAJA,HOGAR_SIN_NINOS,COGNITIVA,NINGUNO,NORMAL,4–5,3–3.99,4–5,4–5
0,1,F,2,Servicio público,Baja frecuencia,Recursos propios,CON_CARGAS,No,Diurno,Propia pagada,Zona urbana,Si,Si,0,No,No,No,Con poca frecuencia,Heterosexual,Comuna Sur Occidental,Media,Media,No,No,No étnico,MEDIO,COMPLETOS,POCOS_1_2,NO_TRABAJA,HOGAR_SIN_NINOS,COGNITIVA,NINGUNO,SOBREPESO,4–5,4–5,Sin nota,4–5
4,0,M,1,Servicio público,Otro,Recursos propios,SIN_CARGAS,No,Diurno,Arrendada,Zona urbana,Si,Si,0,No,No,No,Frecuentemente,No responde,Sin agrupar,Básica,Básica,Sí,No,No étnico,ALTO,COMPLETOS,POCOS_1_2,NO_TRABAJA,SOLO_SIN_NINOS,COGNITIVA,NINGUNO,SOBREPESO,3–3.99,3–3.99,3–3.99,4–5
8,1,M,1,Servicio público,Baja frecuencia,Beca,CON_CARGAS,No,Diurno,Propia pagada,Zona rural,Si,Si,0,Si,No,No,Con poca frecuencia,No responde,Sin agrupar,Básica,Básica,Sí,No,No étnico,MEDIO,COMPLETOS,NINGUNO,PARCIAL_1_20,HOGAR_SIN_NINOS,COGNITIVA,BAJO,SOBREPESO,2–2.99,3–3.99,2–2.99,2–2.99
3,0,M,1,A pie,Baja frecuencia,Recursos propios,CON_CARGAS,No,Mixto,Arrendada,Zona urbana,Si,Si,2,Si,No,No,Con poca frecuencia,Diversa,Comuna Norte,Básica,Media,No,No,No étnico,ALTO,COMPLETOS,VARIOS_3_MAS,NO_TRABAJA,HOGAR_SIN_NINOS,COGNITIVA,NINGUNO,NORMAL,3–3.99,3–3.99,3–3.99,4–5
2,0,M,2,Servicio público,Baja frecuencia,Recursos propios,SIN_CARGAS,No,Mixto,Propia pagada,Zona urbana,Si,No,0,No,No,No,Con poca frecuencia,Heterosexual,Comuna Oriental,Media,Media,No,No,No étnico,BAJO,COMPLETOS,POCOS_1_2,NO_TRABAJA,HOGAR_SIN_NINOS,COGNITIVA,NINGUNO,NORMAL,3–3.99,3–3.99,4–5,3–3.99
7,0,M,1,A pie,Baja frecuencia,Recursos propios,SIN_CARGAS,No,Diurno,Arrendada,Zona urbana,Si,No,0,No,Sí,No,Con poca frecuencia,Heterosexual,Comuna Sur Occidental,Superior,Superior,Sí,No,No étnico,ALTO,COMPLETOS,NINGUNO,NO_TRABAJA,HOGAR_SIN_NINOS,MULTIPLE,NINGUNO,NORMAL,3–3.99,3–3.99,3–3.99,3–3.99
0,0,M,1,Servicio público,Otro,Beca,SIN_CARGAS,No,Diurno,Arrendada,Zona rural,Si,Si,0,Si,No,No,Con poca frecuencia,Heterosexual,Municipios Aledaños,Media,Básica,No,No,No étnico,MEDIO,BASICOS,VARIOS_3_MAS,NO_TRABAJA,HOGAR_SIN_NINOS,COGNITIVA,BAJO,NORMAL,4–5,4–5,4–5,4–5
3,1,M,1,A pie,Baja frecuencia,Beca,SIN_CARGAS,No,Diurno,Propia pagada,Zona urbana,Si,No,0,No,No,No,Con poca frecuencia,No responde,Comuna Sur Occidental,Media,Media,Sí,Sí,Étnico,BAJO,BASICOS,VARIOS_3_MAS,NO_TRABAJA,CON_NINOS_3_MAS,COGNITIVA,NINGUNO,NORMAL,4–5,3–3.99,Sin nota,2–2.99
6,1,M,2,Servicio público,Baja frecuencia,Recursos propios,SIN_CARGAS,No,Mixto,Propia pagada,Zona rural,Si,No,0,Si,No,No,Frecuentemente,No responde,Municipios Aledaños,Superior,Media,No,No,No étnico,ALTO,COMPLETOS,POCOS_1_2,NO_TRABAJA,HOGAR_SIN_NINOS,COGNITIVA,BAJO,NORMAL,3–3.99,3–3.99,2–2.99,3–3.99
4,1,M,1,Servicio público,Baja frecuencia,Recursos propios,SIN_CARGAS,No,Diurno,Arrendada,Zona urbana,Si,No,0,No,No,No,Casi nunca,No responde,Comuna Sur Occidental,Superior,Media,No,No,No étnico,BAJO,COMPLETOS,POCOS_1_2,NO_TRABAJA,HOGAR_SIN_NINOS,COGNITIVA,NINGUNO,NORMAL,3–3.99,4–5,4–5,4–5
0,1,M,1,A pie,Baja frecuencia,Recursos propios,CON_CARGAS,No,Mixto,Arrendada,Zona urbana,Si,Si,0,No,No,No,Casi nunca,No responde,Comuna Norte,Media,Media,No,No,No étnico,MEDIO,BASICOS,VARIOS_3_MAS,NO_TRABAJA,CON_NINOS_1_2,COGNITIVA,BAJO,NORMAL,4–5,3–3.99,3–3.99,3–3.99
0,0,M,1,A pie,Baja frecuencia,Otro / No aplica,SIN_CARGAS,No,Diurno,Arrendada,Zona urbana,Si,Si,0,No,No,No responde,Frecuentemente,Heterosexual,Comuna Centro,Media,Media,No,No,No reportado,BAJO,SIN_RECURSOS,VARIOS_3_MAS,NO_TRABAJA,HOGAR_SIN_NINOS,MULTIPLE,NINGUNO,NORMAL,4–5,3–3.99,4–5,3–3.99
5,1,M,1,A pie,Baja frecuencia,Recursos propios,CON_CARGAS,No,Diurno,Arrendada,Zona urbana,Si,No,0,No,No,No,Con poca frecuencia,No responde,Bogota,Media,Media,No,No,No étnico,BAJO,COMPLETOS,NINGUNO,NO_TRABAJA,SOLO_SIN_NINOS,COGNITIVA,NINGUNO,NORMAL,4–5,3–3.99,2–2.99,3–3.99
4,0,M,1,A pie,Baja frecuencia,Beca,CON_CARGAS,No,Diurno,Arrendada,Zona urbana,Si,No,1,Si,No,No,Con poca frecuencia,No responde,Comuna Sur Oriental,Básica,Básica,No,No,No étnico,BAJO,COMPLETOS,POCOS_1_2,NO_TRABAJA,SOLO_SIN_NINOS,COGNITIVA,NINGUNO,SOBREPESO,4–5,3–3.99,3–3.99,3–3.99
0,0,M,2,Bicicleta,Otro,Recursos propios,CON_CARGAS,Si,Mixto,Propia pagada,Zona urbana,Si,No,2,Si,No,No,Con poca frecuencia,Heterosexual,Comuna Sur Occidental,Media,Media,No,No,No étnico,MEDIO,COMPLETOS,POCOS_1_2,NO_TRABAJA,CON_NINOS_1_2,COGNITIVA,NINGUNO,OBESIDAD,4–5,4–5,4–5,4–5
2,0,M,1,Servicio público,Baja frecuencia,Recursos propios,SIN_CARGAS,No,Diurno,Arrendada,Zona urbana,Si,Si,0,No,No,No,Con poca frecuencia,Heterosexual,Comuna Norte,Básica,Media,No,No,No étnico,BAJO,BASICOS,VARIOS_3_MAS,NO_TRABAJA,CON_NINOS_1_2,COGNITIVA,ALTO,SOBREPESO,4–5,3–3.99,3–3.99,4–5
8,1,M,1,A pie,Baja frecuencia,Otro / No aplica,SIN_CARGAS,No,Nocturno,Arrendada,Zona rural,No,No,0,No,No,No,Frecuentemente,No responde,Comuna Occidental,Media,Media,No,No,No étnico,BAJO,COMPLETOS,VARIOS_3_MAS,PARCIAL_1_20,SOLO_SIN_NINOS,COGNITIVA,BAJO,NORMAL,4–5,3–3.99,2–2.99,3–3.99
1,0,M,1,A pie,Baja frecuencia,Recursos propios,CON_CARGAS,No,Mixto,Arrendada,Zona urbana,Si,No,2,Si,No,No,Frecuentemente,Diversa,Comuna Occidental,Superior,Superior,No,No,No étnico,BAJO,COMPLETOS,POCOS_1_2,PARCIAL_1_20,CON_NINOS_1_2,COGNITIVA,ALTO,NORMAL,4–5,4–5,4–5,4–5
5,1,M,1,Servicio público,Baja frecuencia,Recursos propios,SIN_CARGAS,No,Diurno,Arrendada,Zona urbana,Si,Si,0,No,No,No,Con poca frecuencia,No responde,Comuna Sur Occidental,Básica,Básica,Sí,No,No étnico,MEDIO,COMPLETOS,POCOS_1_2,PARCIAL_1_20,HOGAR_SIN_NINOS,COGNITIVA,NINGUNO,NORMAL,4–5,2–2.99,Sin nota,1–1.99
5,1,M,1,A pie,Baja frecuencia,Recursos propios,SIN_CARGAS,No,Diurno,Arrendada,Zona urbana,Si,Si,0,No,No,No responde,Casi nunca,No responde,Comuna Norte,Media,Media,No,No,No étnico,MEDIO,COMPLETOS,POCOS_1_2,NO_TRABAJA,HOGAR_SIN_NINOS,COGNITIVA,NINGUNO,NORMAL,4–5,3–3.99,4–5,3–3.99
7,1,F,1,A pie,Baja frecuencia,Recursos propios,SIN_CARGAS,No,Diurno,Propia pagada,Zona urbana,Si,No,0,No,No,No,Frecuentemente,No responde,Comuna Occidental,Básica,Media,Sí,No,No étnico,BAJO,BASICOS,POCOS_1_2,NO_TRABAJA,HOGAR_SIN_NINOS,COGNITIVA,NINGUNO,NORMAL,1–1.99,1–1.99,Sin nota,0–0.99
6,1,M,1,A pie,Baja frecuencia,Recursos propios,SIN_CARGAS,No,Diurno,Arrendada,Zona urbana,Si,Si,0,No,No,No,Nunca,No responde,Municipios Aledaños,Media,Superior,No,No,No étnico,MEDIO,BASICOS,POCOS_1_2,PARCIAL_1_20,HOGAR_SIN_NINOS,COGNITIVA,NINGUNO,NORMAL,3–3.99,2–2.99,Sin nota,1–1.99
11,1,M,1,Servicio público,Alta frecuencia,Recursos propios,SIN_CARGAS,No,Diurno,Propia pagada,Zona urbana,Si,No,0,Si,No,No,Con poca frecuencia,No responde,Comuna Sur Occidental,Media,Superior,No,No,No étnico,MEDIO,BASICOS,NINGUNO,NO_TRABAJA,HOGAR_SIN_NINOS,MULTIPLE,NINGUNO,NORMAL,3–3.99,3–3.99,1–1.99,1–1.99
3,0,F,9,A pie,Baja frecuencia,Recursos propios,CON_CARGAS,Si,Diurno,Propia pagada,Zona urbana,Si,Si,1,Si,No,No,Frecuentemente,Heterosexual,Comuna Sur Occidental,Básica,Media,No,No,No étnico,MEDIO,COMPLETOS,VARIOS_3_MAS,NO_TRABAJA,CON_NINOS_1_2,COGNITIVA,NINGUNO,NORMAL,3–3.99,4–5,3–3.99,3–3.99
1,1,M,9,A pie,Baja frecuencia,Recursos propios,SIN_CARGAS,Si,Diurno,Propia pagada,Zona urbana,Si,No,0,No,No,No,Nunca,No responde,Comuna Norte,Básica,Media,No,No,No étnico,ALTO,COMPLETOS,POCOS_1_2,NO_TRABAJA,HOGAR_SIN_NINOS,COGNITIVA,BAJO,NORMAL,2–2.99,3–3.99,4–5,4–5
7,1,M,1,Servicio público,Baja frecuencia,Recursos propios,CON_CARGAS,No,Diurno,Propia pagada,Zona urbana,Si,Si,0,Si,No,No,Casi nunca,No responde,Comuna Occidental,Media,Media,No,No,No étnico,MEDIO,COMPLETOS,POCOS_1_2,NO_TRABAJA,HOGAR_SIN_NINOS,COGNITIVA,NINGUNO,NORMAL,0–0.99,0–0.99,Sin nota,0–0.99
0,0,F,9,Servicio público,Baja frecuencia,Beca,SIN_CARGAS,No,Mixto,Arrendada,Zona urbana,Si,Si,3,Si,Sí,No,Con poca frecuencia,Heterosexual,Comuna Occidental,Media,Media,No,No,No étnico,BAJO,COMPLETOS,VARIOS_3_MAS,NO_TRABAJA,CON_NINOS_1_2,SIN,BAJO,OBESIDAD,4–5,4–5,4–5,4–5
0,0,M,9,Servicio público,Baja frecuencia,Recursos propios,SIN_CARGAS,Si,Diurno,Propia pagandose,Zona urbana,Si,Si,0,No,No,No,Frecuentemente,Heterosexual,Municipios Aledaños,Media,Básica,No,No,No étnico,ALTO,BASICOS,VARIOS_3_MAS,NO_TRABAJA,HOGAR_SIN_NINOS,SIN,NINGUNO,NORMAL,4–5,4–5,4–5,4–5
0,0,M,9,A pie,Baja frecuencia,Recursos propios,SIN_CARGAS,No,Mixto,Arrendada,Zona urbana,Si,Si,0,No,Sí,No,Con poca frecuencia,No responde,Comuna Occidental,Media,Media,No,No,No étnico,BAJO,BASICOS,VARIOS_3_MAS,NO_TRABAJA,SOLO_SIN_NINOS,SIN,BAJO,NORMAL,4–5,4–5,4–5,4–5
0,0,M,9,Servicio público,Baja frecuencia,Recursos propios,SIN_CARGAS,No,Diurno,Propia pagada,Zona urbana,Si,No,0,No,Sí,No,Con poca frecuencia,Heterosexual,Comuna Sur Oriental,Superior,Superior,No,No,No étnico,BAJO,COMPLETOS,NINGUNO,ALTA_>20,HOGAR_SIN_NINOS,SIN,NINGUNO,NORMAL,3–3.99,4–5,4–5,4–5
0,0,M,9,A pie,Baja frecuencia,Crédito,SIN_CARGAS,No,Diurno,Arrendada,Zona urbana,Si,Si,0,Si,No,No,Con poca frecuencia,Heterosexual,Comuna Norte,Básica,Básica,No,No,No étnico,MEDIO,BASICOS,POCOS_1_2,NO_TRABAJA,SOLO_SIN_NINOS,SIN,BAJO,NORMAL,4–5,4–5,4–5,4–5
0,0,M,9,A pie,Baja frecuencia,Recursos propios,SIN_CARGAS,Si,Diurno,Arrendada,Zona urbana,Si,Si,0,No,No,No,Con poca frecuencia,Heterosexual,Comuna Norte,Media,Media,No,No,No étnico,BAJO,COMPLETOS,POCOS_1_2,NO_TRABAJA,HOGAR_SIN_NINOS,SIN,NINGUNO,NORMAL,4–5,4–5,3–3.99,4–5
2,0,F,9,A pie,Baja frecuencia,Beca,SIN_CARGAS,No,Mixto,Propia pagada,Zona urbana,Si,No,0,No,No,No,Casi nunca,Heterosexual,Comuna Oriental,Básica,Media,No,No,No étnico,MEDIO,BASICOS,VARIOS_3_MAS,NO_TRABAJA,CON_NINOS_1_2,SIN,BAJO,NORMAL,3–3.99,4–5,3–3.99,3–3.99
0,0,M,9,Servicio público,Alta frecuencia,Recursos propios,CON_CARGAS,Si,Diurno,Arrendada,Zona urbana,Si,No,0,No,No,No,Frecuentemente,Heterosexual,Comuna Norte,Media,Media,No,No,No étnico,ALTO,COMPLETOS,POCOS_1_2,NO_TRABAJA,HOGAR_SIN_NINOS,SIN,BAJO,NORMAL,4–5,4–5,4–5,4–5
0,0,F,9,Servicio público,Baja frecuencia,Beca,SIN_CARGAS,No,Diurno,Propia pagada,Zona rural,Si,No,1,No,No,No,Frecuentemente,Heterosexual,Municipios Aledaños,Media,Media,No,No,No étnico,BAJO,COMPLETOS,POCOS_1_2,NO_TRABAJA,CON_NINOS_1_2,COGNITIVA,NINGUNO,NORMAL,4–5,4–5,4–5,4–5
0,0,F,9,Servicio público,Baja frecuencia,Beca,SIN_CARGAS,No,Diurno,Propia pagada,Zona rural,Si,Si,0,No,No,No,Con poca frecuencia,Heterosexual,Municipios Aledaños,Básica,Media,Sí,No,No étnico,BAJO,BASICOS,POCOS_1_2,NO_TRABAJA,HOGAR_SIN_NINOS,SIN,NINGUNO,BAJO_PESO,4–5,4–5,4–5,4–5
3,0,M,8,A pie,Baja frecuencia,Recursos propios,SIN_CARGAS,No,Diurno,Arrendada,Zona urbana,Si,Si,0,No,Sí,No responde,Frecuentemente,Heterosexual,Comuna Oriental,Media,Media,No,No,No reportado,ALTO,COMPLETOS,POCOS_1_2,NO_TRABAJA,HOGAR_SIN_NINOS,MULTIPLE,NINGUNO,NORMAL,4–5,4–5,3–3.99,4–5
1,0,M,9,A pie,Baja frecuencia,Recursos propios,SIN_CARGAS,No,Mixto,Propia pagada,Zona urbana,Si,No,0,No,No,No,Casi nunca,Heterosexual,Comuna Centro,Media,Media,No,No,No étnico,MEDIO,COMPLETOS,POCOS_1_2,NO_TRABAJA,HOGAR_SIN_NINOS,SIN,NINGUNO,NORMAL,3–3.99,4–5,3–3.99,3–3.99
0,0,F,9,A pie,Baja frecuencia,Recursos propios,CON_CARGAS,No,Diurno,Arrendada,Zona rural,Si,Si,0,No,No,No,Frecuentemente,Heterosexual,Comuna Occidental,Superior,Superior,No,No,No étnico,MEDIO,BASICOS,POCOS_1_2,NO_TRABAJA,HOGAR_SIN_NINOS,COGNITIVA,NINGUNO,NORMAL,3–3.99,4–5,4–5,4–5
0,0,M,9,Servicio público,Baja frecuencia,Beca,CON_CARGAS,No,Diurno,Arrendada,Zona urbana,No,Si,0,No,No,No,Frecuentemente,Heterosexual,Municipios Aledaños,Básica,Básica,Sí,No,No étnico,ALTO,COMPLETOS,VARIOS_3_MAS,NO_TRABAJA,HOGAR_SIN_NINOS,SIN,NINGUNO,NORMAL,4–5,4–5,4–5,4–5
1,0,F,9,Servicio público,Baja frecuencia,Recursos propios,SIN_CARGAS,No,Diurno,Arrendada,Zona urbana,Si,No,0,No,Sí,No,Con poca frecuencia,No responde,Comuna Sur Occidental,Básica,Media,No,No,No étnico,BAJO,COMPLETOS,POCOS_1_2,NO_TRABAJA,HOGAR_SIN_NINOS,SIN,NINGUNO,NORMAL,3–3.99,4–5,4–5,4–5
12,0,M,7,A pie,Baja frecuencia,Beca,CON_CARGAS,No,Diurno,Arrendada,Zona urbana,Si,Si,0,Si,No,No,Con poca frecuencia,Heterosexual,Comuna Oriental,Media,Media,No,No,No étnico,ALTO,BASICOS,VARIOS_3_MAS,NO_TRABAJA,HOGAR_SIN_NINOS,SIN,NINGUNO,NORMAL,3–3.99,3–3.99,2–2.99,3–3.99
0,0,M,9,Servicio público,Baja frecuencia,Beca,CON_CARGAS,No,Mixto,Arrendada,Zona urbana,No,Si,1,No,No,No,Con poca frecuencia,Heterosexual,Comuna Sur Occidental,Media,Superior,No,No,No étnico,ALTO,COMPLETOS,POCOS_1_2,PARCIAL_1_20,CON_NINOS_1_2,SIN,BAJO,NORMAL,4–5,4–5,4–5,4–5
0,0,M,9,Servicio público,Baja frecuencia,Beca,SIN_CARGAS,No,Diurno,Arrendada,Zona urbana,Si,Si,0,No,No,No,Frecuentemente,Heterosexual,Comuna Norte,Media,Media,No,No,No étnico,MEDIO,COMPLETOS,POCOS_1_2,ALTA_>20,SOLO_SIN_NINOS,SIN,NINGUNO,NORMAL,4–5,4–5,4–5,4–5
6,1,M,0,Servicio público,Baja frecuencia,Recursos propios,SIN_CARGAS,Si,Mixto,Arrendada,Zona urbana,Si,No,0,No,No,No,Con poca frecuencia,No responde,Municipios Aledaños,Media,Media,No,No,No étnico,BAJO,BASICOS,VARIOS_3_MAS,NO_TRABAJA,CON_NINOS_1_2,COGNITIVA,NINGUNO,BAJO_PESO,Sin nota,0–0.99,0–0.99,Sin nota
0,0,M,9,Servicio público,Baja frecuencia,Beca,SIN_CARGAS,Si,Diurno,Propia pagada,Zona rural,Si,Si,0,Si,Sí,No,Frecuentemente,Heterosexual,Municipios Aledaños,Básica,Media,No,No,No étnico,ALTO,BASICOS,VARIOS_3_MAS,NO_TRABAJA,CON_NINOS_1_2,SIN,ALTO,SOBREPESO,4–5,4–5,4–5,4–5
1,0,M,9,Servicio público,Baja frecuencia,Recursos propios,SIN_CARGAS,No,Diurno,Arrendada,Zona rural,Si,Si,0,No,No,No responde,Con poca frecuencia,Heterosexual,Comuna Oriental,Básica,Básica,No,No,No reportado,BAJO,BASICOS,VARIOS_3_MAS,PARCIAL_1_20,CON_NINOS_1_2,MULTIPLE,BAJO,NORMAL,3–3.99,4–5,3–3.99,3–3.99
1,0,M,9,Servicio público,Baja frecuencia,Recursos propios,SIN_CARGAS,No,Diurno,Arrendada,Zona urbana,Si,No,0,No,No,No,Con poca frecuencia,Heterosexual,Comuna Sur Occidental,Media,Media,No,No,No étnico,ALTO,COMPLETOS,VARIOS_3_MAS,ALTA_>20,HOGAR_SIN_NINOS,SIN,BAJO,SOBREPESO,4–5,4–5,4–5,4–5
0,0,M,9,Servicio público,Baja frecuencia,Recursos propios,SIN_CARGAS,No,Diurno,Propia pagada,Zona rural,Si,Si,0,No,No,No,Con poca frecuencia,Heterosexual,Municipios Aledaños,Media,Media,No,No,No étnico,ALTO,COMPLETOS,POCOS_1_2,NO_TRABAJA,CON_NINOS_1_2,SIN,NINGUNO,NORMAL,3–3.99,4–5,4–5,4–5
0,0,F,9,Servicio público,Baja frecuencia,Recursos propios,SIN_CARGAS,No,Diurno,Arrendada,Zona urbana,Si,Si,0,No,No,No,Frecuentemente,Heterosexual,Comuna Oriental,Media,Media,No,No,No étnico,BAJO,COMPLETOS,VARIOS_3_MAS,NO_TRABAJA,CON_NINOS_1_2,SIN,NINGUNO,NORMAL,3–3.99,4–5,4–5,4–5
0,0,F,9,Servicio público,Baja frecuencia,Recursos propios,SIN_CARGAS,No,Diurno,Arrendada,Zona urbana,Si,Si,0,Si,No,No,Con poca frecuencia,Heterosexual,Comuna Sur Oriental,Media,Superior,No,No,No étnico,BAJO,COMPLETOS,VARIOS_3_MAS,NO_TRABAJA,HOGAR_SIN_NINOS,SIN,NINGUNO,NORMAL,4–5,4–5,4–5,4–5
0,0,M,9,Servicio público,Baja frecuencia,Otro / No aplica,CON_CARGAS,No,Diurno,Arrendada,Zona urbana,Si,Si,0,No,No,No,Con poca frecuencia,Heterosexual,Comuna Centro,Media,Media,No,No,No étnico,ALTO,COMPLETOS,POCOS_1_2,NO_TRABAJA,HOGAR_SIN_NINOS,SIN,NINGUNO,NORMAL,4–5,4–5,4–5,4–5
3,1,F,1,A pie,Baja frecuencia,Recursos propios,CON_CARGAS,Si,Diurno,Arrendada,Zona urbana,Si,Si,1,No,No,No,Con poca frecuencia,No responde,Comuna Norte,Media,Media,Sí,No,No étnico,BAJO,BASICOS,POCOS_1_2,NO_TRABAJA,CON_NINOS_1_2,COGNITIVA,NINGUNO,NORMAL,3–3.99,3–3.99,4–5,3–3.99
0,0,M,9,A pie,Baja frecuencia,Recursos propios,SIN_CARGAS,No,Diurno,Arrendada,Zona urbana,Si,No,0,No,Sí,No,Frecuentemente,Heterosexual,Comuna Sur Occidental,Básica,Superior,Sí,No,No étnico,MEDIO,COMPLETOS,POCOS_1_2,NO_TRABAJA,HOGAR_SIN_NINOS,SIN,BAJO,SOBREPESO,4–5,4–5,4–5,4–5
0,0,M,9,Servicio público,Baja frecuencia,Recursos propios,SIN_CARGAS,No,Diurno,Arrendada,Zona rural,Si,Si,0,No,No,No,Con poca frecuencia,Heterosexual,Municipios Aledaños,Básica,Media,No,No,No étnico,ALTO,BASICOS,POCOS_1_2,NO_TRABAJA,HOGAR_SIN_NINOS,SIN,NINGUNO,NORMAL,4–5,4–5,4–5,4–5
0,1,M,5,A pie,Alta frecuencia,Otro / No aplica,SIN_CARGAS,Si,Diurno,Arrendada,Zona urbana,Si,Si,0,No,No,No,Con poca frecuencia,No responde,Comuna Occidental,Superior,Superior,No,No,No étnico,ALTO,COMPLETOS,POCOS_1_2,ALTA_>20,HOGAR_SIN_NINOS,COGNITIVA,BAJO,SOBREPESO,Sin nota,3–3.99,3–3.99,3–3.99
0,0,M,8,A pie,Alta frecuencia,Recursos propios,SIN_CARGAS,No,Diurno,Arrendada,Zona urbana,Si,Si,0,No,Sí,No,Frecuentemente,Diversa,Comuna Sur Oriental,Básica,Superior,Sí,No,No étnico,ALTO,COMPLETOS,POCOS_1_2,NO_TRABAJA,HOGAR_SIN_NINOS,SIN,NINGUNO,SOBREPESO,3–3.99,4–5,4–5,4–5
6,0,M,1,Servicio público,Baja frecuencia,Recursos propios,SIN_CARGAS,No,Mixto,Arrendada,Zona rural,Si,Si,0,Si,No,No responde,Frecuentemente,No responde,Comuna Sur Oriental,Media,Básica,No,No,No reportado,BAJO,BASICOS,VARIOS_3_MAS,NO_TRABAJA,HOGAR_SIN_NINOS,MULTIPLE,NINGUNO,NORMAL,3–3.99,3–3.99,3–3.99,3–3.99
3,0,M,7,A pie,Baja frecuencia,Recursos propios,SIN_CARGAS,No,Diurno,Arrendada,Zona urbana,Si,Si,0,No,No,No,Con poca frecuencia,Heterosexual,Comuna Centro,Básica,Media,No,No,No étnico,ALTO,COMPLETOS,POCOS_1_2,ALTA_>20,HOGAR_SIN_NINOS,SIN,BAJO,NORMAL,3–3.99,3–3.99,3–3.99,4–5
0,0,F,8,A pie,Baja frecuencia,Recursos propios,SIN_CARGAS,No,Diurno,Propia pagada,Zona urbana,Si,Si,0,No,No,No,Con poca frecuencia,No responde,Comuna Sur Occidental,Básica,Media,No,No,No étnico,BAJO,BASICOS,POCOS_1_2,NO_TRABAJA,HOGAR_SIN_NINOS,SIN,NINGUNO,SOBREPESO,4–5,4–5,4–5,4–5
0,0,F,8,A pie,Baja frecuencia,Beca,SIN_CARGAS,No,Mixto,Arrendada,Zona urbana,Si,Si,0,No,No,No,Con poca frecuencia,Heterosexual,Comuna Sur Occidental,Básica,Básica,No,No,No étnico,BAJO,COMPLETOS,VARIOS_3_MAS,ALTA_>20,SOLO_SIN_NINOS,SIN,NINGUNO,NORMAL,4–5,4–5,4–5,4–5
0,0,M,8,Servicio público,Baja frecuencia,Otro / No aplica,SIN_CARGAS,No,Diurno,Propia pagada,Zona urbana,Si,Si,0,No,No,No,Con poca frecuencia,Heterosexual,Municipios Aledaños,Media,Básica,No,No,No étnico,BAJO,COMPLETOS,POCOS_1_2,NO_TRABAJA,HOGAR_SIN_NINOS,SIN,NINGUNO,NORMAL,4–5,4–5,4–5,4–5
1,0,F,8,A pie,Baja frecuencia,Otro / No aplica,SIN_CARGAS,Si,Mixto,Propia pagada,Zona urbana,Si,Si,0,No,No,No,Casi nunca,Heterosexual,Comuna Norte,Básica,Media,No,No,No étnico,MEDIO,BASICOS,POCOS_1_2,NO_TRABAJA,CON_NINOS_1_2,SIN,NINGUNO,SOBREPESO,4–5,4–5,4–5,4–5
0,0,M,8,A pie,Alta frecuencia,Recursos propios,SIN_CARGAS,No,Diurno,Arrendada,Zona urbana,Si,No,0,No,No,No,Con poca frecuencia,Heterosexual,Comuna Sur Occidental,Media,Media,No,No,No étnico,ALTO,COMPLETOS,POCOS_1_2,NO_TRABAJA,CON_NINOS_1_2,SIN,NINGUNO,NORMAL,3–3.99,4–5,3–3.99,4–5
0,0,M,7,A pie,Baja frecuencia,Recursos propios,CON_CARGAS,No,Diurno,Arrendada,Zona urbana,Si,Si,0,No,Sí,No,Casi nunca,Heterosexual,Comuna Sur Oriental,Básica,Básica,No,No,No étnico,BAJO,COMPLETOS,VARIOS_3_MAS,NO_TRABAJA,HOGAR_SIN_NINOS,SIN,NINGUNO,SOBREPESO,3–3.99,4–5,4–5,4–5
1,0,M,8,Servicio público,Baja frecuencia,Beca,SIN_CARGAS,No,Diurno,Arrendada,Zona urbana,Si,No,0,No,No,No,Frecuentemente,Diversa,Comuna Centro,Básica,Media,Sí,No,No étnico,MEDIO,COMPLETOS,NINGUNO,NO_TRABAJA,HOGAR_SIN_NINOS,SIN,NINGUNO,NORMAL,4–5,4–5,4–5,4–5
0,0,F,8,A pie,Baja frecuencia,Recursos propios,SIN_CARGAS,Si,Diurno,Propia pagandose,Zona urbana,Si,Si,0,No,No,No,Frecuentemente,Diversa,Comuna Centro,Media,Superior,No,No,No étnico,BAJO,COMPLETOS,NINGUNO,NO_TRABAJA,HOGAR_SIN_NINOS,SIN,NINGUNO,BAJO_PESO,4–5,4–5,4–5,4–5
1,0,M,8,A pie,Baja frecuencia,Recursos propios,CON_CARGAS,No,Diurno,Arrendada,Zona urbana,Si,Si,0,No,No,No,Con poca frecuencia,Heterosexual,Comuna Oriental,Superior,Básica,No,No,No étnico,MEDIO,BASICOS,POCOS_1_2,NO_TRABAJA,HOGAR_SIN_NINOS,SIN,NINGUNO,NORMAL,4–5,4–5,4–5,4–5
0,0,M,8,Servicio público,Baja frecuencia,Beca,SIN_CARGAS,No,Diurno,Arrendada,Zona urbana,Si,Si,0,Si,No,No,Frecuentemente,Heterosexual,Comuna Oriental,Superior,Media,No,No,No étnico,BAJO,COMPLETOS,VARIOS_3_MAS,NO_TRABAJA,HOGAR_SIN_NINOS,SIN,NINGUNO,NORMAL,4–5,4–5,4–5,4–5
0,0,M,8,Servicio público,Baja frecuencia,Beca,SIN_CARGAS,No,Mixto,Propia pagada,Zona rural,Si,Si,0,Si,Sí,No,Frecuentemente,No responde,Municipios Aledaños,Básica,Básica,Sí,No,No étnico,ALTO,BASICOS,POCOS_1_2,ALTA_>20,HOGAR_SIN_NINOS,SIN,BAJO,NORMAL,4–5,4–5,4–5,4–5
5,0,M,7,Servicio público,Baja frecuencia,Recursos propios,SIN_CARGAS,No,Diurno,Arrendada,Zona urbana,Si,No,0,Si,Sí,No,Frecuentemente,Heterosexual,Comuna Oriental,Media,Superior,No,No,No étnico,BAJO,COMPLETOS,NINGUNO,NO_TRABAJA,HOGAR_SIN_NINOS,SIN,NINGUNO,BAJO_PESO,3–3.99,3–3.99,3–3.99,3–3.99
6,1,M,2,A pie,Alta frecuencia,Crédito,SIN_CARGAS,Si,Diurno,Arrendada,Zona urbana,Si,Si,0,No,No,No responde,Con poca frecuencia,No responde,Comuna Sur Occidental,Media,Media,No,No,No reportado,ALTO,BASICOS,POCOS_1_2,NO_TRABAJA,HOGAR_SIN_NINOS,MULTIPLE,BAJO,NORMAL,0–0.99,2–2.99,4–5,1–1.99
0,0,M,8,A pie,Baja frecuencia,Recursos propios,SIN_CARGAS,No,Diurno,Arrendada,Zona urbana,Si,Si,0,No,Sí,No,Casi nunca,Heterosexual,Comuna Oriental,Media,Media,No,No,No étnico,MEDIO,COMPLETOS,VARIOS_3_MAS,NO_TRABAJA,HOGAR_SIN_NINOS,SIN,NINGUNO,NORMAL,4–5,4–5,4–5,4–5
1,0,M,8,Servicio público,Baja frecuencia,Recursos propios,SIN_CARGAS,Si,Diurno,Propia pagada,Zona urbana,Si,No,0,Si,Sí,No,Frecuentemente,No responde,Comuna Sur Occidental,Media,Básica,No,No,No étnico,ALTO,COMPLETOS,VARIOS_3_MAS,NO_TRABAJA,HOGAR_SIN_NINOS,SIN,NINGUNO,NORMAL,4–5,4–5,4–5,4–5
5,0,M,7,Servicio público,Baja frecuencia,Recursos propios,CON_CARGAS,No,Diurno,Propia pagandose,Zona urbana,Si,Si,0,No,No,No,Con poca frecuencia,Heterosexual,Municipios Aledaños,Media,Media,Sí,No,No étnico,BAJO,COMPLETOS,POCOS_1_2,NO_TRABAJA,CON_NINOS_1_2,SIN,BAJO,BAJO_PESO,3–3.99,3–3.99,3–3.99,3–3.99
0,0,F,8,Servicio público,Baja frecuencia,Recursos propios,SIN_CARGAS,No,Diurno,Propia pagada,Zona urbana,Si,Si,0,Si,No,No,Frecuentemente,No responde,Comuna Occidental,Básica,Superior,No,No,No étnico,BAJO,BASICOS,POCOS_1_2,NO_TRABAJA,HOGAR_SIN_NINOS,SIN,NINGUNO,NORMAL,4–5,4–5,4–5,4–5
0,0,M,7,Servicio público,Baja frecuencia,Recursos propios,SIN_CARGAS,No,Diurno,Propia pagada,Zona rural,Si,No,0,Si,No,No,Frecuentemente,Heterosexual,Municipios Aledaños,Superior,Superior,No,No,No étnico,BAJO,COMPLETOS,POCOS_1_2,NO_TRABAJA,CON_NINOS_1_2,SIN,NINGUNO,NORMAL,4–5,4–5,4–5,4–5
0,0,F,9,Servicio público,Baja frecuencia,Recursos propios,SIN_CARGAS,No,Diurno,Propia pagada,Zona urbana,Si,Si,0,No,No,No,Frecuentemente,Heterosexual,Comuna Norte,Media,Media,No,No,No étnico,ALTO,BASICOS,POCOS_1_2,NO_TRABAJA,HOGAR_SIN_NINOS,COGNITIVA,BAJO,NORMAL,4–5,4–5,4–5,4–5
0,0,M,7,Vehículo motorizado,Baja frecuencia,Recursos propios,SIN_CARGAS,No,Diurno,Propia pagada,Zona rural,Si,Si,0,No,No,No,Frecuentemente,Heterosexual,Sin agrupar,Media,Superior,No,No,No étnico,ALTO,BASICOS,POCOS_1_2,NO_TRABAJA,CON_NINOS_1_2,SIN,NINGUNO,NORMAL,4–5,4–5,4–5,4–5
0,0,F,7,Servicio público,Baja frecuencia,Beca,SIN_CARGAS,Si,Diurno,Arrendada,Zona urbana,Si,Si,0,No,No,No,Frecuentemente,No responde,Municipios Aledaños,Básica,Básica,No,No,No étnico,ALTO,COMPLETOS,POCOS_1_2,NO_TRABAJA,HOGAR_SIN_NINOS,SIN,NINGUNO,NORMAL,4–5,4–5,4–5,4–5
0,0,M,7,Servicio público,Baja frecuencia,Recursos propios,SIN_CARGAS,No,Mixto,Arrendada,Zona urbana,Si,Si,0,Si,Sí,No,Con poca frecuencia,No responde,Comuna Oriental,Superior,Superior,Sí,No,No étnico,ALTO,COMPLETOS,NINGUNO,NO_TRABAJA,HOGAR_SIN_NINOS,SIN,NINGUNO,OBESIDAD,3–3.99,4–5,4–5,4–5
0,0,M,7,A pie,Baja frecuencia,Recursos propios,CON_CARGAS,Si,Diurno,Propia pagada,Zona urbana,Si,Si,0,No,Sí,No,Nunca,No responde,Comuna Oriental,Básica,Básica,No,No,No étnico,BAJO,BASICOS,POCOS_1_2,NO_TRABAJA,HOGAR_SIN_NINOS,SIN,NINGUNO,BAJO_PESO,4–5,4–5,4–5,4–5
0,0,F,7,Servicio público,Baja frecuencia,Crédito,SIN_CARGAS,No,Diurno,Propia pagada,Zona urbana,Si,No,0,No,No,No,Frecuentemente,Heterosexual,Bogota,Media,Media,Sí,No,No étnico,MEDIO,COMPLETOS,POCOS_1_2,NO_TRABAJA,SOLO_SIN_NINOS,SIN,NINGUNO,NORMAL,4–5,4–5,4–5,4–5
0,0,M,7,Servicio público,Baja frecuencia,Recursos propios,SIN_CARGAS,No,Mixto,Arrendada,Zona urbana,Si,No,0,No,No,No,Con poca frecuencia,Heterosexual,Comuna Sur Occidental,Media,Media,No,No,No étnico,MEDIO,COMPLETOS,NINGUNO,NO_TRABAJA,HOGAR_SIN_NINOS,SIN,NINGUNO,NORMAL,3–3.99,4–5,4–5,4–5
0,0,M,7,A pie,Baja frecuencia,Recursos propios,SIN_CARGAS,No,Diurno,Arrendada,Zona urbana,Si,Si,0,Si,Sí,No,Con poca frecuencia,No responde,Comuna Norte,Media,Media,No,No,No étnico,ALTO,COMPLETOS,POCOS_1_2,NO_TRABAJA,CON_NINOS_1_2,SIN,NINGUNO,NORMAL,3–3.99,4–5,4–5,4–5
0,0,F,7,A pie,Baja frecuencia,Otro / No aplica,SIN_CARGAS,Si,Diurno,Arrendada,Zona urbana,Si,Si,0,No,No,No responde,Con poca frecuencia,Heterosexual,Sin agrupar,Media,Media,No,No,No reportado,MEDIO,COMPLETOS,POCOS_1_2,NO_TRABAJA,CON_NINOS_1_2,MULTIPLE,NINGUNO,NORMAL,3–3.99,4–5,4–5,4–5
0,0,M,7,A pie,Baja frecuencia,Recursos propios,SIN_CARGAS,No,Diurno,Propia pagada,Zona urbana,Si,No,0,No,No,No,Frecuentemente,Heterosexual,Comuna Norte,Básica,Media,No,No,No étnico,BAJO,SIN_RECURSOS,POCOS_1_2,NO_TRABAJA,HOGAR_SIN_NINOS,SIN,NINGUNO,NORMAL,3–3.99,4–5,4–5,4–5
0,0,F,7,Servicio público,Baja frecuencia,Otro / No aplica,SIN_CARGAS,No,Diurno,Arrendada,Zona rural,Si,Si,0,No,Sí,No,Con poca frecuencia,Heterosexual,Municipios Aledaños,Media,Media,No,No,No étnico,ALTO,BASICOS,POCOS_1_2,NO_TRABAJA,CON_NINOS_1_2,SIN,NINGUNO,NORMAL,3–3.99,4–5,4–5,4–5
0,0,M,7,A pie,Baja frecuencia,Recursos propios,SIN_CARGAS,No,Diurno,Arrendada,Zona urbana,Si,Si,0,No,No,No,Con poca frecuencia,Heterosexual,Comuna Oriental,Básica,Media,No,No,No étnico,BAJO,COMPLETOS,POCOS_1_2,NO_TRABAJA,CON_NINOS_1_2,SIN,NINGUNO,SOBREPESO,3–3.99,4–5,4–5,4–5
0,0,M,7,Bicicleta,Baja frecuencia,Recursos propios,SIN_CARGAS,No,Diurno,Propia pagandose,Zona urbana,Si,No,0,No,No,No,Con poca frecuencia,Heterosexual,Comuna Sur Occidental,Media,Superior,No,No,No étnico,ALTO,COMPLETOS,POCOS_1_2,NO_TRABAJA,CON_NINOS_1_2,SIN,NINGUNO,NORMAL,4–5,4–5,4–5,4–5
0,0,F,7,Servicio público,Alta frecuencia,Recursos propios,SIN_CARGAS,No,Diurno,Arrendada,Zona rural,Si,Si,0,No,Sí,No,Con poca frecuencia,Heterosexual,Comuna Sur Occidental,Media,Media,No,No,No étnico,ALTO,COMPLETOS,POCOS_1_2,PARCIAL_1_20,CON_NINOS_1_2,SIN,NINGUNO,BAJO_PESO,4–5,4–5,4–5,4–5
2,0,M,7,Servicio público,Baja frecuencia,Recursos propios,SIN_CARGAS,No,Diurno,Propia pagada,Zona urbana,Si,Si,0,Si,No,No,Con poca frecuencia,Heterosexual,Comuna Centro,Media,Media,No,No,No étnico,MEDIO,BASICOS,NINGUNO,NO_TRABAJA,HOGAR_SIN_NINOS,SIN,NINGUNO,NORMAL,3–3.99,3–3.99,4–5,4–5
0,0,M,7,Servicio público,Baja frecuencia,Recursos propios,SIN_CARGAS,No,Mixto,Arrendada,Zona urbana,Si,Si,0,Si,No,No,Frecuentemente,Heterosexual,Comuna Oriental,Media,Media,No,No,No étnico,ALTO,BASICOS,POCOS_1_2,NO_TRABAJA,HOGAR_SIN_NINOS,COGNITIVA,NINGUNO,BAJO_PESO,4–5,4–5,4–5,4–5
0,0,M,7,Servicio público,Baja frecuencia,Beca,SIN_CARGAS,No,Diurno,Arrendada,Zona urbana,Si,Si,0,No,No,No,Casi nunca,Heterosexual,Comuna Sur Occidental,Superior,Superior,No,No,No étnico,BAJO,COMPLETOS,POCOS_1_2,NO_TRABAJA,CON_NINOS_1_2,SIN,BAJO,NORMAL,4–5,4–5,4–5,4–5
0,0,M,7,Servicio público,Otro,Recursos propios,SIN_CARGAS,Si,Diurno,Arrendada,Zona urbana,Si,Si,0,Si,Sí,No,Frecuentemente,Heterosexual,Comuna Centro,Básica,Superior,No,No,No étnico,MEDIO,COMPLETOS,NINGUNO,NO_TRABAJA,HOGAR_SIN_NINOS,COGNITIVA,BAJO,NORMAL,4–5,4–5,4–5,4–5
0,0,M,7,Vehículo motorizado,Baja frecuencia,Recursos propios,SIN_CARGAS,No,Diurno,Propia pagandose,Zona urbana,Si,No,0,No,No,No,Con poca frecuencia,Heterosexual,Comuna Sur Occidental,Media,Media,No,No,No étnico,BAJO,COMPLETOS,POCOS_1_2,NO_TRABAJA,CON_NINOS_1_2,SIN,NINGUNO,NORMAL,4–5,4–5,4–5,4–5
0,0,M,7,Servicio público,Otro,Recursos propios,SIN_CARGAS,No,Diurno,Propia pagandose,Zona urbana,Si,Si,0,No,Sí,No,Con poca frecuencia,Heterosexual,Comuna Norte,Superior,Superior,No,No,No étnico,BAJO,BASICOS,POCOS_1_2,NO_TRABAJA,HOGAR_SIN_NINOS,SIN,NINGUNO,NORMAL,4–5,4–5,4–5,4–5
7,0,M,7,Servicio público,Baja frecuencia,Otro / No aplica,SIN_CARGAS,No,Diurno,Propia pagandose,Zona urbana,Si,No,0,Si,No,No,Casi nunca,Heterosexual,Comuna Sur Occidental,Media,Media,No,No,No étnico,ALTO,COMPLETOS,POCOS_1_2,NO_TRABAJA,CON_NINOS_1_2,SIN,NINGUNO,NORMAL,3–3.99,4–5,3–3.99,3–3.99
0,0,M,7,Servicio público,Baja frecuencia,Recursos propios,CON_CARGAS,Si,Mixto,Arrendada,Zona urbana,No,Si,1,Si,Sí,No,Frecuentemente,Heterosexual,Comuna Norte,Media,Media,Sí,No,No étnico,ALTO,BASICOS,POCOS_1_2,NO_TRABAJA,CON_NINOS_1_2,COGNITIVA,NINGUNO,SOBREPESO,4–5,4–5,4–5,4–5
0,0,F,6,A pie,Baja frecuencia,Otro / No aplica,SIN_CARGAS,No,Diurno,Propia pagada,Zona urbana,Si,Si,0,Si,No,No,Casi nunca,Heterosexual,Comuna Oriental,Básica,Básica,No,No,No étnico,MEDIO,COMPLETOS,POCOS_1_2,NO_TRABAJA,HOGAR_SIN_NINOS,SIN,NINGUNO,NORMAL,3–3.99,4–5,4–5,4–5
0,0,M,6,Servicio público,Otro,Recursos propios,CON_CARGAS,No,Mixto,Propia pagada,Zona urbana,Si,Si,0,No,No,No,Casi nunca,Heterosexual,Comuna Sur Occidental,Básica,Básica,No,No,No étnico,ALTO,COMPLETOS,VARIOS_3_MAS,NO_TRABAJA,HOGAR_SIN_NINOS,SIN,NINGUNO,NORMAL,4–5,4–5,4–5,4–5
0,0,M,6,Vehículo motorizado,Alta frecuencia,Recursos propios,SIN_CARGAS,Si,Diurno,Propia pagada,Zona rural,Si,Si,0,Si,No,No,Con poca frecuencia,Heterosexual,Municipios Aledaños,Básica,Media,No,No,No étnico,ALTO,BASICOS,POCOS_1_2,NO_TRABAJA,CON_NINOS_1_2,SIN,NINGUNO,OBESIDAD,4–5,4–5,4–5,4–5
0,0,F,5,Servicio público,Alta frecuencia,Beca,SIN_CARGAS,Si,Diurno,Arrendada,Zona urbana,Si,Si,0,No,Sí,No,Con poca frecuencia,Heterosexual,Bogota,Básica,Básica,No,No,No étnico,ALTO,COMPLETOS,VARIOS_3_MAS,NO_TRABAJA,HOGAR_SIN_NINOS,COGNITIVA,BAJO,SOBREPESO,4–5,4–5,4–5,4–5
0,0,M,6,A pie,Baja frecuencia,Recursos propios,SIN_CARGAS,No,Diurno,Propia pagada,Zona rural,Si,Si,0,No,No,No,Casi nunca,Heterosexual,Comuna Occidental,Superior,Media,No,No,No étnico,BAJO,COMPLETOS,POCOS_1_2,NO_TRABAJA,HOGAR_SIN_NINOS,SIN,NINGUNO,NORMAL,4–5,4–5,4–5,4–5
0,0,F,6,A pie,Alta frecuencia,Recursos propios,SIN_CARGAS,No,Diurno,Arrendada,Zona urbana,Si,No,0,No,No,Si,Frecuentemente,No responde,Comuna Centro,Media,Media,No,No,No étnico,BAJO,COMPLETOS,POCOS_1_2,NO_TRABAJA,SOLO_SIN_NINOS,SIN,NINGUNO,NORMAL,4–5,4–5,4–5,4–5
0,0,M,6,Servicio público,Baja frecuencia,Recursos propios,SIN_CARGAS,No,Diurno,Arrendada,Zona rural,Si,Si,0,No,Sí,No,Casi nunca,Heterosexual,Municipios Aledaños,Básica,Básica,Sí,No,No étnico,MEDIO,COMPLETOS,POCOS_1_2,NO_TRABAJA,HOGAR_SIN_NINOS,SIN,NINGUNO,NORMAL,4–5,4–5,4–5,4–5
0,0,M,6,Servicio público,Baja frecuencia,Recursos propios,SIN_CARGAS,No,Diurno,Arrendada,Zona rural,Si,No,0,Si,No,No,Con poca frecuencia,Heterosexual,Municipios Aledaños,Media,Media,No,No,No étnico,ALTO,COMPLETOS,NINGUNO,NO_TRABAJA,HOGAR_SIN_NINOS,SIN,NINGUNO,NORMAL,4–5,4–5,4–5,4–5
8,0,M,5,Servicio público,Baja frecuencia,Otro / No aplica,SIN_CARGAS,No,Diurno,Propia pagada,Zona urbana,Si,Si,0,Si,Sí,No,Casi nunca,Heterosexual,Comuna Sur Occidental,Media,Media,No,No,No étnico,BAJO,BASICOS,POCOS_1_2,NO_TRABAJA,HOGAR_SIN_NINOS,SIN,NINGUNO,NORMAL,3–3.99,3–3.99,2–2.99,3–3.99
0,0,M,6,Servicio público,Baja frecuencia,Recursos propios,SIN_CARGAS,No,Diurno,Propia pagada,Zona rural,Si,Si,0,No,No,No,Nunca,Heterosexual,Municipios Aledaños,Básica,Básica,No,No,No étnico,BAJO,BASICOS,POCOS_1_2,NO_TRABAJA,SOLO_SIN_NINOS,SIN,BAJO,NORMAL,4–5,4–5,4–5,4–5
1,0,M,6,A pie,Baja frecuencia,Recursos propios,SIN_CARGAS,No,Diurno,Propia pagada,Zona urbana,Si,No,0,Si,No,No,Con poca frecuencia,Heterosexual,Comuna Oriental,Media,Media,No,No,No étnico,BAJO,BASICOS,NINGUNO,NO_TRABAJA,CON_NINOS_1_2,SIN,NINGUNO,SOBREPESO,3–3.99,3–3.99,3–3.99,4–5
0,0,M,6,A pie,Alta frecuencia,Recursos propios,SIN_CARGAS,No,Diurno,Arrendada,Zona urbana,Si,Si,0,No,Sí,No,Con poca frecuencia,Heterosexual,Comuna Norte,Media,Media,No,No,No étnico,ALTO,BASICOS,POCOS_1_2,NO_TRABAJA,HOGAR_SIN_NINOS,SIN,NINGUNO,OBESIDAD,3–3.99,4–5,4–5,4–5
0,0,F,6,Servicio público,Baja frecuencia,Recursos propios,SIN_CARGAS,No,Diurno,Arrendada,Zona urbana,Si,Si,0,No,No,No responde,Con poca frecuencia,Heterosexual,Comuna Norte,Media,Media,No,No,No reportado,MEDIO,SIN_RECURSOS,POCOS_1_2,NO_TRABAJA,CON_NINOS_1_2,MULTIPLE,NINGUNO,NORMAL,4–5,4–5,4–5,4–5
0,0,M,6,A pie,Alta frecuencia,Beca,SIN_CARGAS,No,Diurno,Arrendada,Zona urbana,Si,Si,0,Si,Sí,No,Frecuentemente,Heterosexual,Comuna Centro,Básica,Media,No,No,No étnico,ALTO,COMPLETOS,VARIOS_3_MAS,NO_TRABAJA,CON_NINOS_1_2,SIN,BAJO,NORMAL,4–5,4–5,3–3.99,4–5
1,0,M,6,Servicio público,Baja frecuencia,Recursos propios,SIN_CARGAS,No,Diurno,Arrendada,Zona urbana,Si,Si,0,No,No,No,Con poca frecuencia,Heterosexual,Comuna Sur Occidental,Superior,Media,No,No,No étnico,BAJO,COMPLETOS,NINGUNO,NO_TRABAJA,SOLO_SIN_NINOS,SIN,NINGUNO,NORMAL,4–5,4–5,4–5,4–5
0,0,F,6,Servicio público,Baja frecuencia,Recursos propios,SIN_CARGAS,No,Mixto,Arrendada,Zona urbana,Si,No,0,No,Sí,No,Con poca frecuencia,Heterosexual,Comuna Norte,Básica,Básica,No,No,No étnico,BAJO,BASICOS,POCOS_1_2,NO_TRABAJA,CON_NINOS_3_MAS,SIN,NINGUNO,NORMAL,4–5,4–5,4–5,4–5
0,0,M,6,A pie,Baja frecuencia,Crédito,SIN_CARGAS,Si,Diurno,Propia pagandose,Zona urbana,Si,Si,0,Si,Sí,No,Con poca frecuencia,Heterosexual,Comuna Norte,Básica,Superior,Sí,No,No étnico,BAJO,BASICOS,POCOS_1_2,NO_TRABAJA,SOLO_SIN_NINOS,SIN,NINGUNO,NORMAL,4–5,4–5,4–5,4–5
0,0,M,6,A pie,Baja frecuencia,Otro / No aplica,SIN_CARGAS,No,Diurno,Arrendada,Zona urbana,Si,Si,0,Si,No,No,Nunca,Heterosexual,Comuna Sur Occidental,Media,Media,No,No,No étnico,BAJO,BASICOS,POCOS_1_2,NO_TRABAJA,HOGAR_SIN_NINOS,SIN,NINGUNO,NORMAL,4–5,4–5,4–5,4–5
0,0,M,6,Servicio público,Baja frecuencia,Recursos propios,SIN_CARGAS,Si,Diurno,Arrendada,Zona urbana,Si,No,0,Si,Sí,No,Con poca frecuencia,Heterosexual,Comuna Centro,Media,Superior,No,No,No étnico,BAJO,BASICOS,VARIOS_3_MAS,NO_TRABAJA,CON_NINOS_1_2,SIN,NINGUNO,NORMAL,4–5,4–5,4–5,4–5
2,0,M,6,A pie,Baja frecuencia,Recursos propios,SIN_CARGAS,No,Mixto,Arrendada,Zona urbana,Si,Si,0,No,No,No,Nunca,Heterosexual,Comuna Centro,Básica,Media,No,No,No étnico,BAJO,BASICOS,POCOS_1_2,NO_TRABAJA,CON_NINOS_1_2,SIN,NINGUNO,NORMAL,4–5,4–5,4–5,3–3.99
1,1,M,2,Vehículo motorizado,Baja frecuencia,Otro / No aplica,CON_CARGAS,Si,Mixto,Arrendada,Zona urbana,No,Si,0,No,No,No responde,Con poca frecuencia,No responde,Comuna Sur Oriental,Básica,Media,No,No,No reportado,MEDIO,COMPLETOS,POCOS_1_2,PARCIAL_1_20,SOLO_SIN_NINOS,MULTIPLE,NINGUNO,SOBREPESO,3–3.99,3–3.99,Sin nota,4–5
1,0,M,6,Servicio público,Baja frecuencia,Recursos propios,SIN_CARGAS,No,Diurno,Arrendada,Zona urbana,Si,Si,0,No,No,No responde,Casi nunca,Heterosexual,Comuna Sur Occidental,Superior,Superior,No,No,No reportado,BAJO,COMPLETOS,POCOS_1_2,NO_TRABAJA,CON_NINOS_1_2,MULTIPLE,NINGUNO,BAJO_PESO,3–3.99,3–3.99,3–3.99,3–3.99
0,0,M,6,Bicicleta,Baja frecuencia,Recursos propios,SIN_CARGAS,No,Mixto,Arrendada,Zona urbana,Si,No,0,No,No,No,Nunca,Heterosexual,Comuna Occidental,Media,Superior,No,No,No étnico,BAJO,COMPLETOS,POCOS_1_2,NO_TRABAJA,CON_NINOS_1_2,SIN,NINGUNO,NORMAL,4–5,4–5,4–5,4–5
9,0,F,5,Servicio público,Otro,Otro / No aplica,SIN_CARGAS,No,Diurno,Arrendada,Zona rural,Si,No,0,No,No,No responde,Casi nunca,Heterosexual,Municipios Aledaños,Media,Media,No,No,No reportado,BAJO,BASICOS,VARIOS_3_MAS,NO_TRABAJA,CON_NINOS_3_MAS,MULTIPLE,NINGUNO,NORMAL,3–3.99,4–5,2–2.99,3–3.99
0,0,F,6,Servicio público,Otro,Recursos propios,SIN_CARGAS,Si,Mixto,Arrendada,Zona rural,Si,Si,0,Si,No,No,Con poca frecuencia,Heterosexual,Municipios Aledaños,Básica,Media,No,No,No étnico,ALTO,BASICOS,VARIOS_3_MAS,NO_TRABAJA,CON_NINOS_1_2,SIN,NINGUNO,NORMAL,4–5,4–5,4–5,4–5
9,0,M,5,Servicio público,Baja frecuencia,Recursos propios,SIN_CARGAS,No,Diurno,Propia pagandose,Zona urbana,Si,Si,0,No,No,No,Con poca frecuencia,Heterosexual,Comuna Oriental,Media,Media,No,No,No étnico,BAJO,COMPLETOS,NINGUNO,NO_TRABAJA,SOLO_SIN_NINOS,SIN,NINGUNO,NORMAL,3–3.99,3–3.99,3–3.99,3–3.99
0,0,F,6,Servicio público,Baja frecuencia,Recursos propios,SIN_CARGAS,No,Diurno,Propia pagada,Zona rural,Si,Si,0,No,No,No,Casi nunca,Heterosexual,Comuna Centro,Básica,Media,No,No,No étnico,MEDIO,BASICOS,VARIOS_3_MAS,NO_TRABAJA,CON_NINOS_1_2,SIN,BAJO,NORMAL,4–5,4–5,4–5,4–5
1,0,M,6,A pie,Baja frecuencia,Recursos propios,SIN_CARGAS,Si,Diurno,Propia pagada,Zona urbana,Si,Si,0,Si,Sí,No,Casi nunca,Heterosexual,Comuna Centro,Básica,Básica,No,No,No étnico,MEDIO,BASICOS,VARIOS_3_MAS,NO_TRABAJA,HOGAR_SIN_NINOS,SIN,ALTO,NORMAL,3–3.99,4–5,4–5,4–5
0,0,M,6,A pie,Baja frecuencia,Otro / No aplica,SIN_CARGAS,No,Diurno,Propia pagandose,Zona urbana,Si,No,0,No,No,No,Frecuentemente,Heterosexual,Comuna Occidental,Media,Media,No,No,No étnico,ALTO,BASICOS,POCOS_1_2,NO_TRABAJA,HOGAR_SIN_NINOS,SIN,NINGUNO,NORMAL,3–3.99,4–5,3–3.99,4–5
3,0,M,6,Servicio público,Baja frecuencia,Recursos propios,SIN_CARGAS,No,Diurno,Propia pagada,Zona rural,Si,Si,0,Si,Sí,No,Casi nunca,Heterosexual,Municipios Aledaños,Media,Media,Sí,No,No étnico,ALTO,BASICOS,POCOS_1_2,NO_TRABAJA,HOGAR_SIN_NINOS,SIN,NINGUNO,NORMAL,3–3.99,3–3.99,3–3.99,4–5
0,0,M,5,Servicio público,Baja frecuencia,Recursos propios,SIN_CARGAS,Si,Diurno,Arrendada,Zona urbana,Si,Si,0,Si,Sí,No,Frecuentemente,Heterosexual,Comuna Centro,Media,Media,No,No,No étnico,BAJO,BASICOS,VARIOS_3_MAS,NO_TRABAJA,HOGAR_SIN_NINOS,SIN,NINGUNO,NORMAL,4–5,4–5,4–5,4–5
0,0,F,5,A pie,Baja frecuencia,Otro / No aplica,SIN_CARGAS,Si,Diurno,Arrendada,Zona urbana,Si,Si,0,No,No,No,Con poca frecuencia,Heterosexual,Municipios Aledaños,Básica,Básica,No,No,No étnico,ALTO,BASICOS,POCOS_1_2,NO_TRABAJA,HOGAR_SIN_NINOS,SIN,NINGUNO,BAJO_PESO,4–5,4–5,4–5,4–5
0,0,M,5,Servicio público,Otro,Otro / No aplica,CON_CARGAS,Si,Diurno,Arrendada,Zona urbana,Si,Si,0,Si,No,No,Frecuentemente,Heterosexual,Comuna Sur Occidental,Básica,Básica,No,No,No étnico,MEDIO,BASICOS,VARIOS_3_MAS,NO_TRABAJA,CON_NINOS_1_2,SIN,NINGUNO,NORMAL,4–5,4–5,4–5,4–5
0,0,M,5,A pie,Baja frecuencia,Recursos propios,SIN_CARGAS,No,Diurno,Propia pagandose,Zona urbana,Si,No,0,No,No,No,Casi nunca,Heterosexual,Comuna Sur Oriental,Media,Media,No,No,No étnico,BAJO,COMPLETOS,VARIOS_3_MAS,NO_TRABAJA,HOGAR_SIN_NINOS,SIN,NINGUNO,NORMAL,4–5,4–5,3–3.99,3–3.99
0,0,M,5,A pie,Baja frecuencia,Recursos propios,SIN_CARGAS,No,Diurno,Propia pagandose,Zona urbana,No,Si,0,No,No,No,Frecuentemente,Heterosexual,Comuna Occidental,Superior,Superior,No,No,No étnico,BAJO,COMPLETOS,POCOS_1_2,NO_TRABAJA,HOGAR_SIN_NINOS,SIN,NINGUNO,NORMAL,4–5,4–5,3–3.99,4–5
1,0,M,5,Servicio público,Baja frecuencia,Otro / No aplica,SIN_CARGAS,Si,Diurno,Arrendada,Zona rural,Si,Si,0,No,No,No,Nunca,Heterosexual,Municipios Aledaños,Media,Media,No,No,No étnico,MEDIO,BASICOS,POCOS_1_2,NO_TRABAJA,CON_NINOS_1_2,SIN,NINGUNO,NORMAL,4–5,4–5,4–5,4–5
0,0,M,5,A pie,Baja frecuencia,Beca,CON_CARGAS,Si,Diurno,Arrendada,Zona rural,Si,Si,0,Si,Sí,No,Con poca frecuencia,Heterosexual,Comuna Oriental,Básica,Media,Sí,No,No étnico,MEDIO,BASICOS,VARIOS_3_MAS,NO_TRABAJA,HOGAR_SIN_NINOS,SIN,NINGUNO,NORMAL,4–5,4–5,4–5,4–5
0,0,M,5,Servicio público,Baja frecuencia,Recursos propios,SIN_CARGAS,No,Diurno,Arrendada,Zona urbana,Si,No,0,No,No,No,Con poca frecuencia,Heterosexual,Comuna Sur Occidental,Superior,Media,No,No,No étnico,BAJO,COMPLETOS,NINGUNO,NO_TRABAJA,HOGAR_SIN_NINOS,SIN,NINGUNO,BAJO_PESO,4–5,4–5,4–5,4–5
0,0,M,5,Vehículo motorizado,Baja frecuencia,Recursos propios,SIN_CARGAS,No,Diurno,Arrendada,Zona rural,Si,Si,0,No,No,No,Frecuentemente,Heterosexual,Municipios Aledaños,Media,Media,No,No,No étnico,MEDIO,COMPLETOS,VARIOS_3_MAS,NO_TRABAJA,CON_NINOS_1_2,SIN,NINGUNO,NORMAL,4–5,4–5,4–5,4–5
2,0,M,4,Servicio público,Baja frecuencia,Otro / No aplica,SIN_CARGAS,No,Diurno,Propia pagada,Zona urbana,Si,No,0,Si,Sí,No responde,Casi nunca,Heterosexual,Comuna Sur Occidental,Media,Media,No,No,No reportado,BAJO,COMPLETOS,VARIOS_3_MAS,NO_TRABAJA,HOGAR_SIN_NINOS,MULTIPLE,NINGUNO,NORMAL,3–3.99,4–5,3–3.99,3–3.99
0,0,F,5,Servicio público,Baja frecuencia,Crédito,CON_CARGAS,No,Diurno,Propia pagada,Zona rural,Si,No,0,No,Sí,No responde,Con poca frecuencia,Heterosexual,Municipios Aledaños,Media,Media,No,No,No reportado,MEDIO,COMPLETOS,VARIOS_3_MAS,NO_TRABAJA,HOGAR_SIN_NINOS,MULTIPLE,BAJO,NORMAL,4–5,4–5,4–5,4–5
0,0,M,5,Servicio público,Baja frecuencia,Recursos propios,SIN_CARGAS,No,Diurno,Arrendada,Zona rural,Si,Si,0,No,No,No,Con poca frecuencia,Heterosexual,Municipios Aledaños,Media,Media,No,No,No étnico,MEDIO,COMPLETOS,POCOS_1_2,NO_TRABAJA,CON_NINOS_1_2,SIN,NINGUNO,SOBREPESO,4–5,4–5,4–5,4–5
0,0,F,5,Servicio público,Baja frecuencia,Otro / No aplica,SIN_CARGAS,No,Mixto,Propia pagada,Zona urbana,Si,Si,0,Si,No,No,Frecuentemente,Heterosexual,Comuna Sur Occidental,Media,Media,No,No,No étnico,ALTO,COMPLETOS,POCOS_1_2,NO_TRABAJA,HOGAR_SIN_NINOS,SIN,BAJO,NORMAL,4–5,4–5,4–5,4–5
0,0,M,5,Servicio público,Baja frecuencia,Otro / No aplica,CON_CARGAS,No,Mixto,Arrendada,Zona rural,Si,Si,0,No,No,No,Casi nunca,No responde,Comuna Norte,Básica,Media,No,No,No étnico,BAJO,BASICOS,POCOS_1_2,ALTA_>20,DESCONOCIDO,SIN,BAJO,NORMAL,4–5,4–5,3–3.99,4–5
0,0,M,5,Servicio público,Baja frecuencia,Recursos propios,CON_CARGAS,No,Mixto,Arrendada,Zona urbana,Si,Si,0,No,No,No,Con poca frecuencia,Heterosexual,Comuna Oriental,Básica,Media,No,No,No étnico,ALTO,COMPLETOS,POCOS_1_2,NO_TRABAJA,CON_NINOS_1_2,SIN,NINGUNO,NORMAL,4–5,4–5,4–5,4–5
2,0,M,5,Servicio público,Baja frecuencia,Otro / No aplica,SIN_CARGAS,No,Diurno,Arrendada,Zona urbana,Si,Si,0,No,No,No,Casi nunca,Heterosexual,Municipios Aledaños,Media,Media,No,No,No étnico,ALTO,COMPLETOS,POCOS_1_2,PARCIAL_1_20,CON_NINOS_1_2,SIN,NINGUNO,NORMAL,3–3.99,3–3.99,3–3.99,3–3.99
1,0,M,5,A pie,Alta frecuencia,Recursos propios,SIN_CARGAS,No,Diurno,Arrendada,Zona urbana,Si,Si,0,No,No,No,Con poca frecuencia,Heterosexual,Comuna Sur Occidental,Media,Superior,No,No,No étnico,ALTO,COMPLETOS,NINGUNO,NO_TRABAJA,SOLO_SIN_NINOS,SIN,NINGUNO,SOBREPESO,4–5,4–5,3–3.99,4–5
2,0,M,5,Servicio público,Baja frecuencia,Recursos propios,SIN_CARGAS,No,Diurno,Arrendada,Zona urbana,Si,Si,0,No,Sí,No,Casi nunca,Heterosexual,Comuna Norte,Media,Media,No,No,No étnico,MEDIO,COMPLETOS,POCOS_1_2,NO_TRABAJA,HOGAR_SIN_NINOS,SIN,NINGUNO,NORMAL,3–3.99,4–5,3–3.99,4–5
0,0,M,5,Servicio público,Baja frecuencia,Recursos propios,SIN_CARGAS,No,Diurno,Arrendada,Zona urbana,Si,Si,0,No,Sí,No,Frecuentemente,Heterosexual,Comuna Oriental,Básica,Media,No,No,No étnico,ALTO,COMPLETOS,POCOS_1_2,NO_TRABAJA,HOGAR_SIN_NINOS,SIN,NINGUNO,SOBREPESO,4–5,4–5,4–5,4–5
0,0,M,5,A pie,Baja frecuencia,Otro / No aplica,SIN_CARGAS,Si,Mixto,Arrendada,Zona urbana,Si,Si,0,No,Sí,No responde,Con poca frecuencia,Heterosexual,Comuna Sur Oriental,Básica,Superior,No,No,No reportado,BAJO,BASICOS,NINGUNO,NO_TRABAJA,SOLO_SIN_NINOS,MULTIPLE,NINGUNO,NORMAL,4–5,4–5,4–5,4–5
1,0,M,5,A pie,Baja frecuencia,Otro / No aplica,SIN_CARGAS,No,Mixto,Arrendada,Zona urbana,Si,Si,0,No,No,No,Frecuentemente,Heterosexual,Comuna Centro,Media,Media,Sí,No,No étnico,ALTO,BASICOS,POCOS_1_2,NO_TRABAJA,CON_NINOS_1_2,SIN,NINGUNO,NORMAL,3–3.99,4–5,4–5,4–5
0,0,M,5,A pie,Baja frecuencia,Otro / No aplica,SIN_CARGAS,No,Mixto,Arrendada,Zona urbana,Si,Si,0,No,No,No responde,Casi nunca,Heterosexual,Comuna Sur Occidental,Media,Media,No,No,No reportado,BAJO,BASICOS,POCOS_1_2,NO_TRABAJA,HOGAR_SIN_NINOS,MULTIPLE,NINGUNO,NORMAL,4–5,4–5,4–5,4–5
1,0,M,5,A pie,Baja frecuencia,Recursos propios,SIN_CARGAS,No,Diurno,Propia pagada,Zona urbana,Si,No,0,No,No,No,Casi nunca,Heterosexual,Comuna Occidental,Media,Superior,No,No,No étnico,BAJO,COMPLETOS,POCOS_1_2,NO_TRABAJA,HOGAR_SIN_NINOS,SIN,NINGUNO,NORMAL,4–5,4–5,3–3.99,4–5
0,0,M,0,Servicio público,Baja frecuencia,Recursos propios,CON_CARGAS,No,Mixto,Arrendada,Zona urbana,Si,Si,1,Si,No,No,Casi nunca,Heterosexual,Comuna Norte,Básica,Básica,No,No,No étnico,MEDIO,BASICOS,NINGUNO,ALTA_>20,CON_NINOS_1_2,SIN,NINGUNO,SOBREPESO,4–5,4–5,4–5,4–5
0,0,M,5,Servicio público,Baja frecuencia,Recursos propios,CON_CARGAS,No,Diurno,Propia pagada,Zona urbana,Si,Si,0,Si,Sí,No,Con poca frecuencia,Heterosexual,Comuna Sur Occidental,Media,Media,No,No,No étnico,BAJO,COMPLETOS,POCOS_1_2,NO_TRABAJA,CON_NINOS_1_2,SIN,NINGUNO,SOBREPESO,4–5,4–5,4–5,4–5
0,0,F,5,Servicio público,Baja frecuencia,Beca,SIN_CARGAS,No,Diurno,Propia pagada,Zona rural,Si,Si,0,Si,No,No,Nunca,Heterosexual,Municipios Aledaños,Básica,Media,Sí,No,No étnico,ALTO,COMPLETOS,VARIOS_3_MAS,NO_TRABAJA,HOGAR_SIN_NINOS,SIN,NINGUNO,SOBREPESO,4–5,4–5,4–5,4–5
0,0,M,5,A pie,Alta frecuencia,Recursos propios,SIN_CARGAS,No,Diurno,Propia pagandose,Zona urbana,Si,Si,0,No,Sí,No,Nunca,Heterosexual,Comuna Occidental,Superior,Superior,Sí,No,No étnico,MEDIO,COMPLETOS,VARIOS_3_MAS,NO_TRABAJA,SOLO_SIN_NINOS,SIN,NINGUNO,BAJO_PESO,3–3.99,4–5,4–5,3–3.99
0,0,M,5,Servicio público,Baja frecuencia,Recursos propios,SIN_CARGAS,No,Diurno,Arrendada,Zona rural,Si,Si,0,Si,No,No,Con poca frecuencia,Heterosexual,Municipios Aledaños,Media,Básica,Sí,No,No étnico,BAJO,COMPLETOS,NINGUNO,NO_TRABAJA,HOGAR_SIN_NINOS,SIN,NINGUNO,NORMAL,4–5,4–5,4–5,4–5
0,0,M,5,Servicio público,Baja frecuencia,Recursos propios,SIN_CARGAS,No,Diurno,Arrendada,Zona rural,Si,Si,0,No,No,No,Casi nunca,Heterosexual,Municipios Aledaños,Media,Superior,No,No,No étnico,BAJO,COMPLETOS,POCOS_1_2,NO_TRABAJA,CON_NINOS_1_2,SIN,NINGUNO,BAJO_PESO,4–5,4–5,4–5,4–5
0,0,M,5,A pie,Baja frecuencia,Recursos propios,SIN_CARGAS,No,Diurno,Arrendada,Zona urbana,Si,Si,0,Si,Sí,No,Frecuentemente,No responde,Sin agrupar,Superior,Media,No,No,No étnico,BAJO,BASICOS,POCOS_1_2,NO_TRABAJA,HOGAR_SIN_NINOS,SIN,NINGUNO,NORMAL,4–5,4–5,4–5,4–5
0,0,M,5,Servicio público,Baja frecuencia,Otro / No aplica,SIN_CARGAS,No,Diurno,Propia pagada,Zona urbana,Si,Si,0,No,No,No,Frecuentemente,Heterosexual,Municipios Aledaños,Básica,Media,No,No,No étnico,ALTO,COMPLETOS,POCOS_1_2,NO_TRABAJA,HOGAR_SIN_NINOS,SIN,NINGUNO,NORMAL,4–5,4–5,4–5,4–5
5,0,M,5,A pie,Baja frecuencia,Recursos propios,SIN_CARGAS,Si,Diurno,Arrendada,Zona urbana,Si,Si,0,Si,Sí,No,Con poca frecuencia,Heterosexual,Comuna Norte,Superior,Media,No,No,No étnico,BAJO,COMPLETOS,VARIOS_3_MAS,NO_TRABAJA,HOGAR_SIN_NINOS,SIN,NINGUNO,NORMAL,4–5,4–5,4–5,2–2.99
0,0,M,5,A pie,Baja frecuencia,Otro / No aplica,SIN_CARGAS,No,Diurno,Propia pagada,Zona urbana,Si,Si,0,Si,Sí,No,Nunca,Heterosexual,Comuna Occidental,Básica,Básica,No,No,No étnico,BAJO,COMPLETOS,POCOS_1_2,NO_TRABAJA,HOGAR_SIN_NINOS,SIN,NINGUNO,NORMAL,4–5,4–5,3–3.99,4–5
0,0,F,5,A pie,Baja frecuencia,Otro / No aplica,SIN_CARGAS,Si,Diurno,Arrendada,Zona urbana,Si,Si,0,Si,No,No,Frecuentemente,Heterosexual,Comuna Sur Oriental,Media,Media,No,No,No étnico,ALTO,BASICOS,POCOS_1_2,NO_TRABAJA,CON_NINOS_1_2,SIN,NINGUNO,NORMAL,4–5,4–5,3–3.99,4–5
0,0,M,5,A pie,Baja frecuencia,Recursos propios,CON_CARGAS,No,Mixto,Arrendada,Zona urbana,Si,No,1,Si,Sí,No,Nunca,Heterosexual,Comuna Oriental,Básica,Superior,No,No,No étnico,ALTO,COMPLETOS,NINGUNO,ALTA_>20,HOGAR_SIN_NINOS,SIN,NINGUNO,NORMAL,4–5,4–5,4–5,4–5
0,0,M,4,A pie,Baja frecuencia,Beca,SIN_CARGAS,No,Diurno,Arrendada,Zona urbana,Si,Si,0,Si,Sí,No,Con poca frecuencia,Heterosexual,Comuna Occidental,Media,Media,Sí,No,No étnico,BAJO,COMPLETOS,POCOS_1_2,PARCIAL_1_20,HOGAR_SIN_NINOS,SIN,NINGUNO,NORMAL,4–5,4–5,4–5,4–5
3,0,M,3,Servicio público,Baja frecuencia,Recursos propios,SIN_CARGAS,No,Diurno,Arrendada,Zona urbana,Si,No,0,No,No,No,Casi nunca,Heterosexual,Comuna Centro,Media,Media,No,No,No étnico,MEDIO,BASICOS,VARIOS_3_MAS,NO_TRABAJA,CON_NINOS_1_2,SIN,NINGUNO,BAJO_PESO,3–3.99,3–3.99,4–5,3–3.99
2,0,F,4,Servicio público,Baja frecuencia,Recursos propios,SIN_CARGAS,No,Diurno,Arrendada,Zona rural,Si,No,0,Si,Sí,No,Nunca,No responde,Municipios Aledaños,Media,Media,No,No,No étnico,ALTO,COMPLETOS,POCOS_1_2,NO_TRABAJA,HOGAR_SIN_NINOS,SIN,NINGUNO,NORMAL,3–3.99,4–5,4–5,4–5
4,0,M,3,Servicio público,Baja frecuencia,Otro / No aplica,SIN_CARGAS,Si,Mixto,Propia pagada,Zona urbana,Si,Si,0,No,No,No,Con poca frecuencia,Heterosexual,Comuna Norte,Media,Media,No,No,No étnico,BAJO,COMPLETOS,VARIOS_3_MAS,PARCIAL_1_20,HOGAR_SIN_NINOS,SIN,NINGUNO,NORMAL,3–3.99,4–5,3–3.99,3–3.99
0,0,M,4,A pie,Baja frecuencia,Otro / No aplica,SIN_CARGAS,Si,Mixto,Arrendada,Zona rural,Si,Si,0,No,No,No,Casi nunca,Heterosexual,Municipios Aledaños,Media,Media,Sí,No,No étnico,ALTO,BASICOS,POCOS_1_2,NO_TRABAJA,CON_NINOS_1_2,SIN,BAJO,NORMAL,3–3.99,4–5,4–5,3–3.99
0,0,M,5,Servicio público,Baja frecuencia,Recursos propios,CON_CARGAS,No,Mixto,Arrendada,Zona urbana,No,No,0,No,No,No responde,Frecuentemente,Heterosexual,Comuna Centro,Básica,Básica,No,No,No reportado,BAJO,BASICOS,VARIOS_3_MAS,NO_TRABAJA,HOGAR_SIN_NINOS,MULTIPLE,NINGUNO,SOBREPESO,4–5,4–5,4–5,4–5
0,0,M,4,Servicio público,Baja frecuencia,Crédito,SIN_CARGAS,Si,Mixto,Arrendada,Zona rural,No,Si,0,No,No,No,Casi nunca,Heterosexual,Comuna Sur Oriental,Básica,Básica,No,No,No étnico,BAJO,BASICOS,POCOS_1_2,PARCIAL_1_20,SOLO_SIN_NINOS,SIN,BAJO,NORMAL,4–5,4–5,4–5,4–5
0,0,M,3,Servicio público,Baja frecuencia,Recursos propios,SIN_CARGAS,No,Diurno,Propia pagandose,Zona urbana,Si,Si,0,No,No,No,Casi nunca,Heterosexual,Comuna Norte,Básica,Básica,No,No,No étnico,BAJO,COMPLETOS,VARIOS_3_MAS,NO_TRABAJA,HOGAR_SIN_NINOS,SIN,NINGUNO,NORMAL,3–3.99,4–5,4–5,3–3.99
0,0,M,4,Servicio público,Baja frecuencia,Crédito,SIN_CARGAS,No,Diurno,Arrendada,Zona urbana,Si,No,0,Si,Sí,No,Con poca frecuencia,Heterosexual,Comuna Norte,Media,Superior,No,No,No étnico,BAJO,COMPLETOS,POCOS_1_2,NO_TRABAJA,HOGAR_SIN_NINOS,SIN,NINGUNO,SOBREPESO,4–5,4–5,4–5,4–5
0,0,M,4,Bicicleta,Baja frecuencia,Recursos propios,SIN_CARGAS,No,Diurno,Propia pagada,Zona urbana,Si,Si,0,No,No,No,Frecuentemente,Heterosexual,Comuna Norte,Media,Media,No,No,No étnico,BAJO,BASICOS,POCOS_1_2,NO_TRABAJA,HOGAR_SIN_NINOS,SIN,NINGUNO,NORMAL,4–5,4–5,4–5,4–5
0,0,M,4,A pie,Baja frecuencia,Recursos propios,SIN_CARGAS,No,Diurno,Arrendada,Zona urbana,Si,Si,0,No,Sí,No,Con poca frecuencia,Heterosexual,Comuna Centro,Media,Básica,No,No,No étnico,ALTO,BASICOS,POCOS_1_2,NO_TRABAJA,HOGAR_SIN_NINOS,SIN,NINGUNO,NORMAL,3–3.99,4–5,4–5,3–3.99
3,0,M,3,A pie,Baja frecuencia,Recursos propios,SIN_CARGAS,No,Diurno,Propia pagada,Zona urbana,Si,No,0,Si,Sí,No,Frecuentemente,Heterosexual,Comuna Oriental,Superior,Superior,No,No,No étnico,ALTO,COMPLETOS,NINGUNO,NO_TRABAJA,HOGAR_SIN_NINOS,SIN,NINGUNO,SOBREPESO,2–2.99,3–3.99,4–5,3–3.99
0,0,F,4,Servicio público,Baja frecuencia,Recursos propios,SIN_CARGAS,No,Diurno,Arrendada,Zona urbana,Si,Si,0,No,No,No,Con poca frecuencia,No responde,Comuna Oriental,Media,Media,No,No,No étnico,BAJO,COMPLETOS,POCOS_1_2,NO_TRABAJA,HOGAR_SIN_NINOS,SIN,NINGUNO,NORMAL,4–5,4–5,4–5,4–5
0,0,M,4,A pie,Alta frecuencia,Recursos propios,SIN_CARGAS,No,Diurno,Arrendada,Zona urbana,Si,Si,0,Si,No,No,Casi nunca,No responde,Comuna Oriental,Media,Media,No,Sí,Étnico,ALTO,COMPLETOS,VARIOS_3_MAS,NO_TRABAJA,CON_NINOS_1_2,SIN,NINGUNO,NORMAL,4–5,4–5,4–5,4–5
3,0,M,4,A pie,Baja frecuencia,Recursos propios,SIN_CARGAS,No,Diurno,Propia pagada,Zona urbana,Si,No,0,Si,Sí,No,Casi nunca,Heterosexual,Comuna Occidental,Superior,Superior,No,No,No étnico,BAJO,COMPLETOS,POCOS_1_2,NO_TRABAJA,HOGAR_SIN_NINOS,SIN,NINGUNO,NORMAL,3–3.99,3–3.99,3–3.99,3–3.99
0,0,M,4,Servicio público,Baja frecuencia,Recursos propios,SIN_CARGAS,No,Diurno,Arrendada,Zona rural,Si,Si,0,No,Sí,No,Con poca frecuencia,Heterosexual,Comuna Sur Oriental,Media,Superior,No,No,No étnico,ALTO,COMPLETOS,VARIOS_3_MAS,NO_TRABAJA,HOGAR_SIN_NINOS,SIN,NINGUNO,NORMAL,3–3.99,4–5,4–5,4–5
0,0,M,4,Servicio público,Baja frecuencia,Recursos propios,SIN_CARGAS,No,Mixto,Arrendada,Zona rural,Si,Si,0,Si,No,No,Nunca,No responde,Comuna Sur Occidental,Básica,Media,No,No,No étnico,BAJO,BASICOS,POCOS_1_2,ALTA_>20,HOGAR_SIN_NINOS,SIN,NINGUNO,NORMAL,4–5,4–5,4–5,4–5
0,0,M,4,A pie,Baja frecuencia,Recursos propios,SIN_CARGAS,No,Diurno,Propia pagada,Zona urbana,Si,Si,0,Si,Sí,No,Con poca frecuencia,Heterosexual,Comuna Oriental,Básica,Media,No,No,No étnico,BAJO,BASICOS,POCOS_1_2,NO_TRABAJA,HOGAR_SIN_NINOS,SIN,NINGUNO,NORMAL,4–5,4–5,4–5,3–3.99
0,0,M,4,A pie,Alta frecuencia,Recursos propios,SIN_CARGAS,No,Nocturno,Propia pagada,Zona urbana,Si,No,0,Si,No,No,Nunca,Heterosexual,Comuna Oriental,Básica,Básica,No,No,No étnico,MEDIO,COMPLETOS,VARIOS_3_MAS,NO_TRABAJA,HOGAR_SIN_NINOS,SIN,BAJO,NORMAL,4–5,4–5,4–5,3–3.99
2,0,M,4,A pie,Baja frecuencia,Recursos propios,CON_CARGAS,No,Mixto,Arrendada,Zona urbana,Si,Si,0,Si,Sí,No,Con poca frecuencia,Heterosexual,Comuna Oriental,Media,Media,Sí,No,No étnico,ALTO,COMPLETOS,NINGUNO,NO_TRABAJA,HOGAR_SIN_NINOS,SIN,NINGUNO,BAJO_PESO,3–3.99,3–3.99,4–5,3–3.99
2,0,M,4,A pie,Baja frecuencia,Otro / No aplica,SIN_CARGAS,No,Diurno,Arrendada,Zona urbana,Si,Si,0,Si,No,No,Nunca,Heterosexual,Comuna Oriental,Media,Básica,No,No,No étnico,MEDIO,BASICOS,NINGUNO,NO_TRABAJA,HOGAR_SIN_NINOS,SIN,NINGUNO,NORMAL,3–3.99,3–3.99,4–5,3–3.99
0,0,M,4,A pie,Otro,Recursos propios,SIN_CARGAS,No,Mixto,Arrendada,Zona urbana,No,Si,0,No,No,No,Nunca,Heterosexual,Comuna Centro,Media,Media,No,No,No étnico,ALTO,COMPLETOS,POCOS_1_2,PARCIAL_1_20,SOLO_SIN_NINOS,SIN,NINGUNO,BAJO_PESO,3–3.99,4–5,4–5,3–3.99
1,0,F,4,A pie,Alta frecuencia,Recursos propios,SIN_CARGAS,No,Diurno,Arrendada,Zona urbana,Si,No,0,No,No,No,Con poca frecuencia,No responde,Comuna Centro,Media,Media,No,No,No étnico,ALTO,COMPLETOS,POCOS_1_2,NO_TRABAJA,HOGAR_SIN_NINOS,SIN,NINGUNO,NORMAL,4–5,3–3.99,4–5,3–3.99
0,0,M,4,A pie,Baja frecuencia,Recursos propios,SIN_CARGAS,No,Mixto,Arrendada,Zona urbana,Si,Si,0,No,No,No,Casi nunca,Heterosexual,Comuna Sur Occidental,Media,Básica,No,No,No étnico,ALTO,BASICOS,POCOS_1_2,NO_TRABAJA,CON_NINOS_1_2,SIN,NINGUNO,NORMAL,3–3.99,4–5,4–5,3–3.99
2,0,M,4,Servicio público,Baja frecuencia,Recursos propios,SIN_CARGAS,No,Diurno,Arrendada,Zona rural,No,No,0,No,No,No,Con poca frecuencia,Heterosexual,Comuna Centro,Media,Media,No,No,No étnico,MEDIO,COMPLETOS,POCOS_1_2,NO_TRABAJA,HOGAR_SIN_NINOS,SIN,NINGUNO,NORMAL,3–3.99,3–3.99,4–5,3–3.99
0,0,M,4,Vehículo motorizado,Baja frecuencia,Recursos propios,SIN_CARGAS,Si,Mixto,Arrendada,Zona urbana,Si,No,0,Si,Sí,No,Nunca,Heterosexual,Comuna Occidental,Media,Media,No,No,No étnico,BAJO,COMPLETOS,POCOS_1_2,NO_TRABAJA,HOGAR_SIN_NINOS,SIN,BAJO,NORMAL,3–3.99,4–5,4–5,3–3.99
0,0,M,4,A pie,Baja frecuencia,Recursos propios,SIN_CARGAS,No,Diurno,Arrendada,Zona urbana,Si,No,0,No,Sí,No,Con poca frecuencia,No responde,Comuna Centro,Media,Media,No,No,No étnico,BAJO,COMPLETOS,POCOS_1_2,NO_TRABAJA,CON_NINOS_1_2,SIN,BAJO,NORMAL,4–5,4–5,4–5,4–5
0,0,M,4,Servicio público,Baja frecuencia,Recursos propios,CON_CARGAS,No,Diurno,Arrendada,Zona urbana,Si,Si,0,No,No,No,Con poca frecuencia,Heterosexual,Comuna Oriental,Media,Media,No,No,No étnico,MEDIO,BASICOS,POCOS_1_2,NO_TRABAJA,HOGAR_SIN_NINOS,SIN,BAJO,NORMAL,4–5,4–5,4–5,4–5
0,0,M,4,A pie,Baja frecuencia,Otro / No aplica,SIN_CARGAS,No,Diurno,Arrendada,Zona urbana,Si,Si,0,No,No,No responde,Casi nunca,Heterosexual,Comuna Sur Occidental,Media,Superior,No,No,No reportado,ALTO,COMPLETOS,POCOS_1_2,NO_TRABAJA,HOGAR_SIN_NINOS,MULTIPLE,NINGUNO,NORMAL,4–5,4–5,3–3.99,3–3.99
0,0,F,4,Servicio público,Baja frecuencia,Recursos propios,SIN_CARGAS,No,Mixto,Arrendada,Zona rural,Si,Si,0,No,Sí,No responde,Con poca frecuencia,Heterosexual,Municipios Aledaños,Básica,Básica,No,No,No reportado,ALTO,SIN_RECURSOS,POCOS_1_2,NO_TRABAJA,HOGAR_SIN_NINOS,MULTIPLE,NINGUNO,NORMAL,4–5,4–5,4–5,4–5
0,0,M,4,A pie,Baja frecuencia,Otro / No aplica,SIN_CARGAS,No,Diurno,Arrendada,Zona urbana,Si,Si,0,No,Sí,No,Con poca frecuencia,Heterosexual,Comuna Sur Oriental,Media,Media,No,No,No étnico,BAJO,BASICOS,POCOS_1_2,NO_TRABAJA,CON_NINOS_1_2,SIN,BAJO,NORMAL,4–5,4–5,4–5,3–3.99
0,0,F,4,Servicio público,Baja frecuencia,Otro / No aplica,SIN_CARGAS,No,Diurno,Arrendada,Zona urbana,Si,Si,0,No,No,No,Frecuentemente,Heterosexual,Comuna Norte,Básica,Media,No,Sí,Étnico,BAJO,BASICOS,POCOS_1_2,NO_TRABAJA,CON_NINOS_1_2,SIN,NINGUNO,NORMAL,3–3.99,4–5,4–5,3–3.99
0,0,M,4,A pie,Baja frecuencia,Recursos propios,SIN_CARGAS,No,Mixto,Arrendada,Zona urbana,Si,Si,0,No,No,No,Con poca frecuencia,Heterosexual,Comuna Sur Oriental,Media,Superior,No,No,No étnico,BAJO,BASICOS,VARIOS_3_MAS,NO_TRABAJA,HOGAR_SIN_NINOS,SIN,NINGUNO,NORMAL,4–5,4–5,4–5,4–5
0,0,M,4,A pie,Baja frecuencia,Otro / No aplica,SIN_CARGAS,No,Diurno,Arrendada,Zona urbana,Si,No,0,No,No,No,Nunca,Heterosexual,Comuna Occidental,Superior,Media,No,No,No étnico,BAJO,COMPLETOS,POCOS_1_2,NO_TRABAJA,CON_NINOS_1_2,SIN,NINGUNO,NORMAL,4–5,4–5,4–5,4–5
0,0,M,4,A pie,Baja frecuencia,Otro / No aplica,CON_CARGAS,No,Mixto,Propia pagada,Zona urbana,Si,Si,0,No,No,No,Casi nunca,Heterosexual,Comuna Sur Oriental,Media,Media,No,No,No étnico,ALTO,COMPLETOS,POCOS_1_2,NO_TRABAJA,HOGAR_SIN_NINOS,SIN,NINGUNO,NORMAL,4–5,4–5,4–5,4–5
0,0,M,4,A pie,Baja frecuencia,Recursos propios,SIN_CARGAS,Si,Diurno,Arrendada,Zona urbana,Si,Si,0,No,No,No,Con poca frecuencia,Heterosexual,Comuna Oriental,Básica,Media,Sí,No,No étnico,MEDIO,BASICOS,POCOS_1_2,NO_TRABAJA,CON_NINOS_1_2,SIN,NINGUNO,BAJO_PESO,4–5,4–5,4–5,4–5
0,0,F,4,Servicio público,Baja frecuencia,Recursos propios,SIN_CARGAS,No,Diurno,Arrendada,Zona urbana,Si,Si,0,No,No,No,Casi nunca,Heterosexual,Municipios Aledaños,Media,Media,No,No,No étnico,ALTO,COMPLETOS,POCOS_1_2,NO_TRABAJA,CON_NINOS_1_2,SIN,NINGUNO,NORMAL,4–5,4–5,4–5,4–5
0,0,M,4,A pie,Baja frecuencia,Recursos propios,SIN_CARGAS,Si,Diurno,Arrendada,Zona urbana,Si,Si,0,No,No,No,Con poca frecuencia,Heterosexual,Comuna Oriental,Básica,Básica,Sí,No,No étnico,BAJO,BASICOS,VARIOS_3_MAS,NO_TRABAJA,SOLO_SIN_NINOS,SIN,NINGUNO,NORMAL,3–3.99,3–3.99,3–3.99,3–3.99
0,0,M,4,Servicio público,Baja frecuencia,Beca,SIN_CARGAS,No,Diurno,Arrendada,Zona urbana,Si,Si,0,No,Sí,No,Frecuentemente,Heterosexual,Comuna Centro,Media,Media,No,No,No étnico,ALTO,COMPLETOS,POCOS_1_2,NO_TRABAJA,CON_NINOS_1_2,SIN,NINGUNO,NORMAL,3–3.99,4–5,3–3.99,4–5
0,0,M,1,A pie,Baja frecuencia,Recursos propios,SIN_CARGAS,No,Mixto,Arrendada,Zona urbana,Si,No,0,No,No,No,Con poca frecuencia,Heterosexual,Comuna Occidental,Media,Media,No,No,No étnico,BAJO,COMPLETOS,POCOS_1_2,NO_TRABAJA,HOGAR_SIN_NINOS,SIN,NINGUNO,NORMAL,3–3.99,4–5,4–5,3–3.99
0,0,M,4,A pie,Baja frecuencia,Recursos propios,SIN_CARGAS,No,Diurno,Propia pagada,Zona urbana,Si,No,0,No,No,No,Con poca frecuencia,Heterosexual,Comuna Centro,Superior,Superior,No,No,No étnico,BAJO,COMPLETOS,POCOS_1_2,NO_TRABAJA,CON_NINOS_1_2,SIN,NINGUNO,OBESIDAD,3–3.99,4–5,4–5,4–5
0,0,M,4,A pie,Alta frecuencia,Recursos propios,SIN_CARGAS,No,Mixto,Propia pagada,Zona urbana,Si,No,0,No,No,No,Casi nunca,Heterosexual,Comuna Sur Oriental,Superior,Superior,No,No,No étnico,ALTO,COMPLETOS,POCOS_1_2,NO_TRABAJA,HOGAR_SIN_NINOS,SIN,NINGUNO,NORMAL,4–5,4–5,4–5,4–5
1,0,M,4,Bicicleta,Baja frecuencia,Recursos propios,SIN_CARGAS,Si,Diurno,Propia pagada,Zona urbana,Si,Si,0,No,No,No,Con poca frecuencia,Heterosexual,Comuna Norte,Media,Media,No,No,No étnico,BAJO,COMPLETOS,POCOS_1_2,NO_TRABAJA,CON_NINOS_1_2,SIN,NINGUNO,NORMAL,3–3.99,3–3.99,3–3.99,4–5
0,0,F,4,A pie,Baja frecuencia,Otro / No aplica,SIN_CARGAS,Si,Mixto,Propia pagada,Zona urbana,Si,Si,0,No,No,No,Frecuentemente,Heterosexual,Comuna Centro,Básica,Superior,No,No,No étnico,BAJO,COMPLETOS,POCOS_1_2,NO_TRABAJA,SOLO_SIN_NINOS,SIN,NINGUNO,NORMAL,4–5,4–5,4–5,4–5
0,0,M,1,A pie,Baja frecuencia,Recursos propios,CON_CARGAS,Si,Diurno,Propia pagada,Zona rural,Si,Si,0,Si,Sí,No,Con poca frecuencia,No responde,Comuna Oriental,Básica,Media,No,No,No étnico,MEDIO,BASICOS,VARIOS_3_MAS,PARCIAL_1_20,CON_NINOS_1_2,SIN,NINGUNO,NORMAL,Sin nota,4–5,4–5,4–5
0,0,M,4,Servicio público,Baja frecuencia,Otro / No aplica,SIN_CARGAS,No,Diurno,Arrendada,Zona urbana,Si,Si,0,No,No,No,Frecuentemente,Heterosexual,Comuna Oriental,Media,Superior,Sí,No,No étnico,MEDIO,BASICOS,VARIOS_3_MAS,NO_TRABAJA,CON_NINOS_1_2,SIN,NINGUNO,NORMAL,3–3.99,4–5,4–5,3–3.99
4,0,M,3,A pie,Baja frecuencia,Otro / No aplica,SIN_CARGAS,Si,Diurno,Arrendada,Zona urbana,Si,Si,0,No,No,No,Casi nunca,Heterosexual,Comuna Sur Occidental,Superior,Superior,No,No,No étnico,BAJO,COMPLETOS,NINGUNO,NO_TRABAJA,SOLO_SIN_NINOS,SIN,NINGUNO,NORMAL,2–2.99,3–3.99,3–3.99,3–3.99
0,0,F,4,Servicio público,Baja frecuencia,Recursos propios,SIN_CARGAS,No,Diurno,Arrendada,Zona urbana,Si,Si,0,No,Sí,No,Con poca frecuencia,Heterosexual,Comuna Sur Occidental,Superior,Media,No,No,No étnico,BAJO,COMPLETOS,POCOS_1_2,NO_TRABAJA,SOLO_SIN_NINOS,SIN,NINGUNO,NORMAL,4–5,4–5,4–5,4–5
0,0,M,4,Servicio público,Baja frecuencia,Recursos propios,SIN_CARGAS,No,Diurno,Propia pagandose,Zona urbana,Si,Si,0,No,Sí,No,Casi nunca,Heterosexual,Comuna Oriental,Superior,Superior,No,No,No étnico,MEDIO,COMPLETOS,POCOS_1_2,NO_TRABAJA,HOGAR_SIN_NINOS,SIN,NINGUNO,NORMAL,4–5,4–5,4–5,4–5
1,0,M,4,Servicio público,Baja frecuencia,Recursos propios,SIN_CARGAS,No,Diurno,Arrendada,Zona urbana,Si,Si,0,Si,No,No responde,Con poca frecuencia,Heterosexual,Municipios Aledaños,Básica,Superior,No,No,No reportado,ALTO,BASICOS,POCOS_1_2,NO_TRABAJA,CON_NINOS_1_2,MULTIPLE,NINGUNO,NORMAL,3–3.99,4–5,4–5,3–3.99
0,0,M,4,Servicio público,Baja frecuencia,Crédito,SIN_CARGAS,No,Diurno,Propia pagandose,Zona urbana,Si,Si,0,No,No,No,Con poca frecuencia,Heterosexual,Comuna Oriental,Media,Superior,No,No,No étnico,BAJO,COMPLETOS,NINGUNO,NO_TRABAJA,SOLO_SIN_NINOS,SIN,NINGUNO,NORMAL,3–3.99,4–5,4–5,3–3.99
0,0,M,4,A pie,Baja frecuencia,Recursos propios,SIN_CARGAS,No,Diurno,Arrendada,Zona urbana,Si,Si,0,Si,Sí,No,Con poca frecuencia,Heterosexual,Comuna Centro,Media,Superior,No,No,No étnico,MEDIO,BASICOS,NINGUNO,NO_TRABAJA,HOGAR_SIN_NINOS,SIN,NINGUNO,NORMAL,3–3.99,4–5,3–3.99,3–3.99
2,0,F,4,Servicio público,Otro,Beca,SIN_CARGAS,No,Diurno,Propia pagandose,Zona urbana,Si,Si,0,Si,Sí,No,Casi nunca,Heterosexual,Comuna Sur Oriental,Superior,Media,No,No,No étnico,ALTO,COMPLETOS,POCOS_1_2,NO_TRABAJA,HOGAR_SIN_NINOS,SIN,BAJO,BAJO_PESO,3–3.99,4–5,4–5,4–5
0,0,F,4,A pie,Alta frecuencia,Recursos propios,SIN_CARGAS,No,Diurno,Arrendada,Zona urbana,Si,No,0,Si,Sí,No,Frecuentemente,No responde,Comuna Occidental,Media,Superior,No,No,No étnico,ALTO,COMPLETOS,VARIOS_3_MAS,NO_TRABAJA,CON_NINOS_1_2,SIN,NINGUNO,NORMAL,4–5,3–3.99,3–3.99,4–5
3,0,M,3,A pie,Baja frecuencia,Otro / No aplica,SIN_CARGAS,No,Diurno,Arrendada,Zona rural,No,Si,0,No,Sí,No responde,Nunca,Heterosexual,Comuna Oriental,Media,Media,No,No,No reportado,MEDIO,BASICOS,POCOS_1_2,NO_TRABAJA,CON_NINOS_1_2,MULTIPLE,NINGUNO,NORMAL,3–3.99,4–5,4–5,3–3.99
0,0,M,4,A pie,Alta frecuencia,Crédito,SIN_CARGAS,No,Diurno,Arrendada,Zona urbana,No,No,0,No,No,No,Nunca,Heterosexual,Comuna Oriental,Media,Media,No,No,No étnico,MEDIO,COMPLETOS,POCOS_1_2,NO_TRABAJA,HOGAR_SIN_NINOS,SIN,BAJO,NORMAL,4–5,4–5,4–5,3–3.99
0,0,F,4,A pie,Alta frecuencia,Recursos propios,SIN_CARGAS,No,Diurno,Arrendada,Zona urbana,Si,No,0,No,Sí,No,Frecuentemente,Heterosexual,Comuna Sur Oriental,Superior,Superior,No,Sí,Étnico,ALTO,COMPLETOS,POCOS_1_2,NO_TRABAJA,HOGAR_SIN_NINOS,SIN,NINGUNO,BAJO_PESO,3–3.99,4–5,3–3.99,4–5
0,0,M,4,Servicio público,Otro,Recursos propios,SIN_CARGAS,No,Diurno,Arrendada,Zona urbana,Si,No,0,Si,No,No,Frecuentemente,Heterosexual,Comuna Norte,Media,Superior,No,No,No étnico,ALTO,COMPLETOS,NINGUNO,NO_TRABAJA,HOGAR_SIN_NINOS,SIN,NINGUNO,NORMAL,4–5,4–5,4–5,4–5
0,0,M,4,A pie,Baja frecuencia,Recursos propios,SIN_CARGAS,No,Mixto,Arrendada,Zona urbana,Si,Si,0,Si,Sí,No,Casi nunca,Heterosexual,Comuna Sur Occidental,Media,Superior,No,No,No étnico,MEDIO,BASICOS,POCOS_1_2,NO_TRABAJA,HOGAR_SIN_NINOS,SIN,NINGUNO,NORMAL,3–3.99,4–5,4–5,3–3.99
1,0,M,3,Bicicleta,Baja frecuencia,Recursos propios,SIN_CARGAS,No,Diurno,Arrendada,Zona urbana,Si,Si,0,No,No,No,Frecuentemente,Heterosexual,Comuna Oriental,Media,Media,No,No,No étnico,BAJO,COMPLETOS,POCOS_1_2,PARCIAL_1_20,SOLO_SIN_NINOS,SIN,NINGUNO,NORMAL,4–5,3–3.99,3–3.99,3–3.99
0,0,M,3,Servicio público,Alta frecuencia,Otro / No aplica,SIN_CARGAS,No,Mixto,Arrendada,Zona rural,Si,Si,0,No,No,No,Con poca frecuencia,Heterosexual,Comuna Sur Oriental,Básica,Básica,No,No,No étnico,ALTO,BASICOS,POCOS_1_2,NO_TRABAJA,HOGAR_SIN_NINOS,SIN,NINGUNO,SOBREPESO,4–5,4–5,4–5,4–5
0,0,F,3,Servicio público,Baja frecuencia,Otro / No aplica,SIN_CARGAS,No,Mixto,Arrendada,Zona urbana,Si,Si,0,No,No,No,Casi nunca,No responde,Municipios Aledaños,Básica,Media,Sí,No,No étnico,BAJO,BASICOS,VARIOS_3_MAS,PARCIAL_1_20,HOGAR_SIN_NINOS,SIN,NINGUNO,SOBREPESO,4–5,4–5,4–5,3–3.99
0,0,M,3,A pie,Alta frecuencia,Crédito,SIN_CARGAS,Si,Diurno,Arrendada,Zona urbana,Si,Si,0,Si,No,No,Con poca frecuencia,Heterosexual,Comuna Occidental,Media,Media,No,No,No étnico,MEDIO,COMPLETOS,NINGUNO,NO_TRABAJA,CON_NINOS_1_2,SIN,BAJO,NORMAL,4–5,4–5,4–5,3–3.99
0,0,M,3,A pie,Baja frecuencia,Otro / No aplica,SIN_CARGAS,No,Diurno,Arrendada,Zona urbana,Si,Si,0,Si,No,No,Frecuentemente,No responde,Comuna Oriental,Superior,Media,No,No,No étnico,BAJO,COMPLETOS,POCOS_1_2,NO_TRABAJA,CON_NINOS_1_2,SIN,NINGUNO,NORMAL,4–5,4–5,4–5,4–5
0,0,F,3,A pie,Baja frecuencia,Beca,SIN_CARGAS,Si,Diurno,Arrendada,Zona urbana,Si,No,0,Si,No,No,Frecuentemente,No responde,Comuna Sur Oriental,Media,Media,No,No,No étnico,BAJO,BASICOS,POCOS_1_2,ALTA_>20,HOGAR_SIN_NINOS,COGNITIVA,BAJO,NORMAL,4–5,4–5,4–5,4–5
0,0,M,3,A pie,Baja frecuencia,Crédito,SIN_CARGAS,Si,Mixto,Arrendada,Zona urbana,Si,Si,0,Si,No,No,Con poca frecuencia,Heterosexual,Comuna Sur Occidental,Media,Media,No,No,No étnico,ALTO,COMPLETOS,POCOS_1_2,NO_TRABAJA,HOGAR_SIN_NINOS,SIN,NINGUNO,SOBREPESO,4–5,4–5,4–5,3–3.99
0,0,M,3,Servicio público,Alta frecuencia,Recursos propios,SIN_CARGAS,No,Diurno,Arrendada,Zona rural,Si,Si,0,No,No,No,Nunca,Heterosexual,Municipios Aledaños,Media,Superior,Sí,No,No étnico,MEDIO,BASICOS,POCOS_1_2,NO_TRABAJA,HOGAR_SIN_NINOS,SIN,NINGUNO,NORMAL,4–5,4–5,3–3.99,3–3.99
0,0,F,3,Servicio público,Baja frecuencia,Recursos propios,SIN_CARGAS,No,Diurno,Arrendada,Zona urbana,Si,No,0,Si,Sí,No responde,Casi nunca,Heterosexual,Comuna Sur Occidental,Media,Superior,No,No,No reportado,ALTO,COMPLETOS,NINGUNO,NO_TRABAJA,HOGAR_SIN_NINOS,MULTIPLE,NINGUNO,SOBREPESO,4–5,4–5,4–5,4–5
0,0,M,3,Servicio público,Baja frecuencia,Otro / No aplica,SIN_CARGAS,No,Diurno,Arrendada,Zona urbana,Si,Si,0,No,No,No,Casi nunca,Heterosexual,Bogota,Básica,Media,No,No,No étnico,MEDIO,BASICOS,POCOS_1_2,NO_TRABAJA,HOGAR_SIN_NINOS,SIN,BAJO,NORMAL,4–5,4–5,4–5,4–5
0,0,M,3,Servicio público,Otro,Recursos propios,SIN_CARGAS,No,Diurno,Propia pagada,Zona urbana,Si,No,0,No,No,No responde,Frecuentemente,Heterosexual,Comuna Sur Occidental,Superior,Superior,No,No,No reportado,BAJO,COMPLETOS,VARIOS_3_MAS,NO_TRABAJA,CON_NINOS_1_2,MULTIPLE,NINGUNO,NORMAL,4–5,4–5,4–5,3–3.99
0,0,M,3,Servicio público,Baja frecuencia,Otro / No aplica,SIN_CARGAS,No,Diurno,Arrendada,Zona rural,Si,Si,0,Si,No,No,Con poca frecuencia,Heterosexual,Municipios Aledaños,Media,Media,No,No,No étnico,ALTO,BASICOS,POCOS_1_2,NO_TRABAJA,HOGAR_SIN_NINOS,SIN,NINGUNO,NORMAL,4–5,4–5,4–5,4–5
0,0,M,3,A pie,Alta frecuencia,Recursos propios,SIN_CARGAS,No,Diurno,Arrendada,Zona urbana,Si,Si,0,Si,No,No,Casi nunca,Heterosexual,Comuna Sur Oriental,Superior,Superior,Sí,No,No étnico,ALTO,COMPLETOS,POCOS_1_2,PARCIAL_1_20,SOLO_SIN_NINOS,SIN,NINGUNO,SOBREPESO,3–3.99,4–5,4–5,3–3.99
0,0,M,3,A pie,Baja frecuencia,Recursos propios,SIN_CARGAS,No,Diurno,Arrendada,Zona urbana,Si,No,0,No,Sí,No,Con poca frecuencia,Heterosexual,Municipios Aledaños,Superior,Superior,Sí,No,No étnico,BAJO,BASICOS,NINGUNO,NO_TRABAJA,HOGAR_SIN_NINOS,SIN,NINGUNO,NORMAL,4–5,4–5,4–5,3–3.99
0,0,M,3,Servicio público,Alta frecuencia,Recursos propios,SIN_CARGAS,Si,Diurno,Propia pagada,Zona urbana,Si,No,0,Si,No,No responde,Con poca frecuencia,Heterosexual,Comuna Norte,Superior,Superior,No,No,No reportado,ALTO,COMPLETOS,NINGUNO,NO_TRABAJA,HOGAR_SIN_NINOS,MULTIPLE,NINGUNO,NORMAL,3–3.99,4–5,4–5,3–3.99
0,0,M,3,A pie,Baja frecuencia,Recursos propios,SIN_CARGAS,No,Diurno,Propia pagandose,Zona urbana,Si,Si,0,No,No,No,Nunca,Heterosexual,Comuna Oriental,Media,Media,No,No,No étnico,BAJO,BASICOS,VARIOS_3_MAS,NO_TRABAJA,HOGAR_SIN_NINOS,SIN,NINGUNO,BAJO_PESO,4–5,4–5,4–5,3–3.99
0,0,M,3,A pie,Baja frecuencia,Recursos propios,SIN_CARGAS,No,Diurno,Arrendada,Zona urbana,Si,Si,0,No,No,No,Con poca frecuencia,No responde,Bogota,Superior,Superior,No,No,No étnico,ALTO,COMPLETOS,POCOS_1_2,PARCIAL_1_20,SOLO_SIN_NINOS,SIN,NINGUNO,BAJO_PESO,4–5,4–5,3–3.99,3–3.99
0,0,M,3,Servicio público,Baja frecuencia,Otro / No aplica,SIN_CARGAS,No,Nocturno,Propia pagandose,Zona urbana,Si,No,0,Si,Sí,No,Nunca,Heterosexual,Comuna Centro,Media,Superior,No,No,No étnico,MEDIO,COMPLETOS,POCOS_1_2,NO_TRABAJA,HOGAR_SIN_NINOS,SIN,NINGUNO,NORMAL,4–5,4–5,4–5,3–3.99
0,0,F,3,A pie,Baja frecuencia,Recursos propios,SIN_CARGAS,Si,Diurno,Arrendada,Zona urbana,Si,No,0,No,Sí,No,Frecuentemente,No responde,Comuna Sur Occidental,Media,Media,Sí,No,No étnico,MEDIO,BASICOS,NINGUNO,NO_TRABAJA,HOGAR_SIN_NINOS,SIN,NINGUNO,NORMAL,4–5,4–5,4–5,4–5
0,0,M,3,Servicio público,Baja frecuencia,Recursos propios,SIN_CARGAS,No,Diurno,Arrendada,Zona urbana,No,Si,0,No,No,No,Con poca frecuencia,Heterosexual,Municipios Aledaños,Media,Media,No,No,No étnico,ALTO,COMPLETOS,VARIOS_3_MAS,NO_TRABAJA,SOLO_SIN_NINOS,SIN,NINGUNO,NORMAL,4–5,4–5,4–5,3–3.99
2,0,M,3,A pie,Baja frecuencia,Beca,SIN_CARGAS,No,Diurno,Propia pagada,Zona urbana,Si,No,0,No,Sí,No,Casi nunca,Heterosexual,Comuna Occidental,Básica,Básica,No,No,No étnico,BAJO,COMPLETOS,NINGUNO,NO_TRABAJA,HOGAR_SIN_NINOS,SIN,NINGUNO,SOBREPESO,3–3.99,3–3.99,3–3.99,3–3.99
0,0,M,3,A pie,Baja frecuencia,Otro / No aplica,SIN_CARGAS,No,Mixto,Arrendada,Zona urbana,Si,Si,0,No,Sí,No,Con poca frecuencia,Heterosexual,Comuna Centro,Media,Media,No,No,No étnico,BAJO,COMPLETOS,POCOS_1_2,NO_TRABAJA,HOGAR_SIN_NINOS,SIN,BAJO,NORMAL,4–5,4–5,4–5,3–3.99
0,0,F,3,Servicio público,Baja frecuencia,Otro / No aplica,SIN_CARGAS,No,Diurno,Arrendada,Zona rural,Si,No,0,No,No,No,Con poca frecuencia,Heterosexual,Comuna Sur Oriental,Media,Media,No,No,No étnico,MEDIO,COMPLETOS,VARIOS_3_MAS,NO_TRABAJA,CON_NINOS_1_2,SIN,BAJO,NORMAL,4–5,4–5,4–5,4–5
0,0,F,3,A pie,Baja frecuencia,Recursos propios,SIN_CARGAS,Si,Diurno,Propia pagada,Zona urbana,Si,Si,0,No,No,No,Con poca frecuencia,No responde,Municipios Aledaños,Media,Media,Sí,No,No étnico,MEDIO,BASICOS,NINGUNO,NO_TRABAJA,SOLO_SIN_NINOS,SIN,BAJO,NORMAL,3–3.99,3–3.99,3–3.99,4–5
1,0,F,3,A pie,Alta frecuencia,Beca,SIN_CARGAS,Si,Diurno,Arrendada,Zona urbana,Si,Si,0,Si,Sí,No,Frecuentemente,Heterosexual,Comuna Sur Oriental,Media,Media,No,No,No étnico,ALTO,COMPLETOS,VARIOS_3_MAS,NO_TRABAJA,HOGAR_SIN_NINOS,SIN,NINGUNO,NORMAL,4–5,3–3.99,3–3.99,3–3.99
0,0,F,3,Servicio público,Otro,Recursos propios,SIN_CARGAS,No,Mixto,Arrendada,Zona urbana,Si,Si,0,No,No,No,Con poca frecuencia,Heterosexual,Comuna Sur Occidental,Básica,Media,No,No,No étnico,BAJO,COMPLETOS,POCOS_1_2,NO_TRABAJA,CON_NINOS_1_2,SIN,NINGUNO,SOBREPESO,4–5,4–5,4–5,3–3.99
0,0,M,3,Servicio público,Baja frecuencia,Otro / No aplica,SIN_CARGAS,No,Diurno,Arrendada,Zona rural,Si,Si,0,No,No,No,Con poca frecuencia,Heterosexual,Municipios Aledaños,Media,Básica,Sí,No,No étnico,MEDIO,BASICOS,VARIOS_3_MAS,NO_TRABAJA,CON_NINOS_1_2,SIN,NINGUNO,BAJO_PESO,3–3.99,4–5,3–3.99,3–3.99
0,0,M,3,A pie,Baja frecuencia,Recursos propios,SIN_CARGAS,No,Diurno,Arrendada,Zona urbana,Si,No,0,No,Sí,No responde,Con poca frecuencia,Heterosexual,Comuna Sur Occidental,Media,Media,No,No,No reportado,MEDIO,COMPLETOS,VARIOS_3_MAS,NO_TRABAJA,HOGAR_SIN_NINOS,MULTIPLE,NINGUNO,BAJO_PESO,4–5,4–5,4–5,4–5
0,0,F,3,A pie,Baja frecuencia,Otro / No aplica,SIN_CARGAS,Si,Mixto,Arrendada,Zona urbana,Si,Si,0,Si,Sí,No,Con poca frecuencia,Heterosexual,Comuna Sur Occidental,Básica,Superior,No,No,No étnico,MEDIO,BASICOS,POCOS_1_2,NO_TRABAJA,HOGAR_SIN_NINOS,SIN,NINGUNO,SOBREPESO,3–3.99,4–5,4–5,4–5
0,0,M,3,Servicio público,Baja frecuencia,Recursos propios,SIN_CARGAS,No,Diurno,Propia pagada,Zona rural,Si,Si,0,No,No,No,Frecuentemente,Heterosexual,Municipios Aledaños,Básica,Media,No,No,No étnico,BAJO,COMPLETOS,POCOS_1_2,NO_TRABAJA,HOGAR_SIN_NINOS,SIN,NINGUNO,NORMAL,4–5,4–5,4–5,4–5
0,0,M,3,Servicio público,Baja frecuencia,Recursos propios,SIN_CARGAS,Si,Diurno,Arrendada,Zona rural,Si,Si,0,No,No,No,Con poca frecuencia,Heterosexual,Municipios Aledaños,Básica,Media,No,No,No étnico,BAJO,BASICOS,POCOS_1_2,NO_TRABAJA,HOGAR_SIN_NINOS,SIN,NINGUNO,NORMAL,4–5,4–5,4–5,4–5
0,0,F,3,A pie,Baja frecuencia,Recursos propios,CON_CARGAS,No,Diurno,Arrendada,Zona urbana,Si,Si,0,No,Sí,No,Casi nunca,Heterosexual,Comuna Sur Occidental,Superior,Superior,No,No,No étnico,BAJO,COMPLETOS,POCOS_1_2,NO_TRABAJA,HOGAR_SIN_NINOS,SIN,NINGUNO,NORMAL,4–5,4–5,4–5,4–5
0,0,M,3,Servicio público,Otro,Recursos propios,SIN_CARGAS,No,Nocturno,Propia pagada,Zona urbana,Si,Si,0,No,Sí,No,Nunca,Heterosexual,Municipios Aledaños,Media,Media,No,No,No étnico,ALTO,COMPLETOS,POCOS_1_2,ALTA_>20,HOGAR_SIN_NINOS,SIN,NINGUNO,NORMAL,3–3.99,3–3.99,3–3.99,3–3.99
0,0,M,2,Servicio público,Baja frecuencia,Recursos propios,SIN_CARGAS,No,Nocturno,Arrendada,Zona urbana,Si,No,0,No,No,No responde,Frecuentemente,Heterosexual,Comuna Sur Occidental,Superior,Media,No,No,No reportado,BAJO,SIN_RECURSOS,VARIOS_3_MAS,NO_TRABAJA,CON_NINOS_1_2,MULTIPLE,NINGUNO,NORMAL,3–3.99,3–3.99,3–3.99,4–5
0,0,F,3,A pie,Baja frecuencia,Otro / No aplica,SIN_CARGAS,No,Diurno,Propia pagada,Zona rural,Si,Si,0,Si,Sí,No,Con poca frecuencia,No responde,Comuna Centro,Superior,Superior,No,No,No étnico,MEDIO,COMPLETOS,POCOS_1_2,NO_TRABAJA,HOGAR_SIN_NINOS,SIN,NINGUNO,NORMAL,4–5,4–5,4–5,4–5
1,0,M,3,A pie,Baja frecuencia,Recursos propios,SIN_CARGAS,No,Diurno,Arrendada,Zona urbana,Si,Si,0,Si,No,No,Con poca frecuencia,Heterosexual,Comuna Centro,Superior,Media,Sí,No,No étnico,MEDIO,COMPLETOS,VARIOS_3_MAS,NO_TRABAJA,CON_NINOS_1_2,SIN,NINGUNO,NORMAL,3–3.99,4–5,4–5,3–3.99
2,0,M,3,Servicio público,Otro,Recursos propios,SIN_CARGAS,No,Mixto,Propia pagada,Zona urbana,Si,Si,0,No,No,No,Frecuentemente,Heterosexual,Comuna Sur Occidental,Media,Media,No,No,No étnico,MEDIO,COMPLETOS,VARIOS_3_MAS,NO_TRABAJA,CON_NINOS_1_2,SIN,NINGUNO,NORMAL,3–3.99,4–5,4–5,3–3.99
0,0,F,3,Vehículo motorizado,Baja frecuencia,Recursos propios,SIN_CARGAS,No,Diurno,Arrendada,Zona urbana,Si,No,0,Si,Sí,No,Con poca frecuencia,Diversa,Comuna Centro,Media,Media,Sí,No,No étnico,BAJO,COMPLETOS,NINGUNO,NO_TRABAJA,HOGAR_SIN_NINOS,SIN,NINGUNO,NORMAL,4–5,4–5,4–5,4–5
0,0,F,3,Servicio público,Otro,Otro / No aplica,SIN_CARGAS,No,Mixto,Arrendada,Zona urbana,Si,Si,0,No,No,No,Frecuentemente,No responde,Comuna Centro,Media,Media,Sí,No,No étnico,ALTO,BASICOS,POCOS_1_2,NO_TRABAJA,HOGAR_SIN_NINOS,SIN,BAJO,NORMAL,4–5,4–5,4–5,4–5
0,0,M,3,Servicio público,Baja frecuencia,Recursos propios,SIN_CARGAS,No,Diurno,Arrendada,Zona urbana,Si,Si,0,Si,No,No responde,Frecuentemente,Heterosexual,Comuna Norte,Media,Media,No,No,No reportado,MEDIO,BASICOS,POCOS_1_2,NO_TRABAJA,HOGAR_SIN_NINOS,MULTIPLE,NINGUNO,NORMAL,3–3.99,4–5,4–5,3–3.99
0,0,M,3,Servicio público,Baja frecuencia,Recursos propios,SIN_CARGAS,No,Diurno,Arrendada,Zona urbana,Si,Si,0,Si,Sí,No responde,Frecuentemente,Heterosexual,Sin agrupar,Media,Media,No,No,No reportado,ALTO,COMPLETOS,VARIOS_3_MAS,PARCIAL_1_20,CON_NINOS_1_2,MULTIPLE,BAJO,BAJO_PESO,4–5,4–5,4–5,4–5
0,0,F,3,Servicio público,Baja frecuencia,Recursos propios,SIN_CARGAS,No,Diurno,Arrendada,Zona urbana,Si,Si,0,Si,Sí,No,Con poca frecuencia,Heterosexual,Comuna Sur Occidental,Media,Media,No,No,No étnico,MEDIO,COMPLETOS,POCOS_1_2,NO_TRABAJA,CON_NINOS_1_2,SIN,NINGUNO,NORMAL,4–5,4–5,4–5,3–3.99
0,0,F,3,Servicio público,Baja frecuencia,Recursos propios,SIN_CARGAS,No,Diurno,Arrendada,Zona urbana,Si,No,0,No,No,No,Frecuentemente,Heterosexual,Comuna Norte,Media,Superior,No,No,No étnico,MEDIO,COMPLETOS,POCOS_1_2,NO_TRABAJA,CON_NINOS_1_2,SIN,NINGUNO,NORMAL,4–5,4–5,4–5,3–3.99
0,0,M,3,A pie,Baja frecuencia,Recursos propios,SIN_CARGAS,No,Diurno,Propia pagada,Zona urbana,Si,Si,0,Si,Sí,No,Con poca frecuencia,Heterosexual,Comuna Occidental,Media,Superior,No,No,No étnico,BAJO,COMPLETOS,NINGUNO,NO_TRABAJA,HOGAR_SIN_NINOS,SIN,NINGUNO,NORMAL,3–3.99,4–5,4–5,4–5
0,0,F,3,Servicio público,Baja frecuencia,Recursos propios,SIN_CARGAS,No,Mixto,Arrendada,Zona urbana,Si,No,0,No,No,No responde,Frecuentemente,Heterosexual,Comuna Oriental,Superior,Superior,No,No,No reportado,ALTO,BASICOS,VARIOS_3_MAS,NO_TRABAJA,CON_NINOS_1_2,MULTIPLE,NINGUNO,BAJO_PESO,4–5,4–5,4–5,4–5
0,0,F,3,Servicio público,Baja frecuencia,Recursos propios,SIN_CARGAS,No,Diurno,Arrendada,Zona urbana,Si,Si,0,No,Sí,No,Con poca frecuencia,Heterosexual,Comuna Centro,Básica,Básica,No,No,No étnico,BAJO,BASICOS,NINGUNO,NO_TRABAJA,SOLO_SIN_NINOS,SIN,NINGUNO,SOBREPESO,4–5,4–5,4–5,3–3.99
0,0,M,3,A pie,Baja frecuencia,Recursos propios,SIN_CARGAS,No,Diurno,Arrendada,Zona urbana,Si,No,0,No,No,No,Con poca frecuencia,Heterosexual,Comuna Norte,Media,Media,No,No,No étnico,BAJO,COMPLETOS,NINGUNO,NO_TRABAJA,HOGAR_SIN_NINOS,SIN,BAJO,BAJO_PESO,3–3.99,4–5,4–5,3–3.99
0,0,M,3,Servicio público,Baja frecuencia,Recursos propios,SIN_CARGAS,No,Mixto,Arrendada,Zona urbana,Si,Si,0,No,No,No,Con poca frecuencia,Heterosexual,Comuna Norte,Básica,Básica,No,No,No étnico,MEDIO,COMPLETOS,POCOS_1_2,NO_TRABAJA,HOGAR_SIN_NINOS,SIN,NINGUNO,BAJO_PESO,4–5,4–5,4–5,3–3.99
0,0,M,3,A pie,Baja frecuencia,Otro / No aplica,SIN_CARGAS,No,Mixto,Arrendada,Zona urbana,Si,Si,0,No,No,No,Casi nunca,Heterosexual,Comuna Norte,Básica,Básica,No,No,No étnico,ALTO,BASICOS,POCOS_1_2,NO_TRABAJA,SOLO_SIN_NINOS,SIN,NINGUNO,BAJO_PESO,4–5,4–5,4–5,4–5
0,0,M,3,Servicio público,Otro,Otro / No aplica,SIN_CARGAS,No,Diurno,Arrendada,Zona urbana,No,Si,0,No,No,No,Nunca,Heterosexual,Comuna Norte,Básica,Media,No,No,No étnico,MEDIO,BASICOS,POCOS_1_2,NO_TRABAJA,SOLO_SIN_NINOS,SIN,NINGUNO,SOBREPESO,4–5,4–5,4–5,3–3.99
0,0,M,3,Bicicleta,Baja frecuencia,Recursos propios,SIN_CARGAS,No,Mixto,Propia pagada,Zona rural,Si,Si,0,No,No,No,Frecuentemente,Heterosexual,Municipios Aledaños,Media,Media,No,No,No étnico,ALTO,BASICOS,VARIOS_3_MAS,NO_TRABAJA,CON_NINOS_1_2,SIN,NINGUNO,BAJO_PESO,4–5,4–5,4–5,4–5
0,0,M,3,A pie,Alta frecuencia,Recursos propios,SIN_CARGAS,Si,Mixto,Arrendada,Zona urbana,Si,No,0,No,Sí,No,Casi nunca,Heterosexual,Comuna Centro,Media,Superior,No,No,No étnico,ALTO,BASICOS,VARIOS_3_MAS,ALTA_>20,CON_NINOS_1_2,SIN,NINGUNO,NORMAL,3–3.99,4–5,3–3.99,3–3.99
0,0,M,3,A pie,Baja frecuencia,Recursos propios,SIN_CARGAS,No,Diurno,Arrendada,Zona urbana,Si,Si,0,No,No,No,Casi nunca,Heterosexual,Comuna Sur Oriental,Básica,Básica,No,No,No étnico,BAJO,COMPLETOS,VARIOS_3_MAS,NO_TRABAJA,CON_NINOS_1_2,SIN,BAJO,NORMAL,4–5,4–5,4–5,4–5
0,0,M,3,A pie,Baja frecuencia,Otro / No aplica,SIN_CARGAS,Si,Diurno,Arrendada,Zona rural,Si,Si,0,No,No,No,Con poca frecuencia,Heterosexual,Comuna Sur Occidental,Superior,Superior,No,No,No étnico,BAJO,SIN_RECURSOS,POCOS_1_2,NO_TRABAJA,HOGAR_SIN_NINOS,SIN,BAJO,NORMAL,4–5,4–5,4–5,4–5
0,0,M,3,Bicicleta,Baja frecuencia,Recursos propios,SIN_CARGAS,No,Diurno,Arrendada,Zona urbana,Si,Si,0,No,No,No,Con poca frecuencia,Heterosexual,Comuna Oriental,Superior,Superior,No,No,No étnico,MEDIO,COMPLETOS,POCOS_1_2,NO_TRABAJA,CON_NINOS_1_2,SIN,NINGUNO,BAJO_PESO,4–5,4–5,4–5,4–5
0,0,M,3,Servicio público,Baja frecuencia,Recursos propios,SIN_CARGAS,No,Diurno,Propia pagada,Zona urbana,Si,Si,0,No,No,No,Nunca,Heterosexual,Comuna Oriental,Media,Media,No,No,No étnico,ALTO,COMPLETOS,POCOS_1_2,NO_TRABAJA,HOGAR_SIN_NINOS,SIN,NINGUNO,NORMAL,4–5,4–5,4–5,3–3.99
0,0,M,3,A pie,Baja frecuencia,Otro / No aplica,SIN_CARGAS,No,Diurno,Propia pagada,Zona urbana,Si,No,0,No,No,No,Nunca,Heterosexual,Comuna Occidental,Media,Media,No,No,No étnico,MEDIO,COMPLETOS,POCOS_1_2,NO_TRABAJA,HOGAR_SIN_NINOS,SIN,NINGUNO,BAJO_PESO,4–5,4–5,4–5,4–5
0,0,M,3,A pie,Baja frecuencia,Recursos propios,SIN_CARGAS,No,Mixto,Arrendada,Zona urbana,Si,Si,0,Si,No,No,Frecuentemente,Heterosexual,Comuna Occidental,Media,Media,No,No,No étnico,ALTO,BASICOS,NINGUNO,NO_TRABAJA,HOGAR_SIN_NINOS,SIN,NINGUNO,NORMAL,3–3.99,4–5,4–5,3–3.99
0,0,M,3,Servicio público,Baja frecuencia,Recursos propios,SIN_CARGAS,No,Diurno,Arrendada,Zona urbana,Si,Si,0,No,No,No,Con poca frecuencia,Heterosexual,Comuna Sur Occidental,Media,Media,No,No,No étnico,BAJO,COMPLETOS,POCOS_1_2,NO_TRABAJA,HOGAR_SIN_NINOS,SIN,NINGUNO,NORMAL,4–5,3–3.99,4–5,3–3.99
0,0,M,3,Servicio público,Otro,Recursos propios,SIN_CARGAS,No,Diurno,Propia pagada,Zona rural,Si,No,0,No,No,No responde,Con poca frecuencia,Heterosexual,Municipios Aledaños,Media,Superior,No,No,No reportado,MEDIO,COMPLETOS,POCOS_1_2,NO_TRABAJA,SOLO_SIN_NINOS,MULTIPLE,NINGUNO,NORMAL,4–5,4–5,3–3.99,3–3.99
1,0,M,3,A pie,Baja frecuencia,Recursos propios,SIN_CARGAS,No,Diurno,Arrendada,Zona urbana,Si,Si,0,No,No,No,Frecuentemente,Heterosexual,Comuna Oriental,Media,Superior,No,No,No étnico,BAJO,COMPLETOS,NINGUNO,NO_TRABAJA,HOGAR_SIN_NINOS,SIN,NINGUNO,NORMAL,3–3.99,3–3.99,4–5,4–5
0,0,M,3,A pie,Baja frecuencia,Recursos propios,SIN_CARGAS,No,Diurno,Arrendada,Zona urbana,Si,Si,-1,No,No,No,Frecuentemente,Heterosexual,Municipios Aledaños,Superior,Superior,No,No,No étnico,ALTO,BASICOS,POCOS_1_2,NO_TRABAJA,HOGAR_SIN_NINOS,SIN,NINGUNO,NORMAL,3–3.99,4–5,3–3.99,4–5
0,0,M,3,Servicio público,Baja frecuencia,Otro / No aplica,SIN_CARGAS,No,Diurno,Arrendada,Zona rural,Si,Si,0,No,No,No,Con poca frecuencia,Heterosexual,Municipios Aledaños,Media,Superior,No,No,No étnico,MEDIO,BASICOS,NINGUNO,NO_TRABAJA,SOLO_SIN_NINOS,SIN,NINGUNO,NORMAL,4–5,4–5,4–5,4–5
0,0,M,3,A pie,Alta frecuencia,Otro / No aplica,SIN_CARGAS,Si,Mixto,Arrendada,Zona urbana,Si,Si,0,Si,Sí,No,Frecuentemente,No responde,Comuna Occidental,Superior,Superior,Sí,No,No étnico,ALTO,COMPLETOS,NINGUNO,NO_TRABAJA,HOGAR_SIN_NINOS,SIN,NINGUNO,NORMAL,4–5,4–5,4–5,4–5
0,0,F,3,Servicio público,Baja frecuencia,Recursos propios,SIN_CARGAS,Si,Diurno,Arrendada,Zona urbana,No,Si,0,No,No,No,Frecuentemente,Heterosexual,Comuna Norte,Media,Media,No,No,No étnico,BAJO,BASICOS,POCOS_1_2,NO_TRABAJA,HOGAR_SIN_NINOS,SIN,NINGUNO,NORMAL,4–5,4–5,4–5,4–5
0,0,F,3,A pie,Baja frecuencia,Otro / No aplica,SIN_CARGAS,No,Diurno,Arrendada,Zona urbana,Si,Si,0,No,No,No,Con poca frecuencia,Heterosexual,Comuna Sur Occidental,Media,Media,No,No,No étnico,BAJO,SIN_RECURSOS,POCOS_1_2,NO_TRABAJA,HOGAR_SIN_NINOS,SIN,NINGUNO,NORMAL,3–3.99,4–5,4–5,4–5
0,0,F,3,A pie,Baja frecuencia,Recursos propios,SIN_CARGAS,No,Mixto,Propia pagandose,Zona urbana,Si,Si,0,No,No,No,Frecuentemente,Heterosexual,Comuna Sur Oriental,Media,Superior,No,No,No étnico,ALTO,COMPLETOS,POCOS_1_2,NO_TRABAJA,CON_NINOS_1_2,SIN,NINGUNO,BAJO_PESO,4–5,4–5,4–5,4–5
1,0,M,3,A pie,Baja frecuencia,Recursos propios,SIN_CARGAS,No,Diurno,Arrendada,Zona urbana,Si,No,0,No,No,No,Con poca frecuencia,Heterosexual,Comuna Centro,Media,Superior,No,No,No étnico,BAJO,COMPLETOS,POCOS_1_2,NO_TRABAJA,SOLO_SIN_NINOS,SIN,NINGUNO,NORMAL,3–3.99,3–3.99,4–5,3–3.99
0,0,F,3,A pie,Baja frecuencia,Recursos propios,SIN_CARGAS,No,Diurno,Arrendada,Zona urbana,Si,Si,0,Si,Sí,No,Casi nunca,Heterosexual,Comuna Oriental,Básica,Media,No,No,No étnico,ALTO,COMPLETOS,POCOS_1_2,NO_TRABAJA,HOGAR_SIN_NINOS,SIN,NINGUNO,NORMAL,4–5,4–5,4–5,3–3.99
0,0,M,3,A pie,Baja frecuencia,Otro / No aplica,SIN_CARGAS,No,Diurno,Arrendada,Zona urbana,Si,Si,0,No,No,No,Frecuentemente,Heterosexual,Comuna Oriental,Media,Media,No,No,No étnico,MEDIO,BASICOS,VARIOS_3_MAS,NO_TRABAJA,HOGAR_SIN_NINOS,SIN,NINGUNO,NORMAL,4–5,4–5,4–5,4–5
0,0,M,2,Servicio público,Baja frecuencia,Recursos propios,SIN_CARGAS,Si,Diurno,Propia pagada,Zona urbana,Si,Si,0,Si,Sí,No,Con poca frecuencia,Heterosexual,Comuna Norte,Superior,Media,No,No,No étnico,BAJO,BASICOS,POCOS_1_2,NO_TRABAJA,HOGAR_SIN_NINOS,SIN,NINGUNO,NORMAL,Sin nota,4–5,4–5,4–5
0,0,M,2,Servicio público,Baja frecuencia,Recursos propios,SIN_CARGAS,Si,Diurno,Arrendada,Zona urbana,Si,Si,0,No,No,No,Con poca frecuencia,Heterosexual,Comuna Oriental,Superior,Media,No,No,No étnico,MEDIO,BASICOS,VARIOS_3_MAS,PARCIAL_1_20,HOGAR_SIN_NINOS,SIN,ALTO,SOBREPESO,Sin nota,4–5,3–3.99,3–3.99
0,0,M,2,Servicio público,Baja frecuencia,Recursos propios,SIN_CARGAS,No,Mixto,Arrendada,Zona urbana,Si,No,0,No,No,No,Con poca frecuencia,Heterosexual,Bogota,Superior,Media,No,No,No étnico,MEDIO,BASICOS,POCOS_1_2,ALTA_>20,HOGAR_SIN_NINOS,SIN,BAJO,NORMAL,Sin nota,3–3.99,3–3.99,4–5
0,0,M,2,A pie,Baja frecuencia,Recursos propios,SIN_CARGAS,Si,Mixto,Propia pagada,Zona urbana,Si,Si,0,Si,Sí,No,Frecuentemente,Heterosexual,Comuna Oriental,Media,Media,No,No,No étnico,MEDIO,COMPLETOS,VARIOS_3_MAS,ALTA_>20,CON_NINOS_3_MAS,SIN,BAJO,NORMAL,Sin nota,4–5,4–5,4–5
0,0,M,2,A pie,Baja frecuencia,Recursos propios,CON_CARGAS,No,Diurno,Arrendada,Zona urbana,Si,Si,0,No,Sí,No,Frecuentemente,Heterosexual,Comuna Norte,Básica,Media,No,No,No étnico,BAJO,BASICOS,POCOS_1_2,PARCIAL_1_20,CON_NINOS_1_2,SIN,NINGUNO,NORMAL,Sin nota,3–3.99,Sin nota,3–3.99
0,0,F,2,A pie,Baja frecuencia,Recursos propios,CON_CARGAS,Si,Mixto,Propia pagada,Zona urbana,Si,No,1,No,No,No,Frecuentemente,Heterosexual,Comuna Sur Occidental,Media,Media,Sí,No,No étnico,ALTO,BASICOS,POCOS_1_2,NO_TRABAJA,CON_NINOS_1_2,SIN,NINGUNO,NORMAL,Sin nota,4–5,3–3.99,3–3.99
0,0,M,2,Servicio público,Baja frecuencia,Recursos propios,SIN_CARGAS,No,Diurno,Arrendada,Zona urbana,Si,No,0,No,No,No,Con poca frecuencia,Heterosexual,Comuna Centro,Superior,Superior,No,No,No étnico,MEDIO,COMPLETOS,POCOS_1_2,NO_TRABAJA,CON_NINOS_1_2,SIN,NINGUNO,NORMAL,Sin nota,4–5,3–3.99,3–3.99
1,0,M,2,Servicio público,Alta frecuencia,Recursos propios,CON_CARGAS,No,Diurno,Arrendada,Zona urbana,Si,Si,0,No,No,No responde,Frecuentemente,No responde,Sin agrupar,Básica,Media,No,No,No reportado,ALTO,BASICOS,POCOS_1_2,NO_TRABAJA,CON_NINOS_1_2,MULTIPLE,NINGUNO,NORMAL,Sin nota,4–5,3–3.99,3–3.99
0,0,F,2,Servicio público,Baja frecuencia,Recursos propios,SIN_CARGAS,No,Diurno,Arrendada,Zona urbana,Si,Si,0,No,No,No,Nunca,Heterosexual,Comuna Oriental,Media,Media,No,No,No étnico,MEDIO,BASICOS,VARIOS_3_MAS,NO_TRABAJA,CON_NINOS_1_2,SIN,NINGUNO,NORMAL,Sin nota,4–5,3–3.99,4–5
0,0,M,2,Servicio público,Baja frecuencia,Recursos propios,SIN_CARGAS,No,Diurno,Arrendada,Zona urbana,Si,No,0,Si,No,No,Con poca frecuencia,Heterosexual,Comuna Norte,Media,Superior,No,No,No étnico,BAJO,COMPLETOS,POCOS_1_2,NO_TRABAJA,HOGAR_SIN_NINOS,SIN,NINGUNO,NORMAL,Sin nota,4–5,4–5,3–3.99
0,0,M,2,Servicio público,Baja frecuencia,Recursos propios,SIN_CARGAS,No,Diurno,Arrendada,Zona rural,Si,No,0,No,Sí,No,Con poca frecuencia,Heterosexual,Municipios Aledaños,Superior,Superior,No,No,No étnico,ALTO,COMPLETOS,POCOS_1_2,NO_TRABAJA,CON_NINOS_1_2,SIN,NINGUNO,BAJO_PESO,Sin nota,4–5,3–3.99,4–5
1,0,F,2,Servicio público,Baja frecuencia,Recursos propios,SIN_CARGAS,No,Mixto,Propia pagada,Zona urbana,Si,Si,0,Si,Sí,No,Con poca frecuencia,Heterosexual,Comuna Oriental,Media,Media,No,No,No étnico,MEDIO,COMPLETOS,NINGUNO,NO_TRABAJA,HOGAR_SIN_NINOS,SIN,NINGUNO,NORMAL,2–2.99,4–5,4–5,3–3.99
0,0,F,2,A pie,Baja frecuencia,Recursos propios,SIN_CARGAS,No,Diurno,Propia pagada,Zona rural,Si,Si,0,Si,Sí,No,Casi nunca,Heterosexual,Comuna Oriental,Media,Media,No,No,No étnico,BAJO,COMPLETOS,NINGUNO,NO_TRABAJA,HOGAR_SIN_NINOS,SIN,NINGUNO,BAJO_PESO,Sin nota,4–5,4–5,4–5
0,0,M,2,Servicio público,Baja frecuencia,Recursos propios,SIN_CARGAS,Si,Mixto,Arrendada,Zona rural,Si,Si,0,Si,No,No,Frecuentemente,Heterosexual,Municipios Aledaños,Básica,Básica,No,No,No étnico,MEDIO,COMPLETOS,NINGUNO,NO_TRABAJA,HOGAR_SIN_NINOS,SIN,NINGUNO,NORMAL,Sin nota,4–5,4–5,4–5
0,0,M,2,Servicio público,Baja frecuencia,Recursos propios,SIN_CARGAS,No,Mixto,Arrendada,Zona rural,Si,Si,0,No,No,No,Con poca frecuencia,Heterosexual,Municipios Aledaños,Básica,Media,No,No,No étnico,BAJO,BASICOS,VARIOS_3_MAS,NO_TRABAJA,CON_NINOS_1_2,SIN,NINGUNO,NORMAL,Sin nota,4–5,3–3.99,3–3.99
0,0,F,2,Servicio público,Baja frecuencia,Recursos propios,SIN_CARGAS,No,Diurno,Arrendada,Zona urbana,Si,Si,0,No,No,No,Casi nunca,Heterosexual,Comuna Sur Oriental,Media,Media,No,No,No étnico,BAJO,BASICOS,POCOS_1_2,NO_TRABAJA,HOGAR_SIN_NINOS,SIN,NINGUNO,NORMAL,Sin nota,3–3.99,3–3.99,4–5
0,0,M,2,Servicio público,Baja frecuencia,Otro / No aplica,SIN_CARGAS,No,Diurno,Arrendada,Zona urbana,Si,Si,0,Si,No,No,Con poca frecuencia,Heterosexual,Comuna Sur Occidental,Media,Media,No,Sí,Étnico,ALTO,COMPLETOS,POCOS_1_2,NO_TRABAJA,HOGAR_SIN_NINOS,SIN,NINGUNO,NORMAL,Sin nota,4–5,3–3.99,3–3.99
0,0,M,2,Servicio público,Baja frecuencia,Recursos propios,SIN_CARGAS,No,Diurno,Arrendada,Zona urbana,Si,Si,-1,Si,Sí,No,Nunca,Heterosexual,Comuna Norte,Media,Media,No,No,No étnico,BAJO,COMPLETOS,POCOS_1_2,NO_TRABAJA,CON_NINOS_1_2,SIN,NINGUNO,NORMAL,Sin nota,4–5,3–3.99,3–3.99
0,0,F,2,Servicio público,Baja frecuencia,Otro / No aplica,SIN_CARGAS,No,Nocturno,Arrendada,Zona urbana,Si,Si,0,No,No,No,Frecuentemente,Heterosexual,Comuna Norte,Media,Media,No,No,No étnico,BAJO,BASICOS,NINGUNO,NO_TRABAJA,HOGAR_SIN_NINOS,SIN,NINGUNO,NORMAL,Sin nota,4–5,3–3.99,3–3.99
0,0,M,2,Servicio público,Baja frecuencia,Recursos propios,SIN_CARGAS,No,Diurno,Propia pagada,Zona rural,Si,Si,0,No,No,No,Frecuentemente,Heterosexual,Comuna Sur Oriental,Media,Media,No,No,No étnico,ALTO,COMPLETOS,POCOS_1_2,NO_TRABAJA,CON_NINOS_1_2,SIN,NINGUNO,NORMAL,Sin nota,4–5,4–5,4–5
0,0,M,2,Servicio público,Baja frecuencia,Recursos propios,SIN_CARGAS,No,Diurno,Propia pagada,Zona rural,Si,Si,0,No,No,No,Casi nunca,Heterosexual,Municipios Aledaños,Media,Media,No,No,No étnico,MEDIO,BASICOS,POCOS_1_2,NO_TRABAJA,HOGAR_SIN_NINOS,SIN,NINGUNO,NORMAL,Sin nota,4–5,4–5,3–3.99
0,0,M,2,Bicicleta,Baja frecuencia,Recursos propios,CON_CARGAS,Si,Diurno,Arrendada,Zona urbana,No,Si,0,No,No,No,Con poca frecuencia,Heterosexual,Sin agrupar,Básica,Media,No,No,No étnico,BAJO,BASICOS,POCOS_1_2,ALTA_>20,HOGAR_SIN_NINOS,SIN,NINGUNO,NORMAL,Sin nota,4–5,3–3.99,3–3.99
0,0,M,2,Servicio público,Baja frecuencia,Recursos propios,SIN_CARGAS,Si,Diurno,Propia pagada,Zona rural,Si,Si,0,No,No,No,Con poca frecuencia,Heterosexual,Municipios Aledaños,Media,Media,Sí,Sí,Étnico,BAJO,BASICOS,VARIOS_3_MAS,NO_TRABAJA,HOGAR_SIN_NINOS,SIN,NINGUNO,NORMAL,Sin nota,4–5,3–3.99,3–3.99
0,0,M,2,Servicio público,Baja frecuencia,Otro / No aplica,SIN_CARGAS,No,Diurno,Propia pagandose,Zona urbana,Si,Si,0,No,No,No,Con poca frecuencia,Heterosexual,Municipios Aledaños,Media,Media,No,No,No étnico,MEDIO,BASICOS,NINGUNO,NO_TRABAJA,HOGAR_SIN_NINOS,SIN,NINGUNO,NORMAL,Sin nota,4–5,4–5,3–3.99
0,0,M,2,A pie,Baja frecuencia,Recursos propios,SIN_CARGAS,No,Diurno,Arrendada,Zona urbana,Si,Si,0,Si,Sí,No,Frecuentemente,Heterosexual,Comuna Oriental,Superior,Superior,No,No,No étnico,MEDIO,COMPLETOS,VARIOS_3_MAS,NO_TRABAJA,HOGAR_SIN_NINOS,SIN,NINGUNO,SOBREPESO,Sin nota,3–3.99,3–3.99,3–3.99
0,0,M,2,A pie,Baja frecuencia,Recursos propios,SIN_CARGAS,No,Diurno,Arrendada,Zona urbana,Si,No,0,No,No,No responde,Con poca frecuencia,Heterosexual,Comuna Occidental,Superior,Media,No,No,No reportado,BAJO,BASICOS,VARIOS_3_MAS,NO_TRABAJA,CON_NINOS_1_2,MULTIPLE,NINGUNO,NORMAL,Sin nota,3–3.99,3–3.99,4–5
0,0,M,2,A pie,Baja frecuencia,Recursos propios,SIN_CARGAS,No,Diurno,Arrendada,Zona urbana,Si,No,0,No,No,No,Nunca,Heterosexual,Comuna Oriental,Media,Media,No,No,No étnico,MEDIO,COMPLETOS,POCOS_1_2,NO_TRABAJA,CON_NINOS_1_2,SIN,NINGUNO,NORMAL,Sin nota,3–3.99,3–3.99,4–5
0,0,M,2,A pie,Baja frecuencia,Recursos propios,CON_CARGAS,Si,Diurno,Arrendada,Zona urbana,Si,Si,0,Si,Sí,No,Nunca,Heterosexual,Comuna Occidental,Media,Básica,Sí,No,No étnico,BAJO,BASICOS,VARIOS_3_MAS,NO_TRABAJA,CON_NINOS_1_2,SIN,BAJO,NORMAL,Sin nota,4–5,3–3.99,3–3.99
0,0,M,2,A pie,Baja frecuencia,Recursos propios,SIN_CARGAS,No,Diurno,Arrendada,Zona urbana,Si,Si,0,Si,Sí,No,Con poca frecuencia,Heterosexual,Comuna Sur Occidental,Media,Media,No,No,No étnico,MEDIO,COMPLETOS,POCOS_1_2,NO_TRABAJA,CON_NINOS_1_2,SIN,NINGUNO,NORMAL,Sin nota,3–3.99,2–2.99,3–3.99
0,0,M,2,Servicio público,Baja frecuencia,Otro / No aplica,SIN_CARGAS,Si,Diurno,Arrendada,Zona urbana,Si,Si,0,No,Sí,No,Casi nunca,Heterosexual,Comuna Oriental,Básica,Básica,Sí,No,No étnico,ALTO,BASICOS,VARIOS_3_MAS,PARCIAL_1_20,CON_NINOS_1_2,SIN,NINGUNO,BAJO_PESO,Sin nota,4–5,2–2.99,4–5
0,0,M,2,Vehículo motorizado,Alta frecuencia,Recursos propios,SIN_CARGAS,No,Diurno,Propia pagada,Zona urbana,Si,Si,0,No,No,No,Con poca frecuencia,Heterosexual,Comuna Norte,Media,Media,No,No,No étnico,ALTO,COMPLETOS,POCOS_1_2,NO_TRABAJA,HOGAR_SIN_NINOS,SIN,NINGUNO,NORMAL,Sin nota,4–5,3–3.99,3–3.99
0,0,M,1,Servicio público,Baja frecuencia,Beca,CON_CARGAS,Si,Diurno,Arrendada,Zona urbana,Si,Si,0,Si,No,No responde,Con poca frecuencia,Heterosexual,Comuna Sur Oriental,Media,Media,No,No,No reportado,MEDIO,BASICOS,VARIOS_3_MAS,NO_TRABAJA,CON_NINOS_3_MAS,MULTIPLE,BAJO,NORMAL,Sin nota,3–3.99,3–3.99,3–3.99
1,0,M,2,Servicio público,Baja frecuencia,Recursos propios,SIN_CARGAS,No,Diurno,Arrendada,Zona urbana,Si,Si,0,Si,Sí,No,Frecuentemente,Heterosexual,Comuna Sur Occidental,Básica,Media,Sí,No,No étnico,BAJO,BASICOS,POCOS_1_2,NO_TRABAJA,CON_NINOS_1_2,SIN,BAJO,NORMAL,Sin nota,3–3.99,2–2.99,3–3.99
0,0,M,2,Bicicleta,Baja frecuencia,Recursos propios,SIN_CARGAS,No,Diurno,Propia pagada,Zona urbana,Si,Si,0,Si,Sí,No responde,Con poca frecuencia,Heterosexual,Comuna Sur Oriental,Media,Básica,No,No,No reportado,BAJO,BASICOS,VARIOS_3_MAS,NO_TRABAJA,HOGAR_SIN_NINOS,MULTIPLE,NINGUNO,NORMAL,Sin nota,4–5,4–5,3–3.99
0,0,M,2,Servicio público,Alta frecuencia,Otro / No aplica,SIN_CARGAS,Si,Mixto,Arrendada,Zona rural,Si,Si,0,No,Sí,No,Casi nunca,Heterosexual,Municipios Aledaños,Media,Superior,No,No,No étnico,ALTO,COMPLETOS,POCOS_1_2,NO_TRABAJA,HOGAR_SIN_NINOS,SIN,NINGUNO,OBESIDAD,Sin nota,4–5,3–3.99,4–5
0,0,M,2,A pie,Baja frecuencia,Recursos propios,SIN_CARGAS,No,Diurno,Arrendada,Zona urbana,Si,Si,0,No,No,No responde,Nunca,Heterosexual,Comuna Centro,Media,Media,No,No,No reportado,MEDIO,COMPLETOS,POCOS_1_2,PARCIAL_1_20,SOLO_SIN_NINOS,MULTIPLE,NINGUNO,NORMAL,Sin nota,3–3.99,3–3.99,4–5
0,0,M,2,A pie,Baja frecuencia,Recursos propios,CON_CARGAS,No,Diurno,Propia pagada,Zona urbana,Si,No,0,Si,No,No,Nunca,Heterosexual,Comuna Norte,Media,Media,No,No,No étnico,MEDIO,COMPLETOS,POCOS_1_2,NO_TRABAJA,HOGAR_SIN_NINOS,SIN,NINGUNO,NORMAL,Sin nota,4–5,3–3.99,4–5
0,0,F,2,Servicio público,Baja frecuencia,Recursos propios,SIN_CARGAS,Si,Diurno,Arrendada,Zona urbana,Si,Si,0,Si,No,No,Con poca frecuencia,Heterosexual,Municipios Aledaños,Básica,Media,No,No,No étnico,ALTO,BASICOS,POCOS_1_2,PARCIAL_1_20,HOGAR_SIN_NINOS,SIN,NINGUNO,NORMAL,Sin nota,4–5,4–5,3–3.99
0,0,M,2,Vehículo motorizado,Alta frecuencia,Otro / No aplica,SIN_CARGAS,No,Mixto,Propia pagada,Zona urbana,Si,No,0,No,No,No,Frecuentemente,Heterosexual,Comuna Oriental,Básica,Básica,No,No,No étnico,MEDIO,COMPLETOS,POCOS_1_2,NO_TRABAJA,CON_NINOS_1_2,SIN,NINGUNO,NORMAL,Sin nota,3–3.99,3–3.99,3–3.99
0,0,M,2,A pie,Baja frecuencia,Recursos propios,SIN_CARGAS,No,Mixto,Arrendada,Zona urbana,Si,No,0,Si,Sí,No responde,Con poca frecuencia,Heterosexual,Bogota,Media,Media,No,No,No reportado,MEDIO,BASICOS,VARIOS_3_MAS,NO_TRABAJA,DESCONOCIDO,MULTIPLE,NINGUNO,NORMAL,Sin nota,4–5,3–3.99,4–5
0,0,F,2,Servicio público,Baja frecuencia,Recursos propios,CON_CARGAS,No,Diurno,Propia pagada,Zona urbana,Si,Si,0,No,No,No responde,Con poca frecuencia,Diversa,Comuna Norte,Media,Media,No,No,No reportado,ALTO,COMPLETOS,VARIOS_3_MAS,NO_TRABAJA,HOGAR_SIN_NINOS,MULTIPLE,NINGUNO,NORMAL,Sin nota,4–5,3–3.99,4–5
0,0,M,2,A pie,Baja frecuencia,Recursos propios,SIN_CARGAS,Si,Diurno,Arrendada,Zona urbana,Si,Si,0,Si,Sí,No,Con poca frecuencia,Heterosexual,Comuna Oriental,Básica,Media,No,No,No étnico,BAJO,BASICOS,VARIOS_3_MAS,NO_TRABAJA,CON_NINOS_1_2,SIN,NINGUNO,BAJO_PESO,Sin nota,4–5,3–3.99,3–3.99
0,0,F,2,A pie,Baja frecuencia,Recursos propios,SIN_CARGAS,Si,Diurno,Arrendada,Zona urbana,Si,Si,0,No,No,No,Casi nunca,No responde,Comuna Oriental,Superior,Superior,No,No,No étnico,MEDIO,BASICOS,NINGUNO,NO_TRABAJA,HOGAR_SIN_NINOS,SIN,NINGUNO,NORMAL,Sin nota,4–5,4–5,4–5
0,0,F,2,Servicio público,Baja frecuencia,Otro / No aplica,SIN_CARGAS,Si,Diurno,Arrendada,Zona urbana,Si,Si,0,Si,No,No,Frecuentemente,No responde,Comuna Sur Oriental,Básica,Básica,Sí,No,No étnico,ALTO,COMPLETOS,POCOS_1_2,PARCIAL_1_20,CON_NINOS_1_2,SIN,NINGUNO,NORMAL,Sin nota,4–5,4–5,3–3.99
0,0,M,2,Servicio público,Baja frecuencia,Otro / No aplica,CON_CARGAS,Si,Diurno,Propia pagandose,Zona urbana,Si,Si,0,No,No,No,Casi nunca,Heterosexual,Comuna Sur Oriental,Básica,Básica,No,No,No étnico,BAJO,COMPLETOS,VARIOS_3_MAS,NO_TRABAJA,HOGAR_SIN_NINOS,SIN,NINGUNO,NORMAL,Sin nota,4–5,3–3.99,3–3.99
2,0,M,1,Servicio público,Baja frecuencia,Recursos propios,CON_CARGAS,No,Diurno,Arrendada,Zona rural,Si,Si,3,Si,Sí,No,Con poca frecuencia,Heterosexual,Municipios Aledaños,Básica,Media,No,No,No étnico,ALTO,BASICOS,POCOS_1_2,ALTA_>20,CON_NINOS_3_MAS,SIN,NINGUNO,NORMAL,Sin nota,3–3.99,1–1.99,2–2.99
0,0,M,2,Servicio público,Baja frecuencia,Recursos propios,SIN_CARGAS,No,Diurno,Propia pagandose,Zona urbana,Si,Si,0,Si,No,No,Casi nunca,Heterosexual,Municipios Aledaños,Superior,Superior,No,No,No étnico,BAJO,COMPLETOS,POCOS_1_2,NO_TRABAJA,CON_NINOS_1_2,SIN,BAJO,SOBREPESO,Sin nota,4–5,3–3.99,3–3.99
0,0,M,2,A pie,Baja frecuencia,Recursos propios,SIN_CARGAS,No,Diurno,Propia pagada,Zona urbana,Si,No,0,Si,Sí,No,Con poca frecuencia,Heterosexual,Comuna Occidental,Superior,Superior,No,No,No étnico,BAJO,COMPLETOS,POCOS_1_2,NO_TRABAJA,HOGAR_SIN_NINOS,SIN,BAJO,NORMAL,Sin nota,4–5,3–3.99,3–3.99
0,0,F,2,A pie,Baja frecuencia,Recursos propios,SIN_CARGAS,No,Diurno,Propia pagada,Zona urbana,Si,No,0,Si,Sí,No,Casi nunca,Heterosexual,Comuna Occidental,Media,Media,No,No,No étnico,MEDIO,COMPLETOS,POCOS_1_2,NO_TRABAJA,HOGAR_SIN_NINOS,SIN,NINGUNO,NORMAL,Sin nota,4–5,3–3.99,3–3.99
0,0,M,2,Servicio público,Baja frecuencia,Recursos propios,SIN_CARGAS,Si,Diurno,Arrendada,Zona rural,Si,Si,0,No,No,No,Frecuentemente,Heterosexual,Municipios Aledaños,Media,Media,No,No,No étnico,BAJO,COMPLETOS,POCOS_1_2,NO_TRABAJA,CON_NINOS_1_2,SIN,NINGUNO,NORMAL,Sin nota,4–5,3–3.99,4–5
1,0,M,2,Servicio público,Baja frecuencia,Recursos propios,CON_CARGAS,No,Mixto,Arrendada,Zona urbana,Si,Si,0,No,No,No,Nunca,Heterosexual,Sin agrupar,Media,Superior,Sí,No,No étnico,ALTO,COMPLETOS,POCOS_1_2,ALTA_>20,HOGAR_SIN_NINOS,SIN,NINGUNO,BAJO_PESO,Sin nota,3–3.99,3–3.99,4–5
0,0,M,2,Servicio público,Baja frecuencia,Recursos propios,SIN_CARGAS,No,Diurno,Arrendada,Zona urbana,Si,No,0,Si,Sí,No,Con poca frecuencia,Heterosexual,Comuna Sur Occidental,Media,Superior,No,No,No étnico,ALTO,COMPLETOS,NINGUNO,NO_TRABAJA,HOGAR_SIN_NINOS,SIN,NINGUNO,NORMAL,Sin nota,4–5,4–5,4–5
0,0,M,2,Servicio público,Baja frecuencia,Beca,CON_CARGAS,No,Diurno,Propia pagada,Zona rural,Si,Si,0,No,Sí,No responde,Con poca frecuencia,Heterosexual,Municipios Aledaños,Básica,Básica,No,No,No reportado,MEDIO,COMPLETOS,POCOS_1_2,NO_TRABAJA,CON_NINOS_1_2,MULTIPLE,NINGUNO,NORMAL,Sin nota,4–5,4–5,4–5
0,0,M,2,Servicio público,Baja frecuencia,Recursos propios,SIN_CARGAS,No,Diurno,Arrendada,Zona rural,Si,Si,0,No,No,No,Frecuentemente,Heterosexual,Municipios Aledaños,Media,Media,No,No,No étnico,BAJO,BASICOS,POCOS_1_2,NO_TRABAJA,HOGAR_SIN_NINOS,SIN,NINGUNO,NORMAL,Sin nota,4–5,3–3.99,3–3.99
0,0,F,2,A pie,Baja frecuencia,Otro / No aplica,CON_CARGAS,No,Diurno,Propia pagandose,Zona urbana,Si,Si,0,Si,No,No,Con poca frecuencia,No responde,Comuna Oriental,Básica,Media,No,No,No étnico,BAJO,BASICOS,VARIOS_3_MAS,PARCIAL_1_20,CON_NINOS_1_2,SIN,NINGUNO,SOBREPESO,Sin nota,4–5,3–3.99,3–3.99
0,0,M,2,A pie,Baja frecuencia,Recursos propios,SIN_CARGAS,No,Mixto,Arrendada,Zona urbana,Si,Si,0,Si,No,No,Con poca frecuencia,Heterosexual,Comuna Centro,Media,Media,No,No,No étnico,ALTO,COMPLETOS,POCOS_1_2,NO_TRABAJA,CON_NINOS_1_2,SIN,NINGUNO,NORMAL,Sin nota,4–5,3–3.99,3–3.99
0,0,M,2,Servicio público,Alta frecuencia,Recursos propios,SIN_CARGAS,No,Diurno,Arrendada,Zona urbana,Si,Si,0,Si,No,No,Con poca frecuencia,Heterosexual,Municipios Aledaños,Superior,Superior,No,No,No étnico,ALTO,COMPLETOS,NINGUNO,NO_TRABAJA,HOGAR_SIN_NINOS,SIN,NINGUNO,BAJO_PESO,Sin nota,4–5,3–3.99,3–3.99
0,0,F,2,A pie,Baja frecuencia,Recursos propios,SIN_CARGAS,Si,Diurno,Propia pagada,Zona rural,Si,Si,0,No,No,No,Casi nunca,No responde,Comuna Sur Occidental,Media,Media,No,No,No étnico,BAJO,COMPLETOS,NINGUNO,NO_TRABAJA,SOLO_SIN_NINOS,SIN,NINGUNO,NORMAL,Sin nota,4–5,4–5,3–3.99
0,0,F,2,Servicio público,Baja frecuencia,Recursos propios,SIN_CARGAS,No,Mixto,Propia pagandose,Zona urbana,Si,No,0,No,No,No responde,Frecuentemente,Heterosexual,Comuna Norte,Media,Media,No,No,No reportado,MEDIO,BASICOS,POCOS_1_2,NO_TRABAJA,HOGAR_SIN_NINOS,MULTIPLE,NINGUNO,NORMAL,Sin nota,4–5,3–3.99,3–3.99
0,0,F,2,A pie,Baja frecuencia,Recursos propios,SIN_CARGAS,No,Diurno,Propia pagada,Zona urbana,Si,Si,0,Si,No,No,Frecuentemente,No responde,Comuna Centro,Básica,Media,No,No,No étnico,BAJO,COMPLETOS,POCOS_1_2,NO_TRABAJA,HOGAR_SIN_NINOS,SIN,NINGUNO,NORMAL,Sin nota,4–5,4–5,3–3.99
0,0,M,2,A pie,Baja frecuencia,Beca,SIN_CARGAS,No,Mixto,Arrendada,Zona urbana,No,Si,0,Si,No,No,Frecuentemente,Heterosexual,Comuna Norte,Media,Superior,No,No,No étnico,MEDIO,COMPLETOS,POCOS_1_2,PARCIAL_1_20,HOGAR_SIN_NINOS,SIN,NINGUNO,NORMAL,Sin nota,4–5,4–5,4–5
0,0,M,2,A pie,Baja frecuencia,Recursos propios,SIN_CARGAS,No,Nocturno,Arrendada,Zona urbana,Si,Si,0,No,No,No responde,Nunca,Heterosexual,Comuna Oriental,Superior,Media,No,No,No reportado,MEDIO,COMPLETOS,POCOS_1_2,PARCIAL_1_20,HOGAR_SIN_NINOS,MULTIPLE,NINGUNO,NORMAL,Sin nota,4–5,4–5,4–5
0,0,M,2,A pie,Baja frecuencia,Otro / No aplica,SIN_CARGAS,No,Diurno,Arrendada,Zona urbana,Si,No,0,No,Sí,No,Con poca frecuencia,Heterosexual,Comuna Centro,Media,Media,No,No,No étnico,ALTO,COMPLETOS,POCOS_1_2,NO_TRABAJA,CON_NINOS_1_2,SIN,NINGUNO,NORMAL,Sin nota,4–5,4–5,4–5
0,0,M,2,A pie,Baja frecuencia,Recursos propios,SIN_CARGAS,No,Diurno,Arrendada,Zona urbana,Si,Si,0,No,No,No,Con poca frecuencia,Heterosexual,Comuna Oriental,Media,Media,No,No,No étnico,MEDIO,COMPLETOS,NINGUNO,NO_TRABAJA,SOLO_SIN_NINOS,SIN,NINGUNO,SOBREPESO,Sin nota,4–5,2–2.99,4–5
0,0,F,2,Servicio público,Baja frecuencia,Recursos propios,SIN_CARGAS,No,Diurno,Propia pagada,Zona urbana,Si,Si,0,Si,Sí,No,Casi nunca,Heterosexual,Comuna Sur Occidental,Media,Superior,No,No,No étnico,BAJO,COMPLETOS,VARIOS_3_MAS,NO_TRABAJA,HOGAR_SIN_NINOS,SIN,NINGUNO,NORMAL,Sin nota,4–5,4–5,3–3.99
0,0,M,2,A pie,Baja frecuencia,Beca,SIN_CARGAS,No,Mixto,Arrendada,Zona urbana,Si,Si,0,No,Sí,No,Con poca frecuencia,Heterosexual,Comuna Oriental,Media,Media,No,No,No étnico,BAJO,BASICOS,POCOS_1_2,NO_TRABAJA,HOGAR_SIN_NINOS,SIN,BAJO,NORMAL,Sin nota,4–5,4–5,4–5
0,0,M,2,A pie,Baja frecuencia,Recursos propios,SIN_CARGAS,No,Nocturno,Propia pagada,Zona urbana,Si,No,0,Si,Sí,No,Con poca frecuencia,Heterosexual,Comuna Centro,Media,Superior,No,No,No étnico,ALTO,COMPLETOS,POCOS_1_2,NO_TRABAJA,HOGAR_SIN_NINOS,SIN,NINGUNO,NORMAL,Sin nota,4–5,4–5,3–3.99
0,0,M,2,Servicio público,Otro,Recursos propios,SIN_CARGAS,No,Mixto,Arrendada,Zona urbana,Si,Si,0,No,No,No,Con poca frecuencia,Heterosexual,Comuna Sur Oriental,Básica,Media,No,No,No étnico,ALTO,COMPLETOS,POCOS_1_2,NO_TRABAJA,CON_NINOS_1_2,SIN,NINGUNO,NORMAL,Sin nota,4–5,3–3.99,3–3.99
0,0,M,2,A pie,Baja frecuencia,Recursos propios,SIN_CARGAS,No,Diurno,Arrendada,Zona urbana,Si,Si,0,Si,Sí,No responde,Con poca frecuencia,Heterosexual,Comuna Sur Occidental,Básica,Básica,No,No,No reportado,ALTO,BASICOS,POCOS_1_2,NO_TRABAJA,CON_NINOS_1_2,MULTIPLE,NINGUNO,NORMAL,Sin nota,4–5,4–5,4–5
0,0,M,2,A pie,Baja frecuencia,Recursos propios,SIN_CARGAS,No,Diurno,Arrendada,Zona urbana,Si,Si,0,No,No,No,Con poca frecuencia,Heterosexual,Comuna Norte,Media,Media,No,No,No étnico,MEDIO,COMPLETOS,POCOS_1_2,NO_TRABAJA,HOGAR_SIN_NINOS,SIN,NINGUNO,BAJO_PESO,Sin nota,4–5,4–5,4–5
0,0,M,2,Servicio público,Baja frecuencia,Recursos propios,SIN_CARGAS,Si,Diurno,Arrendada,Zona rural,Si,Si,0,No,No,No,Casi nunca,Heterosexual,Municipios Aledaños,Media,Básica,No,No,No étnico,ALTO,COMPLETOS,POCOS_1_2,NO_TRABAJA,HOGAR_SIN_NINOS,SIN,NINGUNO,NORMAL,Sin nota,4–5,4–5,4–5
0,0,F,2,A pie,Baja frecuencia,Recursos propios,CON_CARGAS,No,Diurno,Arrendada,Zona urbana,Si,Si,0,No,No,No,Casi nunca,Heterosexual,Comuna Norte,Básica,Básica,Sí,No,No étnico,BAJO,BASICOS,VARIOS_3_MAS,NO_TRABAJA,CON_NINOS_1_2,SIN,NINGUNO,NORMAL,Sin nota,4–5,3–3.99,3–3.99
0,0,F,2,Servicio público,Baja frecuencia,Otro / No aplica,CON_CARGAS,No,Diurno,Arrendada,Zona urbana,Si,No,0,No,No,No,Frecuentemente,Heterosexual,Comuna Norte,Básica,Básica,No,No,No étnico,BAJO,COMPLETOS,POCOS_1_2,NO_TRABAJA,HOGAR_SIN_NINOS,SIN,NINGUNO,NORMAL,Sin nota,4–5,3–3.99,3–3.99
0,0,M,2,Servicio público,Baja frecuencia,Recursos propios,SIN_CARGAS,No,Diurno,Propia pagada,Zona urbana,Si,Si,0,Si,No,No,Nunca,Heterosexual,Sin agrupar,Media,Básica,No,No,No étnico,MEDIO,COMPLETOS,POCOS_1_2,NO_TRABAJA,HOGAR_SIN_NINOS,SIN,NINGUNO,NORMAL,Sin nota,4–5,3–3.99,4–5
0,0,M,2,Servicio público,Baja frecuencia,Recursos propios,SIN_CARGAS,No,Diurno,Propia pagada,Zona urbana,Si,Si,5,Si,Sí,No,Con poca frecuencia,Heterosexual,Municipios Aledaños,Media,Superior,No,No,No étnico,ALTO,BASICOS,VARIOS_3_MAS,NO_TRABAJA,CON_NINOS_1_2,SIN,NINGUNO,NORMAL,Sin nota,4–5,3–3.99,4–5
0,0,M,2,Servicio público,Baja frecuencia,Recursos propios,SIN_CARGAS,Si,Diurno,Arrendada,Zona rural,Si,Si,0,No,Sí,No responde,Frecuentemente,Heterosexual,Municipios Aledaños,Media,Media,No,No,No reportado,MEDIO,COMPLETOS,POCOS_1_2,NO_TRABAJA,CON_NINOS_1_2,MULTIPLE,NINGUNO,BAJO_PESO,Sin nota,4–5,3–3.99,3–3.99
0,0,M,2,A pie,Baja frecuencia,Otro / No aplica,SIN_CARGAS,No,Diurno,Arrendada,Zona urbana,Si,Si,0,Si,No,No,Con poca frecuencia,Heterosexual,Comuna Sur Occidental,Media,Media,No,No,No étnico,BAJO,BASICOS,NINGUNO,NO_TRABAJA,HOGAR_SIN_NINOS,SIN,NINGUNO,NORMAL,Sin nota,4–5,4–5,4–5
0,0,F,2,Servicio público,Baja frecuencia,Recursos propios,SIN_CARGAS,Si,Mixto,Arrendada,Zona urbana,Si,Si,0,Si,Sí,No,Con poca frecuencia,Heterosexual,Comuna Sur Occidental,Media,Media,No,No,No étnico,MEDIO,COMPLETOS,POCOS_1_2,NO_TRABAJA,HOGAR_SIN_NINOS,SIN,NINGUNO,NORMAL,Sin nota,4–5,3–3.99,4–5
0,0,M,2,Servicio público,Baja frecuencia,Crédito,CON_CARGAS,No,Diurno,Arrendada,Zona urbana,Si,No,0,Si,No,No,Con poca frecuencia,Heterosexual,Comuna Sur Occidental,Superior,Superior,No,No,No étnico,ALTO,COMPLETOS,POCOS_1_2,NO_TRABAJA,HOGAR_SIN_NINOS,SIN,NINGUNO,NORMAL,Sin nota,4–5,3–3.99,4–5
0,0,M,2,A pie,Baja frecuencia,Recursos propios,SIN_CARGAS,No,Diurno,Arrendada,Zona urbana,Si,Si,0,No,No,No,Frecuentemente,Heterosexual,Municipios Aledaños,Media,Media,No,No,No étnico,MEDIO,BASICOS,POCOS_1_2,NO_TRABAJA,CON_NINOS_1_2,SIN,NINGUNO,NORMAL,Sin nota,4–5,3–3.99,3–3.99
0,0,M,2,Servicio público,Baja frecuencia,Recursos propios,CON_CARGAS,Si,Diurno,Arrendada,Zona urbana,Si,Si,0,Si,Sí,No responde,Casi nunca,Heterosexual,Comuna Centro,Básica,Media,No,No,No reportado,MEDIO,BASICOS,NINGUNO,ALTA_>20,HOGAR_SIN_NINOS,MULTIPLE,NINGUNO,NORMAL,Sin nota,4–5,3–3.99,4–5
0,0,M,2,Servicio público,Baja frecuencia,Recursos propios,SIN_CARGAS,No,Diurno,Propia pagandose,Zona rural,Si,Si,0,Si,Sí,No,Con poca frecuencia,Heterosexual,Municipios Aledaños,Básica,Media,No,No,No étnico,ALTO,BASICOS,POCOS_1_2,NO_TRABAJA,HOGAR_SIN_NINOS,SIN,NINGUNO,BAJO_PESO,Sin nota,4–5,3–3.99,4–5
0,0,F,2,Servicio público,Alta frecuencia,Otro / No aplica,SIN_CARGAS,No,Diurno,Arrendada,Zona rural,No,No,0,Si,No,No,Casi nunca,Heterosexual,Sin agrupar,Media,Media,No,No,No étnico,MEDIO,COMPLETOS,POCOS_1_2,NO_TRABAJA,SOLO_SIN_NINOS,SIN,NINGUNO,BAJO_PESO,Sin nota,4–5,4–5,3–3.99
0,0,F,2,Servicio público,Baja frecuencia,Recursos propios,CON_CARGAS,No,Diurno,Propia pagada,Zona urbana,Si,Si,0,No,No,No responde,Con poca frecuencia,Heterosexual,Municipios Aledaños,Media,Media,No,No,No reportado,BAJO,COMPLETOS,POCOS_1_2,NO_TRABAJA,CON_NINOS_1_2,MULTIPLE,NINGUNO,NORMAL,Sin nota,4–5,4–5,3–3.99
0,0,F,2,Servicio público,Baja frecuencia,Recursos propios,SIN_CARGAS,No,Diurno,Arrendada,Zona rural,Si,No,0,No,No,No,Casi nunca,Heterosexual,Municipios Aledaños,Media,Media,Sí,No,No étnico,ALTO,COMPLETOS,POCOS_1_2,NO_TRABAJA,CON_NINOS_1_2,SIN,NINGUNO,NORMAL,Sin nota,3–3.99,2–2.99,3–3.99
0,0,M,2,Servicio público,Baja frecuencia,Beca,CON_CARGAS,Si,Diurno,Propia pagada,Zona rural,Si,Si,0,No,No,No,Con poca frecuencia,No responde,Comuna Occidental,Básica,Básica,No,No,No étnico,BAJO,BASICOS,POCOS_1_2,PARCIAL_1_20,HOGAR_SIN_NINOS,SIN,NINGUNO,BAJO_PESO,Sin nota,4–5,3–3.99,4–5
0,0,M,2,Servicio público,Baja frecuencia,Otro / No aplica,SIN_CARGAS,No,Diurno,Propia pagada,Zona urbana,Si,Si,0,Si,No,No,Nunca,Heterosexual,Comuna Sur Occidental,Media,Media,No,No,No étnico,MEDIO,COMPLETOS,POCOS_1_2,ALTA_>20,HOGAR_SIN_NINOS,SIN,NINGUNO,BAJO_PESO,Sin nota,4–5,3–3.99,3–3.99
0,0,M,2,Servicio público,Baja frecuencia,Recursos propios,SIN_CARGAS,No,Diurno,Propia pagandose,Zona urbana,Si,Si,0,No,No,No,Con poca frecuencia,Heterosexual,Comuna Norte,Media,Media,No,No,No étnico,MEDIO,BASICOS,POCOS_1_2,NO_TRABAJA,HOGAR_SIN_NINOS,SIN,NINGUNO,NORMAL,Sin nota,4–5,4–5,4–5
0,0,F,2,Servicio público,Baja frecuencia,Recursos propios,SIN_CARGAS,Si,Diurno,Arrendada,Zona rural,Si,Si,0,Si,Sí,No,Casi nunca,Heterosexual,Comuna Oriental,Superior,Media,No,No,No étnico,ALTO,BASICOS,POCOS_1_2,PARCIAL_1_20,CON_NINOS_1_2,SIN,NINGUNO,NORMAL,Sin nota,4–5,4–5,4–5
1,0,M,2,A pie,Baja frecuencia,Otro / No aplica,SIN_CARGAS,Si,Diurno,Propia pagada,Zona urbana,Si,Si,0,No,No,No,Con poca frecuencia,Heterosexual,Comuna Centro,Básica,Media,Sí,No,No étnico,BAJO,BASICOS,VARIOS_3_MAS,NO_TRABAJA,CON_NINOS_1_2,SIN,NINGUNO,BAJO_PESO,Sin nota,3–3.99,4–5,3–3.99
0,0,M,2,Servicio público,Alta frecuencia,Recursos propios,CON_CARGAS,Si,Mixto,Arrendada,Zona rural,Si,Si,0,No,Sí,No,Con poca frecuencia,Heterosexual,Municipios Aledaños,Básica,Media,No,No,No étnico,ALTO,COMPLETOS,NINGUNO,ALTA_>20,HOGAR_SIN_NINOS,SIN,NINGUNO,NORMAL,Sin nota,4–5,2–2.99,4–5
0,0,M,2,Servicio público,Baja frecuencia,Recursos propios,SIN_CARGAS,No,Diurno,Propia pagada,Zona urbana,Si,Si,0,Si,Sí,No,Frecuentemente,Heterosexual,Comuna Centro,Básica,Media,No,No,No étnico,MEDIO,BASICOS,POCOS_1_2,NO_TRABAJA,CON_NINOS_1_2,SIN,NINGUNO,NORMAL,Sin nota,4–5,4–5,4–5
0,0,M,2,Servicio público,Baja frecuencia,Recursos propios,SIN_CARGAS,No,Diurno,Propia pagada,Zona rural,Si,Si,0,Si,No,No,Casi nunca,Heterosexual,Comuna Norte,Media,Superior,Sí,No,No étnico,BAJO,BASICOS,POCOS_1_2,NO_TRABAJA,CON_NINOS_1_2,SIN,NINGUNO,NORMAL,Sin nota,4–5,4–5,3–3.99
0,0,M,2,Vehículo motorizado,Baja frecuencia,Crédito,SIN_CARGAS,No,Diurno,Propia pagada,Zona urbana,Si,No,0,No,No,No,Con poca frecuencia,Heterosexual,Comuna Sur Occidental,Media,Superior,Sí,No,No étnico,BAJO,BASICOS,POCOS_1_2,NO_TRABAJA,SOLO_SIN_NINOS,SIN,NINGUNO,NORMAL,Sin nota,4–5,3–3.99,4–5
0,0,M,2,Servicio público,Baja frecuencia,Otro / No aplica,SIN_CARGAS,Si,Diurno,Arrendada,Zona urbana,Si,No,0,No,Sí,No,Frecuentemente,Heterosexual,Comuna Oriental,Básica,Media,No,No,No étnico,MEDIO,BASICOS,POCOS_1_2,NO_TRABAJA,HOGAR_SIN_NINOS,SIN,NINGUNO,NORMAL,Sin nota,4–5,3–3.99,4–5
0,0,M,2,Bicicleta,Baja frecuencia,Recursos propios,CON_CARGAS,No,Mixto,Propia pagandose,Zona urbana,Si,Si,0,Si,Sí,No,Nunca,Heterosexual,Comuna Norte,Básica,Media,Sí,No,No étnico,MEDIO,COMPLETOS,POCOS_1_2,NO_TRABAJA,CON_NINOS_1_2,SIN,NINGUNO,SOBREPESO,Sin nota,4–5,3–3.99,4–5
0,0,M,2,Servicio público,Baja frecuencia,Recursos propios,SIN_CARGAS,No,Mixto,Arrendada,Zona rural,Si,Si,0,Si,Sí,No,Con poca frecuencia,Heterosexual,Municipios Aledaños,Media,Superior,Sí,No,No étnico,BAJO,COMPLETOS,NINGUNO,NO_TRABAJA,HOGAR_SIN_NINOS,SIN,BAJO,OBESIDAD,Sin nota,3–3.99,4–5,3–3.99
