,FUENTES_FINANCIACION,PERSONAS_A_CARGO,DIFICULTAD_PAGO_MATRICULA,TURNO_TRABAJO_ESTUDIO,TIPO_VIVIENDA_RESIDENCIA,ZONA_VIVIENDA_RESIDENCIA,VIVE_PADRES_FAMILIAR,SISBEN,NUM_HIJOS,VIVE_PERSONAS_MAYORES,VIVE_PERSONAS_PATOLOGIAS,VICTIMA_VIOLENCIA,FRECUENCIA_USO_CANALES_ATENCION,ORIENTACION_CAT,COMUNA,NIV_EDUCATIVO_PADRE_CAT,NIV_EDUCATIVO_MADRE_CAT,ES_VULNERABLE,ES_GRUPO_ETNICO,GRUPO_ETNICO_CAT,HORAS_FUERA_CASA,RECURSOS_TECNOLOGICOS,HERMANOS_CAT,CARGA_LABORAL,CARGA_HOGAR,CONDICION_DISCAPACIDAD,HABITOS_RIESGO,IMC_CAT,CIENCIAS BÁSICAS_bin,CIENCIAS BÁSICAS DE INGENIERÍA_bin,INGENIERÍA APLICADA_bin,INSTITUCIONAL_bin
350,Otro / No aplica,SIN_CARGAS,No,Diurno,Arrendada,Zona urbana,Si,No,0,No,No,No,Frecuentemente,Heterosexual,Comuna Sur Oriental,Media,Superior,No,No,No étnico,ALTO,SIN_RECURSOS,POCOS_1_2,NO_TRABAJA,HOGAR_SIN_NINOS,COGNITIVA,NINGUNO,SOBREPESO,3–3.99,3–3.99,4–5,4–5
521,Otro / No aplica,SIN_CARGAS,No,Mixto,Arrendada,Zona urbana,Si,Si,0,No,No,No,Frecuentemente,Heterosexual,Comuna Centro,Media,Media,Sí,No,No étnico,ALTO,BASICOS,POCOS_1_2,NO_TRABAJA,CON_NINOS_1_2,SIN,NINGUNO,NORMAL,3–3.99,4–5,4–5,4–5
200,Recursos propios,SIN_CARGAS,No,Nocturno,Arrendada,Zona urbana,Si,No,0,No,No,No,Casi nunca,Heterosexual,Comuna Occidental,Superior,Superior,No,No,No étnico,MEDIO,COMPLETOS,POCOS_1_2,NO_TRABAJA,CON_NINOS_1_2,COGNITIVA,BAJO,BAJO_PESO,3–3.99,3–3.99,3–3.99,3–3.99
703,Otro / No aplica,SIN_CARGAS,No,Mixto,Propia pagada,Zona urbana,Si,No,0,No,No,No,Frecuentemente,Heterosexual,Comuna Oriental,Básica,Básica,No,No,No étnico,MEDIO,COMPLETOS,POCOS_1_2,NO_TRABAJA,CON_NINOS_1_2,SIN,NINGUNO,NORMAL,Sin nota,3–3.99,3–3.99,3–3.99
675,Recursos propios,SIN_CARGAS,No,Diurno,Arrendada,Zona rural,Si,No,0,No,Sí,No,Con poca frecuencia,Heterosexual,Municipios Aledaños,Superior,Superior,No,No,No étnico,ALTO,COMPLETOS,POCOS_1_2,NO_TRABAJA,CON_NINOS_1_2,SIN,NINGUNO,BAJO_PESO,Sin nota,4–5,3–3.99,4–5
481,Recursos propios,SIN_CARGAS,No,Diurno,Propia pagada,Zona urbana,Si,No,0,Si,No,No,Con poca frecuencia,Heterosexual,Comuna Oriental,Media,Media,No,No,No étnico,BAJO,BASICOS,NINGUNO,NO_TRABAJA,CON_NINOS_1_2,SIN,NINGUNO,SOBREPESO,3–3.99,3–3.99,3–3.99,4–5
147,Otro / No aplica,CON_CARGAS,Si,Diurno,Arrendada,Zona urbana,Si,Si,1,No,No,No,Con poca frecuencia,No responde,Bogota,Básica,Básica,Sí,No,No étnico,BAJO,BASICOS,VARIOS_3_MAS,NO_TRABAJA,CON_NINOS_1_2,COGNITIVA,NINGUNO,SOBREPESO,3–3.99,4–5,4–5,4–5
658,Otro / No aplica,SIN_CARGAS,Si,Mixto,Arrendada,Zona urbana,Si,Si,0,Si,Sí,No,Frecuentemente,No responde,Comuna Occidental,Superior,Superior,Sí,No,No étnico,ALTO,COMPLETOS,NINGUNO,NO_TRABAJA,HOGAR_SIN_NINOS,SIN,NINGUNO,NORMAL,4–5,4–5,4–5,4–5
179,Otro / No aplica,CON_CARGAS,Si,Nocturno,Arrendada,Zona rural,No,No,0,Si,No,Si,Nunca,No responde,Sin agrupar,Básica,Básica,Sí,No,No étnico,ALTO,BASICOS,VARIOS_3_MAS,PARCIAL_1_20,DESCONOCIDO,COGNITIVA,BAJO,NORMAL,3–3.99,3–3.99,3–3.99,3–3.99
384,Recursos propios,CON_CARGAS,No,Diurno,Arrendada,Zona urbana,Si,No,0,No,No,No,Con poca frecuencia,No responde,Bogota,Media,Media,No,No,No étnico,BAJO,COMPLETOS,NINGUNO,NO_TRABAJA,SOLO_SIN_NINOS,COGNITIVA,NINGUNO,NORMAL,4–5,3–3.99,2–2.99,3–3.99
570,Otro / No aplica,CON_CARGAS,No,Mixto,Propia pagada,Zona urbana,Si,Si,0,No,No,No,Casi nunca,Heterosexual,Comuna Sur Oriental,Media,Media,No,No,No étnico,ALTO,COMPLETOS,POCOS_1_2,NO_TRABAJA,HOGAR_SIN_NINOS,SIN,NINGUNO,NORMAL,4–5,4–5,4–5,4–5
724,Recursos propios,SIN_CARGAS,No,Diurno,Propia pagada,Zona urbana,Si,Si,0,Si,No,No,Frecuentemente,No responde,Comuna Centro,Básica,Media,No,No,No étnico,BAJO,COMPLETOS,POCOS_1_2,NO_TRABAJA,HOGAR_SIN_NINOS,SIN,NINGUNO,NORMAL,Sin nota,4–5,4–5,3–3.99
292,Recursos propios,SIN_CARGAS,Si,Diurno,Propia pagada,Zona urbana,No,No,0,No,No,No,Casi nunca,Heterosexual,Comuna Occidental,Media,Superior,Sí,No,No étnico,MEDIO,BASICOS,VARIOS_3_MAS,PARCIAL_1_20,HOGAR_SIN_NINOS,COGNITIVA,ALTO,NORMAL,4–5,4–5,3–3.99,3–3.99
416,Recursos propios,SIN_CARGAS,Si,Mixto,Arrendada,Zona urbana,Si,No,0,No,No,No,Con poca frecuencia,No responde,Municipios Aledaños,Media,Media,No,No,No étnico,BAJO,BASICOS,VARIOS_3_MAS,NO_TRABAJA,CON_NINOS_1_2,COGNITIVA,NINGUNO,BAJO_PESO,Sin nota,0–0.99,0–0.99,Sin nota
631,Recursos propios,SIN_CARGAS,No,Mixto,Propia pagada,Zona urbana,Si,Si,0,No,No,No,Frecuentemente,Heterosexual,Comuna Sur Occidental,Media,Media,No,No,No étnico,MEDIO,COMPLETOS,VARIOS_3_MAS,NO_TRABAJA,CON_NINOS_1_2,SIN,NINGUNO,NORMAL,3–3.99,4–5,4–5,3–3.99
181,Otro / No aplica,SIN_CARGAS,Si,Diurno,Arrendada,Zona rural,Si,No,0,Si,No,No,Con poca frecuencia,No responde,Comuna Sur Occidental,Básica,Media,Sí,No,No étnico,MEDIO,COMPLETOS,POCOS_1_2,NO_TRABAJA,HOGAR_SIN_NINOS,COGNITIVA,MODERADO,OBESIDAD,3–3.99,3–3.99,3–3.99,3–3.99
381,Recursos propios,SIN_CARGAS,No,Diurno,Arrendada,Zona urbana,Si,No,0,No,No,No,Casi nunca,No responde,Comuna Sur Occidental,Superior,Media,No,No,No étnico,BAJO,COMPLETOS,POCOS_1_2,NO_TRABAJA,HOGAR_SIN_NINOS,COGNITIVA,NINGUNO,NORMAL,3–3.99,4–5,4–5,4–5
148,Recursos propios,SIN_CARGAS,No,Diurno,Propia pagandose,Zona urbana,Si,Si,0,Si,Sí,No,Frecuentemente,Heterosexual,Comuna Norte,Media,Media,No,No,No étnico,MEDIO,BASICOS,POCOS_1_2,NO_TRABAJA,HOGAR_SIN_NINOS,COGNITIVA,BAJO,NORMAL,3–3.99,4–5,4–5,4–5
611,Recursos propios,SIN_CARGAS,No,Diurno,Arrendada,Zona urbana,Si,Si,0,No,No,No,Con poca frecuencia,No responde,Bogota,Superior,Superior,No,No,No étnico,ALTO,COMPLETOS,POCOS_1_2,PARCIAL_1_20,SOLO_SIN_NINOS,SIN,NINGUNO,BAJO_PESO,4–5,4–5,3–3.99,3–3.99
417,Beca,SIN_CARGAS,Si,Diurno,Propia pagada,Zona rural,Si,Si,0,Si,Sí,No,Frecuentemente,Heterosexual,Municipios Aledaños,Básica,Media,No,No,No étnico,ALTO,BASICOS,VARIOS_3_MAS,NO_TRABAJA,CON_NINOS_1_2,SIN,ALTO,SOBREPESO,4–5,4–5,4–5,4–5
215,Recursos propios,SIN_CARGAS,Si,Mixto,Arrendada,Zona urbana,Si,No,0,Si,No,No,Con poca frecuencia,No responde,Comuna Occidental,Media,Superior,No,No,No étnico,MEDIO,BASICOS,POCOS_1_2,PARCIAL_1_20,SOLO_SIN_NINOS,COGNITIVA,NINGUNO,NORMAL,Sin nota,Sin nota,2–2.99,2–2.99
619,Beca,SIN_CARGAS,Si,Diurno,Arrendada,Zona urbana,Si,Si,0,Si,Sí,No,Frecuentemente,Heterosexual,Comuna Sur Oriental,Media,Media,No,No,No étnico,ALTO,COMPLETOS,VARIOS_3_MAS,NO_TRABAJA,HOGAR_SIN_NINOS,SIN,NINGUNO,NORMAL,4–5,3–3.99,3–3.99,3–3.99
82,Recursos propios,SIN_CARGAS,No,Diurno,Arrendada,Zona rural,Si,Si,0,No,No,No,Con poca frecuencia,No responde,Municipios Aledaños,Media,Superior,No,No,No étnico,MEDIO,COMPLETOS,POCOS_1_2,NO_TRABAJA,CON_NINOS_1_2,COGNITIVA,NINGUNO,NORMAL,3–3.99,3–3.99,3–3.99,3–3.99
418,Recursos propios,SIN_CARGAS,No,Diurno,Arrendada,Zona rural,Si,Si,0,No,No,No responde,Con poca frecuencia,Heterosexual,Comuna Oriental,Básica,Básica,No,No,No reportado,BAJO,BASICOS,VARIOS_3_MAS,PARCIAL_1_20,CON_NINOS_1_2,MULTIPLE,BAJO,NORMAL,3–3.99,4–5,3–3.99,3–3.99
497,Recursos propios,SIN_CARGAS,No,Diurno,Propia pagada,Zona rural,Si,Si,0,No,No,No,Casi nunca,Heterosexual,Comuna Centro,Básica,Media,No,No,No étnico,MEDIO,BASICOS,VARIOS_3_MAS,NO_TRABAJA,CON_NINOS_1_2,SIN,BAJO,NORMAL,4–5,4–5,4–5,4–5
185,Recursos propios,CON_CARGAS,Si,Diurno,Arrendada,Zona urbana,No,Si,0,No,No,No,Casi nunca,No responde,Comuna Centro,Media,Superior,No,No,No étnico,ALTO,BASICOS,VARIOS_3_MAS,NO_TRABAJA,CON_NINOS_1_2,COGNITIVA,NINGUNO,SOBREPESO,Sin nota,3–3.99,3–3.99,2–2.99
228,Otro / No aplica,SIN_CARGAS,No,Diurno,Arrendada,Zona rural,Si,Si,0,Si,No,No,Casi nunca,No responde,Municipios Aledaños,Básica,Media,No,No,No étnico,ALTO,COMPLETOS,POCOS_1_2,NO_TRABAJA,HOGAR_SIN_NINOS,COGNITIVA,NINGUNO,NORMAL,Sin nota,2–2.99,2–2.99,2–2.99
253,Beca,CON_CARGAS,No,Diurno,Arrendada,Zona urbana,Si,Si,0,No,No,No,Con poca frecuencia,Heterosexual,Comuna Oriental,Media,Media,No,No,No étnico,BAJO,BASICOS,VARIOS_3_MAS,NO_TRABAJA,HOGAR_SIN_NINOS,COGNITIVA,NINGUNO,NORMAL,3–3.99,4–5,3–3.99,4–5
566,Otro / No aplica,SIN_CARGAS,No,Diurno,Arrendada,Zona urbana,Si,Si,0,No,Sí,No,Con poca frecuencia,Heterosexual,Comuna Sur Oriental,Media,Media,No,No,No étnico,BAJO,BASICOS,POCOS_1_2,NO_TRABAJA,CON_NINOS_1_2,SIN,BAJO,NORMAL,4–5,4–5,4–5,3–3.99
34,Beca,SIN_CARGAS,Si,Diurno,Arrendada,Zona urbana,Si,Si,0,No,Sí,No,Con poca frecuencia,Heterosexual,Comuna Sur Oriental,Superior,Superior,No,No,No étnico,ALTO,BASICOS,POCOS_1_2,NO_TRABAJA,CON_NINOS_1_2,COGNITIVA,NINGUNO,BAJO_PESO,4–5,4–5,4–5,4–5
689,Recursos propios,SIN_CARGAS,No,Diurno,Arrendada,Zona urbana,Si,Si,0,Si,Sí,No,Frecuentemente,Heterosexual,Comuna Oriental,Superior,Superior,No,No,No étnico,MEDIO,COMPLETOS,VARIOS_3_MAS,NO_TRABAJA,HOGAR_SIN_NINOS,SIN,NINGUNO,SOBREPESO,Sin nota,3–3.99,3–3.99,3–3.99
128,Beca,SIN_CARGAS,Si,Diurno,Arrendada,Zona urbana,No,Si,0,Si,No,No,Frecuentemente,No responde,Comuna Sur Oriental,Media,Media,Sí,No,No étnico,BAJO,BASICOS,POCOS_1_2,PARCIAL_1_20,HOGAR_SIN_NINOS,COGNITIVA,NINGUNO,NORMAL,3–3.99,3–3.99,3–3.99,3–3.99
288,Recursos propios,CON_CARGAS,Si,Diurno,Arrendada,Zona urbana,Si,Si,0,Si,No,No,Casi nunca,Heterosexual,Comuna Sur Occidental,Media,Superior,No,No,No étnico,MEDIO,COMPLETOS,POCOS_1_2,PARCIAL_1_20,HOGAR_SIN_NINOS,COGNITIVA,NINGUNO,BAJO_PESO,4–5,4–5,4–5,4–5
528,Recursos propios,SIN_CARGAS,No,Diurno,Arrendada,Zona rural,Si,Si,0,Si,No,No,Con poca frecuencia,Heterosexual,Municipios Aledaños,Media,Básica,Sí,No,No étnico,BAJO,COMPLETOS,NINGUNO,NO_TRABAJA,HOGAR_SIN_NINOS,SIN,NINGUNO,NORMAL,4–5,4–5,4–5,4–5
618,Recursos propios,SIN_CARGAS,Si,Diurno,Propia pagada,Zona urbana,Si,Si,0,No,No,No,Con poca frecuencia,No responde,Municipios Aledaños,Media,Media,Sí,No,No étnico,MEDIO,BASICOS,NINGUNO,NO_TRABAJA,SOLO_SIN_NINOS,SIN,BAJO,NORMAL,3–3.99,3–3.99,3–3.99,4–5
9,Recursos propios,SIN_CARGAS,Si,Diurno,Propia pagandose,Zona urbana,Si,No,0,Si,No,Si,Casi nunca,Heterosexual,Comuna Centro,Media,Superior,No,No,No étnico,BAJO,COMPLETOS,NINGUNO,NO_TRABAJA,SOLO_SIN_NINOS,COGNITIVA,NINGUNO,NORMAL,3–3.99,4–5,3–3.99,3–3.99
27,Recursos propios,SIN_CARGAS,Si,Diurno,Arrendada,Zona urbana,Si,No,0,No,No,No,Casi nunca,No responde,Comuna Sur Occidental,Básica,Superior,No,No,No étnico,BAJO,COMPLETOS,POCOS_1_2,PARCIAL_1_20,CON_NINOS_1_2,COGNITIVA,BAJO,NORMAL,3–3.99,4–5,4–5,4–5
690,Recursos propios,SIN_CARGAS,No,Diurno,Arrendada,Zona urbana,Si,No,0,No,No,No responde,Con poca frecuencia,Heterosexual,Comuna Occidental,Superior,Media,No,No,No reportado,BAJO,BASICOS,VARIOS_3_MAS,NO_TRABAJA,CON_NINOS_1_2,MULTIPLE,NINGUNO,NORMAL,Sin nota,3–3.99,3–3.99,4–5
365,Beca,SIN_CARGAS,Si,Mixto,Propia pagada,Zona rural,Si,Si,0,No,No,No,Con poca frecuencia,No responde,Comuna Centro,Superior,Media,No,No,No étnico,ALTO,COMPLETOS,VARIOS_3_MAS,PARCIAL_1_20,CON_NINOS_1_2,MULTIPLE,NINGUNO,NORMAL,3–3.99,2–2.99,1–1.99,3–3.99
522,Otro / No aplica,SIN_CARGAS,No,Mixto,Arrendada,Zona urbana,Si,Si,0,No,No,No responde,Casi nunca,Heterosexual,Comuna Sur Occidental,Media,Media,No,No,No reportado,BAJO,BASICOS,POCOS_1_2,NO_TRABAJA,HOGAR_SIN_NINOS,MULTIPLE,NINGUNO,NORMAL,4–5,4–5,4–5,4–5
552,Recursos propios,SIN_CARGAS,No,Mixto,Arrendada,Zona rural,Si,Si,0,Si,No,No,Nunca,No responde,Comuna Sur Occidental,Básica,Media,No,No,No étnico,BAJO,BASICOS,POCOS_1_2,ALTA_>20,HOGAR_SIN_NINOS,SIN,NINGUNO,NORMAL,4–5,4–5,4–5,4–5
112,Recursos propios,SIN_CARGAS,No,Diurno,Arrendada,Zona urbana,Si,No,0,Si,No,No,Casi nunca,Heterosexual,Municipios Aledaños,Media,Media,No,No,No étnico,MEDIO,COMPLETOS,VARIOS_3_MAS,NO_TRABAJA,HOGAR_SIN_NINOS,COGNITIVA,BAJO,NORMAL,3–3.99,3–3.99,3–3.99,3–3.99
284,Beca,SIN_CARGAS,No,Diurno,Arrendada,Zona urbana,No,No,0,Si,No,No,Con poca frecuencia,Heterosexual,Comuna Norte,Básica,Básica,Sí,No,No étnico,MEDIO,BASICOS,VARIOS_3_MAS,PARCIAL_1_20,HOGAR_SIN_NINOS,COGNITIVA,NINGUNO,SOBREPESO,3–3.99,3–3.99,4–5,3–3.99
457,Otro / No aplica,SIN_CARGAS,Si,Diurno,Arrendada,Zona urbana,Si,Si,0,No,No,No responde,Con poca frecuencia,Heterosexual,Sin agrupar,Media,Media,No,No,No reportado,MEDIO,COMPLETOS,POCOS_1_2,NO_TRABAJA,CON_NINOS_1_2,MULTIPLE,NINGUNO,NORMAL,3–3.99,4–5,4–5,4–5
697,Recursos propios,SIN_CARGAS,No,Diurno,Arrendada,Zona urbana,Si,Si,0,Si,Sí,No,Frecuentemente,Heterosexual,Comuna Sur Occidental,Básica,Media,Sí,No,No étnico,BAJO,BASICOS,POCOS_1_2,NO_TRABAJA,CON_NINOS_1_2,SIN,BAJO,NORMAL,Sin nota,3–3.99,2–2.99,3–3.99
199,Recursos propios,SIN_CARGAS,No,Diurno,Propia pagandose,Zona urbana,Si,No,0,Si,No,No,Con poca frecuencia,Heterosexual,Comuna Norte,Media,Superior,No,No,No étnico,ALTO,COMPLETOS,POCOS_1_2,NO_TRABAJA,CON_NINOS_1_2,COGNITIVA,NINGUNO,NORMAL,3–3.99,3–3.99,3–3.99,3–3.99
456,Recursos propios,SIN_CARGAS,No,Diurno,Arrendada,Zona urbana,Si,Si,0,Si,Sí,No,Con poca frecuencia,No responde,Comuna Norte,Media,Media,No,No,No étnico,ALTO,COMPLETOS,POCOS_1_2,NO_TRABAJA,CON_NINOS_1_2,SIN,NINGUNO,NORMAL,3–3.99,4–5,4–5,4–5
154,Recursos propios,SIN_CARGAS,No,Diurno,Arrendada,Zona urbana,Si,No,0,No,No,No responde,Casi nunca,No responde,Bogota,Media,Superior,No,No,No étnico,MEDIO,COMPLETOS,POCOS_1_2,PARCIAL_1_20,SOLO_SIN_NINOS,COGNITIVA,NINGUNO,NORMAL,Sin nota,4–5,2–2.99,1–1.99
504,Recursos propios,SIN_CARGAS,No,Diurno,Propia pagandose,Zona urbana,Si,No,0,No,No,No,Casi nunca,Heterosexual,Comuna Sur Oriental,Media,Media,No,No,No étnico,BAJO,COMPLETOS,VARIOS_3_MAS,NO_TRABAJA,HOGAR_SIN_NINOS,SIN,NINGUNO,NORMAL,4–5,4–5,3–3.99,3–3.99
331,Beca,SIN_CARGAS,No,Mixto,Arrendada,Zona urbana,Si,Si,0,No,No,No,Casi nunca,Heterosexual,Comuna Sur Oriental,Media,Media,No,No,No étnico,BAJO,COMPLETOS,POCOS_1_2,NO_TRABAJA,HOGAR_SIN_NINOS,COGNITIVA,BAJO,NORMAL,3–3.99,3–3.99,3–3.99,4–5
252,Recursos propios,SIN_CARGAS,Si,Diurno,Arrendada,Zona urbana,Si,Si,0,Si,No,Si,Frecuentemente,Heterosexual,Comuna Oriental,Media,Superior,No,No,No étnico,BAJO,COMPLETOS,POCOS_1_2,ALTA_>20,CON_NINOS_1_2,COGNITIVA,NINGUNO,NORMAL,3–3.99,4–5,3–3.99,4–5
232,Beca,SIN_CARGAS,Si,Diurno,Propia pagada,Zona rural,Si,Si,0,No,No,No,Frecuentemente,No responde,Comuna Occidental,Básica,Media,No,No,No étnico,ALTO,COMPLETOS,POCOS_1_2,NO_TRABAJA,HOGAR_SIN_NINOS,COGNITIVA,NINGUNO,NORMAL,3–3.99,3–3.99,3–3.99,3–3.99
10,Otro / No aplica,SIN_CARGAS,No,Mixto,Arrendada,Zona urbana,Si,Si,0,No,No,No,Con poca frecuencia,Heterosexual,Comuna Sur Oriental,Básica,Media,No,No,No étnico,BAJO,COMPLETOS,POCOS_1_2,NO_TRABAJA,CON_NINOS_1_2,COGNITIVA,NINGUNO,NORMAL,3–3.99,3–3.99,4–5,3–3.99
739,Recursos propios,SIN_CARGAS,No,Diurno,Propia pagada,Zona urbana,Si,Si,5,Si,Sí,No,Con poca frecuencia,Heterosexual,Municipios Aledaños,Media,Superior,No,No,No étnico,ALTO,BASICOS,VARIOS_3_MAS,NO_TRABAJA,CON_NINOS_1_2,SIN,NINGUNO,NORMAL,Sin nota,4–5,3–3.99,4–5
63,Recursos propios,SIN_CARGAS,Si,Mixto,Arrendada,Zona rural,Si,Si,0,Si,No,No,Con poca frecuencia,Heterosexual,Comuna Norte,Media,Básica,No,No,No étnico,MEDIO,BASICOS,POCOS_1_2,NO_TRABAJA,CON_NINOS_1_2,COGNITIVA,BAJO,NORMAL,3–3.99,3–3.99,3–3.99,4–5
173,Recursos propios,CON_CARGAS,No,Diurno,Arrendada,Zona urbana,Si,Si,0,Si,No,No,Con poca frecuencia,No responde,Comuna Sur Oriental,Básica,Básica,No,No,No étnico,ALTO,COMPLETOS,VARIOS_3_MAS,NO_TRABAJA,HOGAR_SIN_NINOS,COGNITIVA,NINGUNO,SOBREPESO,3–3.99,3–3.99,3–3.99,3–3.99
80,Recursos propios,SIN_CARGAS,Si,Mixto,Arrendada,Zona urbana,Si,Si,0,No,No,No,Con poca frecuencia,Heterosexual,Comuna Centro,Media,Básica,No,No,No étnico,MEDIO,COMPLETOS,POCOS_1_2,NO_TRABAJA,HOGAR_SIN_NINOS,COGNITIVA,BAJO,OBESIDAD,3–3.99,4–5,3–3.99,4–5
654,Recursos propios,SIN_CARGAS,No,Diurno,Propia pagada,Zona rural,Si,No,0,No,No,No responde,Con poca frecuencia,Heterosexual,Municipios Aledaños,Media,Superior,No,No,No reportado,MEDIO,COMPLETOS,POCOS_1_2,NO_TRABAJA,SOLO_SIN_NINOS,MULTIPLE,NINGUNO,NORMAL,4–5,4–5,3–3.99,3–3.99
633,Otro / No aplica,SIN_CARGAS,No,Mixto,Arrendada,Zona urbana,Si,Si,0,No,No,No,Frecuentemente,No responde,Comuna Centro,Media,Media,Sí,No,No étnico,ALTO,BASICOS,POCOS_1_2,NO_TRABAJA,HOGAR_SIN_NINOS,SIN,BAJO,NORMAL,4–5,4–5,4–5,4–5
52,Beca,CON_CARGAS,Si,Mixto,Arrendada,Zona urbana,Si,Si,0,Si,No,No,Casi nunca,Heterosexual,Comuna Centro,Media,Media,No,No,No étnico,ALTO,BASICOS,POCOS_1_2,NO_TRABAJA,HOGAR_SIN_NINOS,COGNITIVA,BAJO,NORMAL,3–3.99,3–3.99,3–3.99,4–5
349,Otro / No aplica,CON_CARGAS,No,Diurno,Propia pagandose,Zona urbana,Si,Si,0,Si,No,No,Con poca frecuencia,Heterosexual,Comuna Norte,Media,Media,No,No,No étnico,MEDIO,BASICOS,POCOS_1_2,NO_TRABAJA,CON_NINOS_1_2,COGNITIVA,NINGUNO,NORMAL,4–5,4–5,3–3.99,4–5
24,Beca,SIN_CARGAS,Si,Diurno,Arrendada,Zona urbana,Si,Si,0,No,No,No,Frecuentemente,Heterosexual,Comuna Occidental,Media,Media,No,No,No étnico,MEDIO,BASICOS,POCOS_1_2,NO_TRABAJA,SOLO_SIN_NINOS,COGNITIVA,NINGUNO,NORMAL,3–3.99,3–3.99,3–3.99,3–3.99
523,Recursos propios,SIN_CARGAS,No,Diurno,Propia pagada,Zona urbana,Si,No,0,No,No,No,Casi nunca,Heterosexual,Comuna Occidental,Media,Superior,No,No,No étnico,BAJO,COMPLETOS,POCOS_1_2,NO_TRABAJA,HOGAR_SIN_NINOS,SIN,NINGUNO,NORMAL,4–5,4–5,3–3.99,4–5
434,Otro / No aplica,SIN_CARGAS,Si,Mixto,Propia pagada,Zona urbana,Si,Si,0,No,No,No,Casi nunca,Heterosexual,Comuna Norte,Básica,Media,No,No,No étnico,MEDIO,BASICOS,POCOS_1_2,NO_TRABAJA,CON_NINOS_1_2,SIN,NINGUNO,SOBREPESO,4–5,4–5,4–5,4–5
414,Beca,CON_CARGAS,No,Mixto,Arrendada,Zona urbana,No,Si,1,No,No,No,Con poca frecuencia,Heterosexual,Comuna Sur Occidental,Media,Superior,No,No,No étnico,ALTO,COMPLETOS,POCOS_1_2,PARCIAL_1_20,CON_NINOS_1_2,SIN,BAJO,NORMAL,4–5,4–5,4–5,4–5
465,Beca,SIN_CARGAS,No,Diurno,Arrendada,Zona urbana,Si,Si,0,No,No,No,Casi nunca,Heterosexual,Comuna Sur Occidental,Superior,Superior,No,No,No étnico,BAJO,COMPLETOS,POCOS_1_2,NO_TRABAJA,CON_NINOS_1_2,SIN,BAJO,NORMAL,4–5,4–5,4–5,4–5
583,Recursos propios,SIN_CARGAS,No,Diurno,Arrendada,Zona urbana,Si,Si,0,No,Sí,No,Con poca frecuencia,Heterosexual,Comuna Sur Occidental,Superior,Media,No,No,No étnico,BAJO,COMPLETOS,POCOS_1_2,NO_TRABAJA,SOLO_SIN_NINOS,SIN,NINGUNO,NORMAL,4–5,4–5,4–5,4–5
426,Recursos propios,SIN_CARGAS,No,Diurno,Arrendada,Zona rural,Si,Si,0,No,No,No,Con poca frecuencia,Heterosexual,Municipios Aledaños,Básica,Media,No,No,No étnico,ALTO,BASICOS,POCOS_1_2,NO_TRABAJA,HOGAR_SIN_NINOS,SIN,NINGUNO,NORMAL,4–5,4–5,4–5,4–5
403,Recursos propios,SIN_CARGAS,Si,Diurno,Arrendada,Zona urbana,Si,Si,0,No,No,No,Con poca frecuencia,Heterosexual,Comuna Norte,Media,Media,No,No,No étnico,BAJO,COMPLETOS,POCOS_1_2,NO_TRABAJA,HOGAR_SIN_NINOS,SIN,NINGUNO,NORMAL,4–5,4–5,3–3.99,4–5
641,Recursos propios,SIN_CARGAS,No,Diurno,Arrendada,Zona urbana,Si,No,0,No,No,No,Con poca frecuencia,Heterosexual,Comuna Norte,Media,Media,No,No,No étnico,BAJO,COMPLETOS,NINGUNO,NO_TRABAJA,HOGAR_SIN_NINOS,SIN,BAJO,BAJO_PESO,3–3.99,4–5,4–5,3–3.99
476,Recursos propios,SIN_CARGAS,No,Diurno,Arrendada,Zona urbana,Si,No,0,No,No,Si,Frecuentemente,No responde,Comuna Centro,Media,Media,No,No,No étnico,BAJO,COMPLETOS,POCOS_1_2,NO_TRABAJA,SOLO_SIN_NINOS,SIN,NINGUNO,NORMAL,4–5,4–5,4–5,4–5
468,Recursos propios,SIN_CARGAS,No,Diurno,Propia pagandose,Zona urbana,Si,Si,0,No,Sí,No,Con poca frecuencia,Heterosexual,Comuna Norte,Superior,Superior,No,No,No étnico,BAJO,BASICOS,POCOS_1_2,NO_TRABAJA,HOGAR_SIN_NINOS,SIN,NINGUNO,NORMAL,4–5,4–5,4–5,4–5
369,Recursos propios,SIN_CARGAS,No,Diurno,Propia pagada,Zona urbana,Si,No,0,Si,No,No,Con poca frecuencia,Diversa,Comuna Norte,Superior,Superior,No,No,No étnico,ALTO,COMPLETOS,POCOS_1_2,NO_TRABAJA,HOGAR_SIN_NINOS,COGNITIVA,BAJO,NORMAL,4–5,4–5,4–5,4–5
224,Recursos propios,SIN_CARGAS,Si,Diurno,Propia pagada,Zona urbana,Si,No,0,Si,No,No,Frecuentemente,Heterosexual,Municipios Aledaños,Media,Superior,No,No,No étnico,ALTO,COMPLETOS,POCOS_1_2,NO_TRABAJA,HOGAR_SIN_NINOS,COGNITIVA,BAJO,SOBREPESO,4–5,3–3.99,3–3.99,3–3.99
450,Recursos propios,SIN_CARGAS,No,Diurno,Propia pagada,Zona rural,Si,Si,0,No,No,No,Frecuentemente,Heterosexual,Sin agrupar,Media,Superior,No,No,No étnico,ALTO,BASICOS,POCOS_1_2,NO_TRABAJA,CON_NINOS_1_2,SIN,NINGUNO,NORMAL,4–5,4–5,4–5,4–5
441,Beca,SIN_CARGAS,No,Mixto,Propia pagada,Zona rural,Si,Si,0,Si,Sí,No,Frecuentemente,No responde,Municipios Aledaños,Básica,Básica,Sí,No,No étnico,ALTO,BASICOS,POCOS_1_2,ALTA_>20,HOGAR_SIN_NINOS,SIN,BAJO,NORMAL,4–5,4–5,4–5,4–5
269,Recursos propios,SIN_CARGAS,Si,Diurno,Propia pagada,Zona urbana,Si,Si,0,No,No,No,Frecuentemente,Heterosexual,Comuna Sur Occidental,Básica,Media,No,No,No étnico,ALTO,BASICOS,POCOS_1_2,ALTA_>20,HOGAR_SIN_NINOS,COGNITIVA,NINGUNO,SOBREPESO,4–5,4–5,3–3.99,4–5
502,Otro / No aplica,SIN_CARGAS,Si,Diurno,Arrendada,Zona urbana,Si,Si,0,No,No,No,Con poca frecuencia,Heterosexual,Municipios Aledaños,Básica,Básica,No,No,No étnico,ALTO,BASICOS,POCOS_1_2,NO_TRABAJA,HOGAR_SIN_NINOS,SIN,NINGUNO,BAJO_PESO,4–5,4–5,4–5,4–5
212,Otro / No aplica,SIN_CARGAS,No,Diurno,Arrendada,Zona urbana,Si,No,0,Si,No,No,Frecuentemente,Heterosexual,Comuna Centro,Media,Media,No,No,No étnico,BAJO,BASICOS,VARIOS_3_MAS,NO_TRABAJA,CON_NINOS_1_2,COGNITIVA,BAJO,NORMAL,3–3.99,3–3.99,3–3.99,3–3.99
105,Beca,CON_CARGAS,No,Diurno,Arrendada,Zona urbana,Si,Si,0,No,No,No,Con poca frecuencia,Heterosexual,Comuna Occidental,Superior,Superior,Sí,No,No étnico,BAJO,COMPLETOS,POCOS_1_2,NO_TRABAJA,HOGAR_SIN_NINOS,COGNITIVA,NINGUNO,NORMAL,3–3.99,3–3.99,3–3.99,3–3.99
320,Recursos propios,SIN_CARGAS,No,Diurno,Propia pagada,Zona urbana,Si,No,0,No,No,No,Con poca frecuencia,No responde,Comuna Occidental,Media,Superior,No,No,No étnico,BAJO,COMPLETOS,POCOS_1_2,NO_TRABAJA,HOGAR_SIN_NINOS,COGNITIVA,NINGUNO,NORMAL,3–3.99,4–5,4–5,4–5
321,Beca,SIN_CARGAS,Si,Diurno,Arrendada,Zona rural,Si,Si,0,No,No,No,Con poca frecuencia,Heterosexual,Municipios Aledaños,Básica,Media,No,No,No étnico,MEDIO,COMPLETOS,NINGUNO,NO_TRABAJA,HOGAR_SIN_NINOS,COGNITIVA,BAJO,NORMAL,4–5,4–5,4–5,4–5
421,Recursos propios,SIN_CARGAS,No,Diurno,Arrendada,Zona urbana,Si,Si,0,No,No,No,Frecuentemente,Heterosexual,Comuna Oriental,Media,Media,No,No,No étnico,BAJO,COMPLETOS,VARIOS_3_MAS,NO_TRABAJA,CON_NINOS_1_2,SIN,NINGUNO,NORMAL,3–3.99,4–5,4–5,4–5
59,Otro / No aplica,SIN_CARGAS,Si,Mixto,Arrendada,Zona urbana,Si,No,0,No,No,No,Frecuentemente,No responde,Comuna Sur Occidental,Media,Superior,No,No,No étnico,ALTO,COMPLETOS,POCOS_1_2,PARCIAL_1_20,HOGAR_SIN_NINOS,COGNITIVA,NINGUNO,SOBREPESO,3–3.99,3–3.99,3–3.99,3–3.99
431,Recursos propios,SIN_CARGAS,No,Diurno,Propia pagada,Zona urbana,Si,Si,0,No,No,No,Con poca frecuencia,No responde,Comuna Sur Occidental,Básica,Media,No,No,No étnico,BAJO,BASICOS,POCOS_1_2,NO_TRABAJA,HOGAR_SIN_NINOS,SIN,NINGUNO,SOBREPESO,4–5,4–5,4–5,4–5
726,Recursos propios,SIN_CARGAS,No,Nocturno,Arrendada,Zona urbana,Si,Si,0,No,No,No responde,Nunca,Heterosexual,Comuna Oriental,Superior,Media,No,No,No reportado,MEDIO,COMPLETOS,POCOS_1_2,PARCIAL_1_20,HOGAR_SIN_NINOS,MULTIPLE,NINGUNO,NORMAL,Sin nota,4–5,4–5,4–5
635,Recursos propios,SIN_CARGAS,No,Diurno,Arrendada,Zona urbana,Si,Si,0,Si,Sí,No responde,Frecuentemente,Heterosexual,Sin agrupar,Media,Media,No,No,No reportado,ALTO,COMPLETOS,VARIOS_3_MAS,PARCIAL_1_20,CON_NINOS_1_2,MULTIPLE,BAJO,BAJO_PESO,4–5,4–5,4–5,4–5
458,Recursos propios,SIN_CARGAS,No,Diurno,Propia pagada,Zona urbana,Si,No,0,No,No,No,Frecuentemente,Heterosexual,Comuna Norte,Básica,Media,No,No,No étnico,BAJO,SIN_RECURSOS,POCOS_1_2,NO_TRABAJA,HOGAR_SIN_NINOS,SIN,NINGUNO,NORMAL,3–3.99,4–5,4–5,4–5
197,Beca,CON_CARGAS,Si,Diurno,Arrendada,Zona rural,No,No,0,No,No,No,Con poca frecuencia,No responde,Comuna Oriental,Media,Media,No,No,No étnico,MEDIO,BASICOS,POCOS_1_2,NO_TRABAJA,CON_NINOS_1_2,COGNITIVA,NINGUNO,NORMAL,2–2.99,4–5,3–3.99,3–3.99
554,Recursos propios,SIN_CARGAS,No,Nocturno,Propia pagada,Zona urbana,Si,No,0,Si,No,No,Nunca,Heterosexual,Comuna Oriental,Básica,Básica,No,No,No étnico,MEDIO,COMPLETOS,VARIOS_3_MAS,NO_TRABAJA,HOGAR_SIN_NINOS,SIN,BAJO,NORMAL,4–5,4–5,4–5,3–3.99
254,Recursos propios,SIN_CARGAS,Si,Mixto,Arrendada,Zona urbana,Si,Si,0,Si,No,No,Frecuentemente,Heterosexual,Comuna Oriental,Media,Media,No,No,No étnico,ALTO,BASICOS,POCOS_1_2,NO_TRABAJA,HOGAR_SIN_NINOS,SIN,BAJO,BAJO_PESO,3–3.99,4–5,4–5,4–5
727,Otro / No aplica,SIN_CARGAS,No,Diurno,Arrendada,Zona urbana,Si,No,0,No,Sí,No,Con poca frecuencia,Heterosexual,Comuna Centro,Media,Media,No,No,No étnico,ALTO,COMPLETOS,POCOS_1_2,NO_TRABAJA,CON_NINOS_1_2,SIN,NINGUNO,NORMAL,Sin nota,4–5,4–5,4–5
564,Otro / No aplica,SIN_CARGAS,No,Diurno,Arrendada,Zona urbana,Si,Si,0,No,No,No responde,Casi nunca,Heterosexual,Comuna Sur Occidental,Media,Superior,No,No,No reportado,ALTO,COMPLETOS,POCOS_1_2,NO_TRABAJA,HOGAR_SIN_NINOS,MULTIPLE,NINGUNO,NORMAL,4–5,4–5,3–3.99,3–3.99
475,Recursos propios,SIN_CARGAS,No,Diurno,Propia pagada,Zona rural,Si,Si,0,No,No,No,Casi nunca,Heterosexual,Comuna Occidental,Superior,Media,No,No,No étnico,BAJO,COMPLETOS,POCOS_1_2,NO_TRABAJA,HOGAR_SIN_NINOS,SIN,NINGUNO,NORMAL,4–5,4–5,4–5,4–5
565,Recursos propios,SIN_CARGAS,No,Mixto,Arrendada,Zona rural,Si,Si,0,No,Sí,No responde,Con poca frecuencia,Heterosexual,Municipios Aledaños,Básica,Básica,No,No,No reportado,ALTO,SIN_RECURSOS,POCOS_1_2,NO_TRABAJA,HOGAR_SIN_NINOS,MULTIPLE,NINGUNO,NORMAL,4–5,4–5,4–5,4–5
737,Otro / No aplica,CON_CARGAS,No,Diurno,Arrendada,Zona urbana,Si,No,0,No,No,No,Frecuentemente,Heterosexual,Comuna Norte,Básica,Básica,No,No,No étnico,BAJO,COMPLETOS,POCOS_1_2,NO_TRABAJA,HOGAR_SIN_NINOS,SIN,NINGUNO,NORMAL,Sin nota,4–5,3–3.99,3–3.99
636,Recursos propios,SIN_CARGAS,No,Diurno,Arrendada,Zona urbana,Si,Si,0,Si,Sí,No,Con poca frecuencia,Heterosexual,Comuna Sur Occidental,Media,Media,No,No,No étnico,MEDIO,COMPLETOS,POCOS_1_2,NO_TRABAJA,CON_NINOS_1_2,SIN,NINGUNO,NORMAL,4–5,4–5,4–5,3–3.99
382,Recursos propios,CON_CARGAS,No,Mixto,Arrendada,Zona urbana,Si,Si,0,No,No,No,Casi nunca,No responde,Comuna Norte,Media,Media,No,No,No étnico,MEDIO,BASICOS,VARIOS_3_MAS,NO_TRABAJA,CON_NINOS_1_2,COGNITIVA,BAJO,NORMAL,4–5,3–3.99,3–3.99,3–3.99
73,Beca,SIN_CARGAS,No,Diurno,Arrendada,Zona rural,Si,Si,0,Si,No,Si,Frecuentemente,Heterosexual,Comuna Sur Occidental,Básica,Media,No,No,No étnico,BAJO,BASICOS,POCOS_1_2,NO_TRABAJA,CON_NINOS_1_2,COGNITIVA,NINGUNO,SOBREPESO,4–5,3–3.99,4–5,4–5
650,Recursos propios,SIN_CARGAS,No,Diurno,Propia pagada,Zona urbana,Si,Si,0,No,No,No,Nunca,Heterosexual,Comuna Oriental,Media,Media,No,No,No étnico,ALTO,COMPLETOS,POCOS_1_2,NO_TRABAJA,HOGAR_SIN_NINOS,SIN,NINGUNO,NORMAL,4–5,4–5,4–5,3–3.99
420,Recursos propios,SIN_CARGAS,No,Diurno,Propia pagada,Zona rural,Si,Si,0,No,No,No,Con poca frecuencia,Heterosexual,Municipios Aledaños,Media,Media,No,No,No étnico,ALTO,COMPLETOS,POCOS_1_2,NO_TRABAJA,CON_NINOS_1_2,SIN,NINGUNO,NORMAL,3–3.99,4–5,4–5,4–5
250,Beca,SIN_CARGAS,Si,Diurno,Arrendada,Zona urbana,Si,Si,0,No,No,No,Con poca frecuencia,Heterosexual,Comuna Sur Occidental,Básica,Media,No,No,No étnico,BAJO,BASICOS,VARIOS_3_MAS,NO_TRABAJA,CON_NINOS_1_2,COGNITIVA,NINGUNO,NORMAL,3–3.99,3–3.99,3–3.99,4–5
736,Recursos propios,CON_CARGAS,No,Diurno,Arrendada,Zona urbana,Si,Si,0,No,No,No,Casi nunca,Heterosexual,Comuna Norte,Básica,Básica,Sí,No,No étnico,BAJO,BASICOS,VARIOS_3_MAS,NO_TRABAJA,CON_NINOS_1_2,SIN,NINGUNO,NORMAL,Sin nota,4–5,3–3.99,3–3.99
67,Beca,SIN_CARGAS,Si,Diurno,Arrendada,Zona urbana,Si,Si,0,No,No,No responde,Frecuentemente,Heterosexual,Bogota,Media,Media,No,No,No étnico,MEDIO,BASICOS,POCOS_1_2,ALTA_>20,CON_NINOS_1_2,COGNITIVA,NINGUNO,NORMAL,3–3.99,4–5,4–5,4–5
308,Recursos propios,SIN_CARGAS,No,Diurno,Propia pagada,Zona urbana,Si,No,0,Si,Sí,No,Casi nunca,Heterosexual,Comuna Sur Occidental,Media,Media,No,No,No étnico,BAJO,COMPLETOS,VARIOS_3_MAS,NO_TRABAJA,HOGAR_SIN_NINOS,COGNITIVA,NINGUNO,NORMAL,3–3.99,3–3.99,3–3.99,4–5
193,Beca,SIN_CARGAS,No,Diurno,Arrendada,Zona urbana,Si,Si,0,No,No,No,Con poca frecuencia,Heterosexual,Comuna Centro,Básica,Básica,No,No,No étnico,BAJO,COMPLETOS,VARIOS_3_MAS,NO_TRABAJA,CON_NINOS_1_2,COGNITIVA,NINGUNO,NORMAL,4–5,4–5,4–5,4–5
472,Recursos propios,CON_CARGAS,No,Mixto,Propia pagada,Zona urbana,Si,Si,0,No,No,No,Casi nunca,Heterosexual,Comuna Sur Occidental,Básica,Básica,No,No,No étnico,ALTO,COMPLETOS,VARIOS_3_MAS,NO_TRABAJA,HOGAR_SIN_NINOS,SIN,NINGUNO,NORMAL,4–5,4–5,4–5,4–5
180,Otro / No aplica,SIN_CARGAS,No,Diurno,Propia pagandose,Zona urbana,Si,No,0,No,No,No,Casi nunca,No responde,Comuna Norte,Media,Media,No,No,No étnico,ALTO,COMPLETOS,POCOS_1_2,PARCIAL_1_20,SOLO_SIN_NINOS,COGNITIVA,NINGUNO,SOBREPESO,3–3.99,Sin nota,4–5,3–3.99
492,Recursos propios,SIN_CARGAS,No,Diurno,Arrendada,Zona urbana,Si,Si,0,No,No,No responde,Casi nunca,Heterosexual,Comuna Sur Occidental,Superior,Superior,No,No,No reportado,BAJO,COMPLETOS,POCOS_1_2,NO_TRABAJA,CON_NINOS_1_2,MULTIPLE,NINGUNO,BAJO_PESO,3–3.99,3–3.99,3–3.99,3–3.99
347,Otro / No aplica,SIN_CARGAS,Si,Nocturno,Arrendada,Zona rural,Si,Si,0,No,No,No,Con poca frecuencia,Heterosexual,Municipios Aledaños,Media,Media,No,No,No étnico,MEDIO,BASICOS,POCOS_1_2,NO_TRABAJA,HOGAR_SIN_NINOS,COGNITIVA,ALTO,NORMAL,3–3.99,3–3.99,3–3.99,4–5
378,Beca,SIN_CARGAS,No,Diurno,Arrendada,Zona rural,Si,Si,0,Si,No,No,Con poca frecuencia,Heterosexual,Municipios Aledaños,Media,Básica,No,No,No étnico,MEDIO,BASICOS,VARIOS_3_MAS,NO_TRABAJA,HOGAR_SIN_NINOS,COGNITIVA,BAJO,NORMAL,4–5,4–5,4–5,4–5
57,Beca,SIN_CARGAS,Si,Diurno,Arrendada,Zona urbana,Si,No,0,No,No,No,Con poca frecuencia,Heterosexual,Comuna Sur Occidental,Media,Media,No,No,No étnico,BAJO,COMPLETOS,VARIOS_3_MAS,NO_TRABAJA,CON_NINOS_1_2,COGNITIVA,BAJO,NORMAL,3–3.99,2–2.99,Sin nota,3–3.99
512,Recursos propios,SIN_CARGAS,No,Diurno,Arrendada,Zona rural,Si,Si,0,No,No,No,Con poca frecuencia,Heterosexual,Municipios Aledaños,Media,Media,No,No,No étnico,MEDIO,COMPLETOS,POCOS_1_2,NO_TRABAJA,CON_NINOS_1_2,SIN,NINGUNO,SOBREPESO,4–5,4–5,4–5,4–5
698,Recursos propios,SIN_CARGAS,No,Diurno,Propia pagada,Zona urbana,Si,Si,0,Si,Sí,No responde,Con poca frecuencia,Heterosexual,Comuna Sur Oriental,Media,Básica,No,No,No reportado,BAJO,BASICOS,VARIOS_3_MAS,NO_TRABAJA,HOGAR_SIN_NINOS,MULTIPLE,NINGUNO,NORMAL,Sin nota,4–5,4–5,3–3.99
540,Otro / No aplica,SIN_CARGAS,Si,Mixto,Arrendada,Zona rural,Si,Si,0,No,No,No,Casi nunca,Heterosexual,Municipios Aledaños,Media,Media,Sí,No,No étnico,ALTO,BASICOS,POCOS_1_2,NO_TRABAJA,CON_NINOS_1_2,SIN,BAJO,NORMAL,3–3.99,4–5,4–5,3–3.99
96,Recursos propios,SIN_CARGAS,Si,Diurno,Arrendada,Zona rural,No,Si,0,No,No,No,Con poca frecuencia,Heterosexual,Comuna Occidental,Media,Superior,No,No,No étnico,MEDIO,BASICOS,VARIOS_3_MAS,ALTA_>20,CON_NINOS_1_2,COGNITIVA,BAJO,SOBREPESO,3–3.99,3–3.99,3–3.99,4–5
545,Recursos propios,SIN_CARGAS,No,Diurno,Propia pagada,Zona urbana,Si,Si,0,No,No,No,Frecuentemente,Heterosexual,Comuna Norte,Media,Media,No,No,No étnico,BAJO,BASICOS,POCOS_1_2,NO_TRABAJA,HOGAR_SIN_NINOS,SIN,NINGUNO,NORMAL,4–5,4–5,4–5,4–5
397,Recursos propios,CON_CARGAS,No,Diurno,Propia pagada,Zona urbana,Si,Si,0,Si,No,No,Casi nunca,No responde,Comuna Occidental,Media,Media,No,No,No étnico,MEDIO,COMPLETOS,POCOS_1_2,NO_TRABAJA,HOGAR_SIN_NINOS,COGNITIVA,NINGUNO,NORMAL,0–0.99,0–0.99,Sin nota,0–0.99
674,Recursos propios,SIN_CARGAS,No,Diurno,Arrendada,Zona urbana,Si,No,0,Si,No,No,Con poca frecuencia,Heterosexual,Comuna Norte,Media,Superior,No,No,No étnico,BAJO,COMPLETOS,POCOS_1_2,NO_TRABAJA,HOGAR_SIN_NINOS,SIN,NINGUNO,NORMAL,Sin nota,4–5,4–5,3–3.99
694,Otro / No aplica,SIN_CARGAS,Si,Diurno,Arrendada,Zona urbana,Si,Si,0,No,Sí,No,Casi nunca,Heterosexual,Comuna Oriental,Básica,Básica,Sí,No,No étnico,ALTO,BASICOS,VARIOS_3_MAS,PARCIAL_1_20,CON_NINOS_1_2,SIN,NINGUNO,BAJO_PESO,Sin nota,4–5,2–2.99,4–5
630,Recursos propios,SIN_CARGAS,No,Diurno,Arrendada,Zona urbana,Si,Si,0,Si,No,No,Con poca frecuencia,Heterosexual,Comuna Centro,Superior,Media,Sí,No,No étnico,MEDIO,COMPLETOS,VARIOS_3_MAS,NO_TRABAJA,CON_NINOS_1_2,SIN,NINGUNO,NORMAL,3–3.99,4–5,4–5,3–3.99
402,Crédito,SIN_CARGAS,No,Diurno,Arrendada,Zona urbana,Si,Si,0,Si,No,No,Con poca frecuencia,Heterosexual,Comuna Norte,Básica,Básica,No,No,No étnico,MEDIO,BASICOS,POCOS_1_2,NO_TRABAJA,SOLO_SIN_NINOS,SIN,BAJO,NORMAL,4–5,4–5,4–5,4–5
302,Recursos propios,SIN_CARGAS,No,Diurno,Arrendada,Zona urbana,Si,No,0,No,No,No,Con poca frecuencia,Heterosexual,Comuna Sur Oriental,Superior,Media,No,No,No étnico,ALTO,COMPLETOS,POCOS_1_2,NO_TRABAJA,CON_NINOS_1_2,COGNITIVA,NINGUNO,SOBREPESO,3–3.99,4–5,4–5,4–5
428,Recursos propios,SIN_CARGAS,No,Diurno,Arrendada,Zona urbana,Si,Si,0,No,Sí,No,Frecuentemente,Diversa,Comuna Sur Oriental,Básica,Superior,Sí,No,No étnico,ALTO,COMPLETOS,POCOS_1_2,NO_TRABAJA,HOGAR_SIN_NINOS,SIN,NINGUNO,SOBREPESO,3–3.99,4–5,4–5,4–5
248,Recursos propios,SIN_CARGAS,Si,Diurno,Arrendada,Zona urbana,Si,Si,0,No,No,No,Casi nunca,Heterosexual,Comuna Centro,Media,Básica,No,No,No étnico,MEDIO,COMPLETOS,VARIOS_3_MAS,NO_TRABAJA,HOGAR_SIN_NINOS,COGNITIVA,NINGUNO,NORMAL,4–5,4–5,4–5,4–5
514,Otro / No aplica,CON_CARGAS,No,Mixto,Arrendada,Zona rural,Si,Si,0,No,No,No,Casi nunca,No responde,Comuna Norte,Básica,Media,No,No,No étnico,BAJO,BASICOS,POCOS_1_2,ALTA_>20,DESCONOCIDO,SIN,BAJO,NORMAL,4–5,4–5,3–3.99,4–5
581,Otro / No aplica,SIN_CARGAS,No,Diurno,Arrendada,Zona urbana,Si,Si,0,No,No,No,Frecuentemente,Heterosexual,Comuna Oriental,Media,Superior,Sí,No,No étnico,MEDIO,BASICOS,VARIOS_3_MAS,NO_TRABAJA,CON_NINOS_1_2,SIN,NINGUNO,NORMAL,3–3.99,4–5,4–5,3–3.99
542,Crédito,SIN_CARGAS,Si,Mixto,Arrendada,Zona rural,No,Si,0,No,No,No,Casi nunca,Heterosexual,Comuna Sur Oriental,Básica,Básica,No,No,No étnico,BAJO,BASICOS,POCOS_1_2,PARCIAL_1_20,SOLO_SIN_NINOS,SIN,BAJO,NORMAL,4–5,4–5,4–5,4–5
20,Otro / No aplica,SIN_CARGAS,Si,Diurno,Arrendada,Zona urbana,Si,No,0,Si,No,No,Con poca frecuencia,Heterosexual,Comuna Sur Occidental,Media,Media,No,No,No étnico,BAJO,COMPLETOS,VARIOS_3_MAS,NO_TRABAJA,HOGAR_SIN_NINOS,COGNITIVA,NINGUNO,NORMAL,3–3.99,3–3.99,4–5,4–5
316,Recursos propios,SIN_CARGAS,No,Diurno,Propia pagandose,Zona urbana,Si,No,0,No,No,No,Con poca frecuencia,Diversa,Comuna Centro,Media,Media,No,No,No étnico,MEDIO,COMPLETOS,POCOS_1_2,PARCIAL_1_20,CON_NINOS_1_2,COGNITIVA,BAJO,NORMAL,4–5,4–5,4–5,4–5
555,Recursos propios,CON_CARGAS,No,Mixto,Arrendada,Zona urbana,Si,Si,0,Si,Sí,No,Con poca frecuencia,Heterosexual,Comuna Oriental,Media,Media,Sí,No,No étnico,ALTO,COMPLETOS,NINGUNO,NO_TRABAJA,HOGAR_SIN_NINOS,SIN,NINGUNO,BAJO_PESO,3–3.99,3–3.99,4–5,3–3.99
507,Beca,CON_CARGAS,Si,Diurno,Arrendada,Zona rural,Si,Si,0,Si,Sí,No,Con poca frecuencia,Heterosexual,Comuna Oriental,Básica,Media,Sí,No,No étnico,MEDIO,BASICOS,VARIOS_3_MAS,NO_TRABAJA,HOGAR_SIN_NINOS,SIN,NINGUNO,NORMAL,4–5,4–5,4–5,4–5
432,Beca,SIN_CARGAS,No,Mixto,Arrendada,Zona urbana,Si,Si,0,No,No,No,Con poca frecuencia,Heterosexual,Comuna Sur Occidental,Básica,Básica,No,No,No étnico,BAJO,COMPLETOS,VARIOS_3_MAS,ALTA_>20,SOLO_SIN_NINOS,SIN,NINGUNO,NORMAL,4–5,4–5,4–5,4–5
81,Beca,CON_CARGAS,Si,Diurno,Arrendada,Zona urbana,Si,Si,0,No,No,No,Con poca frecuencia,No responde,Bogota,Básica,Básica,No,No,No étnico,MEDIO,COMPLETOS,NINGUNO,NO_TRABAJA,SOLO_SIN_NINOS,COGNITIVA,NINGUNO,NORMAL,2–2.99,3–3.99,3–3.99,0–0.99
757,Recursos propios,SIN_CARGAS,No,Diurno,Propia pagada,Zona rural,Si,Si,0,Si,No,No,Casi nunca,Heterosexual,Comuna Norte,Media,Superior,Sí,No,No étnico,BAJO,BASICOS,POCOS_1_2,NO_TRABAJA,CON_NINOS_1_2,SIN,NINGUNO,NORMAL,Sin nota,4–5,4–5,3–3.99
282,Recursos propios,SIN_CARGAS,No,Diurno,Arrendada,Zona urbana,Si,Si,0,No,No,No,Con poca frecuencia,Heterosexual,Comuna Sur Occidental,Media,Media,No,No,No étnico,BAJO,COMPLETOS,POCOS_1_2,NO_TRABAJA,HOGAR_SIN_NINOS,COGNITIVA,BAJO,NORMAL,3–3.99,4–5,3–3.99,4–5
525,Recursos propios,CON_CARGAS,No,Diurno,Propia pagada,Zona urbana,Si,Si,0,Si,Sí,No,Con poca frecuencia,Heterosexual,Comuna Sur Occidental,Media,Media,No,No,No étnico,BAJO,COMPLETOS,POCOS_1_2,NO_TRABAJA,CON_NINOS_1_2,SIN,NINGUNO,SOBREPESO,4–5,4–5,4–5,4–5
407,Beca,SIN_CARGAS,No,Diurno,Propia pagada,Zona rural,Si,Si,0,No,No,No,Con poca frecuencia,Heterosexual,Municipios Aledaños,Básica,Media,Sí,No,No étnico,BAJO,BASICOS,POCOS_1_2,NO_TRABAJA,HOGAR_SIN_NINOS,SIN,NINGUNO,BAJO_PESO,4–5,4–5,4–5,4–5
221,Recursos propios,SIN_CARGAS,No,Diurno,Arrendada,Zona urbana,Si,No,0,No,No,No,Con poca frecuencia,No responde,Comuna Sur Occidental,Media,Media,No,No,No étnico,MEDIO,COMPLETOS,POCOS_1_2,NO_TRABAJA,HOGAR_SIN_NINOS,COGNITIVA,NINGUNO,BAJO_PESO,4–5,4–5,4–5,4–5
710,Recursos propios,CON_CARGAS,No,Diurno,Arrendada,Zona rural,Si,Si,3,Si,Sí,No,Con poca frecuencia,Heterosexual,Municipios Aledaños,Básica,Media,No,No,No étnico,ALTO,BASICOS,POCOS_1_2,ALTA_>20,CON_NINOS_3_MAS,SIN,NINGUNO,NORMAL,Sin nota,3–3.99,1–1.99,2–2.99
186,Otro / No aplica,SIN_CARGAS,No,Diurno,Arrendada,Zona rural,Si,Si,0,No,No,No,Con poca frecuencia,No responde,Municipios Aledaños,Básica,Media,No,No,No étnico,BAJO,COMPLETOS,NINGUNO,NO_TRABAJA,CON_NINOS_1_2,COGNITIVA,NINGUNO,NORMAL,3–3.99,3–3.99,3–3.99,3–3.99
510,Otro / No aplica,SIN_CARGAS,No,Diurno,Propia pagada,Zona urbana,Si,No,0,Si,Sí,No responde,Casi nunca,Heterosexual,Comuna Sur Occidental,Media,Media,No,No,No reportado,BAJO,COMPLETOS,VARIOS_3_MAS,NO_TRABAJA,HOGAR_SIN_NINOS,MULTIPLE,NINGUNO,NORMAL,3–3.99,4–5,3–3.99,3–3.99
601,Crédito,SIN_CARGAS,Si,Mixto,Arrendada,Zona urbana,Si,Si,0,Si,No,No,Con poca frecuencia,Heterosexual,Comuna Sur Occidental,Media,Media,No,No,No étnico,ALTO,COMPLETOS,POCOS_1_2,NO_TRABAJA,HOGAR_SIN_NINOS,SIN,NINGUNO,SOBREPESO,4–5,4–5,4–5,3–3.99
132,Recursos propios,SIN_CARGAS,Si,Mixto,Arrendada,Zona urbana,Si,Si,0,No,No,No,Frecuentemente,Heterosexual,Comuna Norte,Básica,Media,No,No,No étnico,ALTO,COMPLETOS,POCOS_1_2,NO_TRABAJA,CON_NINOS_1_2,COGNITIVA,NINGUNO,SOBREPESO,3–3.99,4–5,4–5,4–5
687,Recursos propios,SIN_CARGAS,Si,Diurno,Propia pagada,Zona rural,Si,Si,0,No,No,No,Con poca frecuencia,Heterosexual,Municipios Aledaños,Media,Media,Sí,Sí,Étnico,BAJO,BASICOS,VARIOS_3_MAS,NO_TRABAJA,HOGAR_SIN_NINOS,SIN,NINGUNO,NORMAL,Sin nota,4–5,3–3.99,3–3.99
237,Beca,SIN_CARGAS,No,Diurno,Arrendada,Zona urbana,Si,Si,0,No,No,No,Con poca frecuencia,Heterosexual,Comuna Norte,Básica,Básica,No,No,No étnico,MEDIO,COMPLETOS,VARIOS_3_MAS,NO_TRABAJA,HOGAR_SIN_NINOS,COGNITIVA,BAJO,NORMAL,4–5,3–3.99,4–5,4–5
609,Recursos propios,SIN_CARGAS,Si,Diurno,Propia pagada,Zona urbana,Si,No,0,Si,No,No responde,Con poca frecuencia,Heterosexual,Comuna Norte,Superior,Superior,No,No,No reportado,ALTO,COMPLETOS,NINGUNO,NO_TRABAJA,HOGAR_SIN_NINOS,MULTIPLE,NINGUNO,NORMAL,3–3.99,4–5,4–5,3–3.99
442,Recursos propios,SIN_CARGAS,No,Diurno,Arrendada,Zona urbana,Si,No,0,Si,Sí,No,Frecuentemente,Heterosexual,Comuna Oriental,Media,Superior,No,No,No étnico,BAJO,COMPLETOS,NINGUNO,NO_TRABAJA,HOGAR_SIN_NINOS,SIN,NINGUNO,BAJO_PESO,3–3.99,3–3.99,3–3.99,3–3.99
438,Recursos propios,SIN_CARGAS,Si,Diurno,Propia pagandose,Zona urbana,Si,Si,0,No,No,No,Frecuentemente,Diversa,Comuna Centro,Media,Superior,No,No,No étnico,BAJO,COMPLETOS,NINGUNO,NO_TRABAJA,HOGAR_SIN_NINOS,SIN,NINGUNO,BAJO_PESO,4–5,4–5,4–5,4–5
68,Recursos propios,SIN_CARGAS,No,Diurno,Arrendada,Zona urbana,No,Si,0,No,No,No,Con poca frecuencia,Heterosexual,Comuna Oriental,Básica,Básica,No,No,No étnico,MEDIO,BASICOS,POCOS_1_2,NO_TRABAJA,HOGAR_SIN_NINOS,COGNITIVA,BAJO,NORMAL,3–3.99,3–3.99,3–3.99,4–5
235,Recursos propios,SIN_CARGAS,Si,Diurno,Propia pagada,Zona urbana,Si,Si,0,No,No,No,Casi nunca,Heterosexual,Comuna Occidental,Básica,Media,No,No,No étnico,MEDIO,COMPLETOS,POCOS_1_2,NO_TRABAJA,HOGAR_SIN_NINOS,COGNITIVA,BAJO,NORMAL,3–3.99,4–5,3–3.99,3–3.99
595,Recursos propios,SIN_CARGAS,No,Diurno,Arrendada,Zona urbana,Si,Si,0,No,No,No,Frecuentemente,Heterosexual,Comuna Oriental,Media,Media,No,No,No étnico,BAJO,COMPLETOS,POCOS_1_2,PARCIAL_1_20,SOLO_SIN_NINOS,SIN,NINGUNO,NORMAL,4–5,3–3.99,3–3.99,3–3.99
61,Recursos propios,SIN_CARGAS,Si,Mixto,Propia pagandose,Zona urbana,Si,No,0,No,No,No,Con poca frecuencia,Heterosexual,Comuna Sur Occidental,Media,Media,No,No,No étnico,ALTO,COMPLETOS,POCOS_1_2,NO_TRABAJA,CON_NINOS_1_2,COGNITIVA,NINGUNO,BAJO_PESO,3–3.99,4–5,4–5,4–5
380,Recursos propios,SIN_CARGAS,No,Mixto,Propia pagada,Zona rural,Si,No,0,Si,No,No,Frecuentemente,No responde,Municipios Aledaños,Superior,Media,No,No,No étnico,ALTO,COMPLETOS,POCOS_1_2,NO_TRABAJA,HOGAR_SIN_NINOS,COGNITIVA,BAJO,NORMAL,3–3.99,3–3.99,2–2.99,3–3.99
19,Beca,SIN_CARGAS,No,Diurno,Arrendada,Zona urbana,Si,Si,0,No,No,No,Con poca frecuencia,Heterosexual,Comuna Sur Occidental,Media,Superior,No,No,No étnico,ALTO,COMPLETOS,POCOS_1_2,PARCIAL_1_20,HOGAR_SIN_NINOS,COGNITIVA,NINGUNO,NORMAL,3–3.99,3–3.99,3–3.99,3–3.99
335,Recursos propios,SIN_CARGAS,Si,Diurno,Propia pagandose,Zona rural,Si,Si,0,Si,No,No responde,Frecuentemente,No responde,Comuna Sur Oriental,Media,Media,No,No,No reportado,MEDIO,COMPLETOS,POCOS_1_2,NO_TRABAJA,SOLO_SIN_NINOS,MULTIPLE,NINGUNO,NORMAL,4–5,4–5,4–5,4–5
271,Recursos propios,CON_CARGAS,No,Diurno,Arrendada,Zona urbana,Si,No,0,No,No,No,Casi nunca,Heterosexual,Comuna Norte,Superior,Media,No,No,No étnico,MEDIO,COMPLETOS,POCOS_1_2,NO_TRABAJA,SOLO_SIN_NINOS,COGNITIVA,NINGUNO,NORMAL,3–3.99,3–3.99,3–3.99,3–3.99
175,Recursos propios,SIN_CARGAS,Si,Mixto,Propia pagada,Zona urbana,No,No,0,No,No,No,Nunca,No responde,Municipios Aledaños,Superior,Superior,Sí,No,No étnico,ALTO,BASICOS,POCOS_1_2,NO_TRABAJA,SOLO_SIN_NINOS,COGNITIVA,BAJO,SOBREPESO,3–3.99,3–3.99,3–3.99,3–3.99
255,Beca,SIN_CARGAS,No,Diurno,Arrendada,Zona urbana,Si,Si,0,Si,Sí,No,Con poca frecuencia,Heterosexual,Comuna Oriental,Media,Media,No,No,No étnico,ALTO,COMPLETOS,VARIOS_3_MAS,PARCIAL_1_20,CON_NINOS_1_2,MULTIPLE,NINGUNO,BAJO_PESO,3–3.99,3–3.99,3–3.99,3–3.99
761,Recursos propios,SIN_CARGAS,No,Mixto,Arrendada,Zona rural,Si,Si,0,Si,Sí,No,Con poca frecuencia,Heterosexual,Municipios Aledaños,Media,Superior,Sí,No,No étnico,BAJO,COMPLETOS,NINGUNO,NO_TRABAJA,HOGAR_SIN_NINOS,SIN,BAJO,OBESIDAD,Sin nota,3–3.99,4–5,3–3.99
449,Recursos propios,SIN_CARGAS,No,Diurno,Propia pagada,Zona urbana,Si,Si,0,No,No,No,Frecuentemente,Heterosexual,Comuna Norte,Media,Media,No,No,No étnico,ALTO,BASICOS,POCOS_1_2,NO_TRABAJA,HOGAR_SIN_NINOS,COGNITIVA,BAJO,NORMAL,4–5,4–5,4–5,4–5
291,Beca,SIN_CARGAS,Si,Diurno,Propia pagada,Zona urbana,Si,Si,0,No,No,No,Con poca frecuencia,Heterosexual,Sin agrupar,Media,Media,No,No,No étnico,MEDIO,BASICOS,POCOS_1_2,NO_TRABAJA,HOGAR_SIN_NINOS,COGNITIVA,BAJO,NORMAL,3–3.99,4–5,4–5,4–5
695,Recursos propios,SIN_CARGAS,No,Diurno,Propia pagada,Zona urbana,Si,Si,0,No,No,No,Con poca frecuencia,Heterosexual,Comuna Norte,Media,Media,No,No,No étnico,ALTO,COMPLETOS,POCOS_1_2,NO_TRABAJA,HOGAR_SIN_NINOS,SIN,NINGUNO,NORMAL,Sin nota,4–5,3–3.99,3–3.99
192,Beca,SIN_CARGAS,Si,Diurno,Arrendada,Zona urbana,Si,Si,0,Si,No,No,Con poca frecuencia,No responde,Comuna Sur Occidental,Media,Media,No,No,No étnico,ALTO,COMPLETOS,POCOS_1_2,NO_TRABAJA,HOGAR_SIN_NINOS,COGNITIVA,MODERADO,NORMAL,3–3.99,3–3.99,4–5,3–3.99
745,Recursos propios,CON_CARGAS,Si,Diurno,Arrendada,Zona urbana,Si,Si,0,Si,Sí,No responde,Casi nunca,Heterosexual,Comuna Centro,Básica,Media,No,No,No reportado,MEDIO,BASICOS,NINGUNO,ALTA_>20,HOGAR_SIN_NINOS,MULTIPLE,NINGUNO,NORMAL,Sin nota,4–5,3–3.99,4–5
97,Recursos propios,SIN_CARGAS,Si,Diurno,Propia pagada,Zona urbana,Si,Si,0,No,No,No,Frecuentemente,No responde,Comuna Sur Oriental,Superior,Superior,No,No,No étnico,ALTO,BASICOS,VARIOS_3_MAS,PARCIAL_1_20,SOLO_SIN_NINOS,COGNITIVA,NINGUNO,NORMAL,3–3.99,4–5,4–5,4–5
91,Beca,SIN_CARGAS,No,Mixto,Propia pagada,Zona rural,Si,Si,0,Si,No,No,Frecuentemente,Heterosexual,Municipios Aledaños,Media,Media,Sí,No,No étnico,BAJO,BASICOS,POCOS_1_2,NO_TRABAJA,HOGAR_SIN_NINOS,COGNITIVA,BAJO,SOBREPESO,3–3.99,3–3.99,Sin nota,3–3.99
491,Otro / No aplica,CON_CARGAS,Si,Mixto,Arrendada,Zona urbana,No,Si,0,No,No,No responde,Con poca frecuencia,No responde,Comuna Sur Oriental,Básica,Media,No,No,No reportado,MEDIO,COMPLETOS,POCOS_1_2,PARCIAL_1_20,SOLO_SIN_NINOS,MULTIPLE,NINGUNO,SOBREPESO,3–3.99,3–3.99,Sin nota,4–5
732,Recursos propios,SIN_CARGAS,No,Mixto,Arrendada,Zona urbana,Si,Si,0,No,No,No,Con poca frecuencia,Heterosexual,Comuna Sur Oriental,Básica,Media,No,No,No étnico,ALTO,COMPLETOS,POCOS_1_2,NO_TRABAJA,CON_NINOS_1_2,SIN,NINGUNO,NORMAL,Sin nota,4–5,3–3.99,3–3.99
706,Recursos propios,SIN_CARGAS,Si,Diurno,Arrendada,Zona urbana,Si,Si,0,Si,Sí,No,Con poca frecuencia,Heterosexual,Comuna Oriental,Básica,Media,No,No,No étnico,BAJO,BASICOS,VARIOS_3_MAS,NO_TRABAJA,CON_NINOS_1_2,SIN,NINGUNO,BAJO_PESO,Sin nota,4–5,3–3.99,3–3.99
733,Recursos propios,SIN_CARGAS,No,Diurno,Arrendada,Zona urbana,Si,Si,0,Si,Sí,No responde,Con poca frecuencia,Heterosexual,Comuna Sur Occidental,Básica,Básica,No,No,No reportado,ALTO,BASICOS,POCOS_1_2,NO_TRABAJA,CON_NINOS_1_2,MULTIPLE,NINGUNO,NORMAL,Sin nota,4–5,4–5,4–5
194,Recursos propios,SIN_CARGAS,Si,Diurno,Arrendada,Zona urbana,No,Si,0,No,No,No,Con poca frecuencia,Heterosexual,Comuna Sur Occidental,Básica,Básica,No,No,No étnico,MEDIO,COMPLETOS,VARIOS_3_MAS,NO_TRABAJA,HOGAR_SIN_NINOS,COGNITIVA,ALTO,NORMAL,3–3.99,4–5,3–3.99,3–3.99
640,Recursos propios,SIN_CARGAS,No,Diurno,Arrendada,Zona urbana,Si,Si,0,No,Sí,No,Con poca frecuencia,Heterosexual,Comuna Centro,Básica,Básica,No,No,No étnico,BAJO,BASICOS,NINGUNO,NO_TRABAJA,SOLO_SIN_NINOS,SIN,NINGUNO,SOBREPESO,4–5,4–5,4–5,3–3.99
395,Recursos propios,CON_CARGAS,Si,Diurno,Propia pagada,Zona urbana,Si,Si,1,Si,No,No,Frecuentemente,Heterosexual,Comuna Sur Occidental,Básica,Media,No,No,No étnico,MEDIO,COMPLETOS,VARIOS_3_MAS,NO_TRABAJA,CON_NINOS_1_2,COGNITIVA,NINGUNO,NORMAL,3–3.99,4–5,3–3.99,3–3.99
693,Recursos propios,SIN_CARGAS,No,Diurno,Arrendada,Zona urbana,Si,Si,0,Si,Sí,No,Con poca frecuencia,Heterosexual,Comuna Sur Occidental,Media,Media,No,No,No étnico,MEDIO,COMPLETOS,POCOS_1_2,NO_TRABAJA,CON_NINOS_1_2,SIN,NINGUNO,NORMAL,Sin nota,3–3.99,2–2.99,3–3.99
70,Beca,SIN_CARGAS,No,Diurno,Arrendada,Zona urbana,Si,Si,0,No,No,No,Frecuentemente,Heterosexual,Comuna Oriental,Básica,Media,No,No,No étnico,ALTO,BASICOS,POCOS_1_2,NO_TRABAJA,HOGAR_SIN_NINOS,COGNITIVA,BAJO,NORMAL,3–3.99,3–3.99,3–3.99,3–3.99
230,Recursos propios,SIN_CARGAS,Si,Mixto,Propia pagandose,Zona urbana,Si,No,0,Si,No,No responde,Con poca frecuencia,No responde,Comuna Occidental,Media,Media,No,No,No reportado,ALTO,COMPLETOS,POCOS_1_2,ALTA_>20,CON_NINOS_1_2,MULTIPLE,BAJO,NORMAL,2–2.99,2–2.99,2–2.99,3–3.99
699,Otro / No aplica,SIN_CARGAS,Si,Mixto,Arrendada,Zona rural,Si,Si,0,No,Sí,No,Casi nunca,Heterosexual,Municipios Aledaños,Media,Superior,No,No,No étnico,ALTO,COMPLETOS,POCOS_1_2,NO_TRABAJA,HOGAR_SIN_NINOS,SIN,NINGUNO,OBESIDAD,Sin nota,4–5,3–3.99,4–5
469,Otro / No aplica,SIN_CARGAS,No,Diurno,Propia pagandose,Zona urbana,Si,No,0,Si,No,No,Casi nunca,Heterosexual,Comuna Sur Occidental,Media,Media,No,No,No étnico,ALTO,COMPLETOS,POCOS_1_2,NO_TRABAJA,CON_NINOS_1_2,SIN,NINGUNO,NORMAL,3–3.99,4–5,3–3.99,3–3.99
691,Recursos propios,SIN_CARGAS,No,Diurno,Arrendada,Zona urbana,Si,No,0,No,No,No,Nunca,Heterosexual,Comuna Oriental,Media,Media,No,No,No étnico,MEDIO,COMPLETOS,POCOS_1_2,NO_TRABAJA,CON_NINOS_1_2,SIN,NINGUNO,NORMAL,Sin nota,3–3.99,3–3.99,4–5
617,Otro / No aplica,SIN_CARGAS,No,Diurno,Arrendada,Zona rural,Si,No,0,No,No,No,Con poca frecuencia,Heterosexual,Comuna Sur Oriental,Media,Media,No,No,No étnico,MEDIO,COMPLETOS,VARIOS_3_MAS,NO_TRABAJA,CON_NINOS_1_2,SIN,BAJO,NORMAL,4–5,4–5,4–5,4–5
758,Crédito,SIN_CARGAS,No,Diurno,Propia pagada,Zona urbana,Si,No,0,No,No,No,Con poca frecuencia,Heterosexual,Comuna Sur Occidental,Media,Superior,Sí,No,No étnico,BAJO,BASICOS,POCOS_1_2,NO_TRABAJA,SOLO_SIN_NINOS,SIN,NINGUNO,NORMAL,Sin nota,4–5,3–3.99,4–5
324,Recursos propios,SIN_CARGAS,No,Diurno,Propia pagada,Zona urbana,Si,No,0,Si,No,No,Con poca frecuencia,Heterosexual,Comuna Centro,Superior,Superior,No,No,No étnico,MEDIO,COMPLETOS,POCOS_1_2,NO_TRABAJA,CON_NINOS_1_2,COGNITIVA,NINGUNO,NORMAL,3–3.99,3–3.99,4–5,4–5
614,Recursos propios,SIN_CARGAS,No,Diurno,Arrendada,Zona urbana,No,Si,0,No,No,No,Con poca frecuencia,Heterosexual,Municipios Aledaños,Media,Media,No,No,No étnico,ALTO,COMPLETOS,VARIOS_3_MAS,NO_TRABAJA,SOLO_SIN_NINOS,SIN,NINGUNO,NORMAL,4–5,4–5,4–5,3–3.99
48,Recursos propios,SIN_CARGAS,Si,Mixto,Arrendada,Zona rural,Si,Si,0,No,No,No,Con poca frecuencia,No responde,Municipios Aledaños,Básica,Media,No,No,No étnico,MEDIO,COMPLETOS,POCOS_1_2,NO_TRABAJA,HOGAR_SIN_NINOS,COGNITIVA,NINGUNO,NORMAL,3–3.99,3–3.99,3–3.99,3–3.99
592,Recursos propios,SIN_CARGAS,No,Diurno,Arrendada,Zona urbana,Si,No,0,No,Sí,No,Frecuentemente,Heterosexual,Comuna Sur Oriental,Superior,Superior,No,Sí,Étnico,ALTO,COMPLETOS,POCOS_1_2,NO_TRABAJA,HOGAR_SIN_NINOS,SIN,NINGUNO,BAJO_PESO,3–3.99,4–5,3–3.99,4–5
139,Beca,CON_CARGAS,Si,Diurno,Arrendada,Zona urbana,Si,Si,0,Si,No,No,Casi nunca,No responde,Comuna Norte,Básica,Básica,No,No,No étnico,MEDIO,COMPLETOS,VARIOS_3_MAS,NO_TRABAJA,HOGAR_SIN_NINOS,COGNITIVA,BAJO,NORMAL,4–5,3–3.99,3–3.99,3–3.99
295,Recursos propios,SIN_CARGAS,Si,Diurno,Arrendada,Zona urbana,Si,Si,0,No,No,No,Con poca frecuencia,Heterosexual,Comuna Centro,Media,Media,No,No,No étnico,ALTO,COMPLETOS,POCOS_1_2,NO_TRABAJA,CON_NINOS_1_2,COGNITIVA,NINGUNO,NORMAL,3–3.99,3–3.99,3–3.99,3–3.99
328,Otro / No aplica,SIN_CARGAS,No,Diurno,Propia pagandose,Zona rural,Si,Si,0,Si,No,No,Con poca frecuencia,Heterosexual,Comuna Sur Oriental,Media,Media,No,No,No étnico,BAJO,COMPLETOS,POCOS_1_2,NO_TRABAJA,HOGAR_SIN_NINOS,COGNITIVA,NINGUNO,NORMAL,3–3.99,3–3.99,3–3.99,3–3.99
338,Beca,SIN_CARGAS,Si,Diurno,Arrendada,Zona urbana,Si,Si,0,No,No,No,Casi nunca,Heterosexual,Comuna Sur Occidental,Media,Media,Sí,No,No étnico,MEDIO,COMPLETOS,VARIOS_3_MAS,NO_TRABAJA,CON_NINOS_1_2,COGNITIVA,NINGUNO,BAJO_PESO,3–3.99,4–5,4–5,4–5
309,Beca,SIN_CARGAS,No,Diurno,Propia pagandose,Zona urbana,Si,Si,0,No,No,No,Con poca frecuencia,Heterosexual,Comuna Sur Oriental,Media,Media,No,No,No étnico,BAJO,COMPLETOS,POCOS_1_2,NO_TRABAJA,HOGAR_SIN_NINOS,COGNITIVA,NINGUNO,BAJO_PESO,3–3.99,4–5,4–5,4–5
202,Recursos propios,SIN_CARGAS,Si,Mixto,Arrendada,Zona rural,Si,Si,0,No,No,No,Casi nunca,No responde,Municipios Aledaños,Básica,Media,No,No,No étnico,ALTO,COMPLETOS,POCOS_1_2,NO_TRABAJA,CON_NINOS_1_2,COGNITIVA,NINGUNO,NORMAL,3–3.99,3–3.99,3–3.99,3–3.99
632,Recursos propios,SIN_CARGAS,No,Diurno,Arrendada,Zona urbana,Si,No,0,Si,Sí,No,Con poca frecuencia,Diversa,Comuna Centro,Media,Media,Sí,No,No étnico,BAJO,COMPLETOS,NINGUNO,NO_TRABAJA,HOGAR_SIN_NINOS,SIN,NINGUNO,NORMAL,4–5,4–5,4–5,4–5
131,Beca,SIN_CARGAS,No,Diurno,Propia pagandose,Zona urbana,Si,No,0,No,No,No,Frecuentemente,No responde,Comuna Sur Oriental,Superior,Superior,Sí,No,No étnico,MEDIO,COMPLETOS,POCOS_1_2,NO_TRABAJA,SOLO_SIN_NINOS,COGNITIVA,BAJO,NORMAL,3–3.99,4–5,4–5,4–5
704,Recursos propios,SIN_CARGAS,No,Mixto,Arrendada,Zona urbana,Si,No,0,Si,Sí,No responde,Con poca frecuencia,Heterosexual,Bogota,Media,Media,No,No,No reportado,MEDIO,BASICOS,VARIOS_3_MAS,NO_TRABAJA,DESCONOCIDO,MULTIPLE,NINGUNO,NORMAL,Sin nota,4–5,3–3.99,4–5
647,Recursos propios,SIN_CARGAS,No,Diurno,Arrendada,Zona urbana,Si,Si,0,No,No,No,Casi nunca,Heterosexual,Comuna Sur Oriental,Básica,Básica,No,No,No étnico,BAJO,COMPLETOS,VARIOS_3_MAS,NO_TRABAJA,CON_NINOS_1_2,SIN,BAJO,NORMAL,4–5,4–5,4–5,4–5
246,Beca,SIN_CARGAS,No,Diurno,Arrendada,Zona urbana,Si,Si,0,No,No,No,Frecuentemente,No responde,Comuna Sur Occidental,Superior,Superior,No,No,No étnico,BAJO,BASICOS,POCOS_1_2,NO_TRABAJA,HOGAR_SIN_NINOS,COGNITIVA,BAJO,NORMAL,3–3.99,2–2.99,3–3.99,3–3.99
337,Recursos propios,SIN_CARGAS,No,Diurno,Arrendada,Zona urbana,Si,Si,0,No,No,No,Con poca frecuencia,No responde,Comuna Sur Occidental,Media,Superior,No,No,No étnico,BAJO,COMPLETOS,POCOS_1_2,NO_TRABAJA,CON_NINOS_1_2,COGNITIVA,NINGUNO,NORMAL,2–2.99,2–2.99,3–3.99,3–3.99
164,Recursos propios,CON_CARGAS,Si,Mixto,Arrendada,Zona urbana,Si,Si,0,Si,No,No,Con poca frecuencia,Heterosexual,Municipios Aledaños,Media,Básica,No,No,No étnico,ALTO,BASICOS,POCOS_1_2,ALTA_>20,CON_NINOS_1_2,COGNITIVA,ALTO,SOBREPESO,2–2.99,3–3.99,3–3.99,3–3.99
589,Recursos propios,SIN_CARGAS,No,Diurno,Arrendada,Zona urbana,Si,No,0,Si,Sí,No,Frecuentemente,No responde,Comuna Occidental,Media,Superior,No,No,No étnico,ALTO,COMPLETOS,VARIOS_3_MAS,NO_TRABAJA,CON_NINOS_1_2,SIN,NINGUNO,NORMAL,4–5,3–3.99,3–3.99,4–5
58,Recursos propios,SIN_CARGAS,Si,Mixto,Propia pagandose,Zona urbana,Si,Si,0,No,No,No,Con poca frecuencia,Heterosexual,Sin agrupar,Media,Media,No,No,No étnico,ALTO,COMPLETOS,POCOS_1_2,NO_TRABAJA,HOGAR_SIN_NINOS,COGNITIVA,BAJO,NORMAL,3–3.99,4–5,4–5,4–5
588,Beca,SIN_CARGAS,No,Diurno,Propia pagandose,Zona urbana,Si,Si,0,Si,Sí,No,Casi nunca,Heterosexual,Comuna Sur Oriental,Superior,Media,No,No,No étnico,ALTO,COMPLETOS,POCOS_1_2,NO_TRABAJA,HOGAR_SIN_NINOS,SIN,BAJO,BAJO_PESO,3–3.99,4–5,4–5,4–5
300,Beca,SIN_CARGAS,Si,Diurno,Propia pagandose,Zona rural,Si,No,0,Si,No,No,Con poca frecuencia,No responde,Comuna Sur Occidental,Media,Media,Sí,No,No étnico,ALTO,BASICOS,VARIOS_3_MAS,NO_TRABAJA,HOGAR_SIN_NINOS,COGNITIVA,BAJO,SOBREPESO,4–5,4–5,4–5,4–5
371,Otro / No aplica,SIN_CARGAS,No,Mixto,Arrendada,Zona urbana,Si,Si,0,No,No,No,Con poca frecuencia,Heterosexual,Comuna Norte,Superior,Superior,No,No,No étnico,BAJO,COMPLETOS,POCOS_1_2,NO_TRABAJA,HOGAR_SIN_NINOS,COGNITIVA,NINGUNO,NORMAL,4–5,3–3.99,4–5,4–5
280,Recursos propios,SIN_CARGAS,No,Diurno,Propia pagada,Zona urbana,Si,No,0,Si,No,No,Nunca,Heterosexual,Comuna Sur Occidental,Básica,Básica,No,No,No étnico,ALTO,COMPLETOS,VARIOS_3_MAS,NO_TRABAJA,HOGAR_SIN_NINOS,COGNITIVA,NINGUNO,NORMAL,4–5,3–3.99,4–5,4–5
266,Recursos propios,SIN_CARGAS,Si,Diurno,Propia pagada,Zona urbana,Si,No,0,No,No,No,Con poca frecuencia,Heterosexual,Comuna Norte,Media,Media,No,No,No étnico,MEDIO,COMPLETOS,POCOS_1_2,NO_TRABAJA,HOGAR_SIN_NINOS,COGNITIVA,NINGUNO,NORMAL,4–5,4–5,4–5,4–5
159,Otro / No aplica,CON_CARGAS,Si,Diurno,Arrendada,Zona urbana,No,No,2,No,No,No responde,Con poca frecuencia,No responde,Comuna Norte,Básica,Básica,Sí,No,No étnico,BAJO,COMPLETOS,VARIOS_3_MAS,NO_TRABAJA,CON_NINOS_1_2,COGNITIVA,NINGUNO,NORMAL,Sin nota,3–3.99,3–3.99,3–3.99
453,Recursos propios,CON_CARGAS,Si,Diurno,Propia pagada,Zona urbana,Si,Si,0,No,Sí,No,Nunca,No responde,Comuna Oriental,Básica,Básica,No,No,No étnico,BAJO,BASICOS,POCOS_1_2,NO_TRABAJA,HOGAR_SIN_NINOS,SIN,NINGUNO,BAJO_PESO,4–5,4–5,4–5,4–5
539,Otro / No aplica,SIN_CARGAS,Si,Mixto,Propia pagada,Zona urbana,Si,Si,0,No,No,No,Con poca frecuencia,Heterosexual,Comuna Norte,Media,Media,No,No,No étnico,BAJO,COMPLETOS,VARIOS_3_MAS,PARCIAL_1_20,HOGAR_SIN_NINOS,SIN,NINGUNO,NORMAL,3–3.99,4–5,3–3.99,3–3.99
532,Recursos propios,SIN_CARGAS,Si,Diurno,Arrendada,Zona urbana,Si,Si,0,Si,Sí,No,Con poca frecuencia,Heterosexual,Comuna Norte,Superior,Media,No,No,No étnico,BAJO,COMPLETOS,VARIOS_3_MAS,NO_TRABAJA,HOGAR_SIN_NINOS,SIN,NINGUNO,NORMAL,4–5,4–5,4–5,2–2.99
409,Recursos propios,SIN_CARGAS,No,Mixto,Propia pagada,Zona urbana,Si,No,0,No,No,No,Casi nunca,Heterosexual,Comuna Centro,Media,Media,No,No,No étnico,MEDIO,COMPLETOS,POCOS_1_2,NO_TRABAJA,HOGAR_SIN_NINOS,SIN,NINGUNO,NORMAL,3–3.99,4–5,3–3.99,3–3.99
62,Recursos propios,SIN_CARGAS,Si,Diurno,Arrendada,Zona urbana,Si,No,0,No,No,No,Casi nunca,No responde,Comuna Centro,Media,Superior,No,No,No étnico,MEDIO,COMPLETOS,POCOS_1_2,NO_TRABAJA,HOGAR_SIN_NINOS,COGNITIVA,MODERADO,NORMAL,3–3.99,3–3.99,3–3.99,3–3.99
748,Recursos propios,CON_CARGAS,No,Diurno,Propia pagada,Zona urbana,Si,Si,0,No,No,No responde,Con poca frecuencia,Heterosexual,Municipios Aledaños,Media,Media,No,No,No reportado,BAJO,COMPLETOS,POCOS_1_2,NO_TRABAJA,CON_NINOS_1_2,MULTIPLE,NINGUNO,NORMAL,Sin nota,4–5,4–5,3–3.99
645,Recursos propios,SIN_CARGAS,No,Mixto,Propia pagada,Zona rural,Si,Si,0,No,No,No,Frecuentemente,Heterosexual,Municipios Aledaños,Media,Media,No,No,No étnico,ALTO,BASICOS,VARIOS_3_MAS,NO_TRABAJA,CON_NINOS_1_2,SIN,NINGUNO,BAJO_PESO,4–5,4–5,4–5,4–5
205,Recursos propios,SIN_CARGAS,Si,Mixto,Propia pagada,Zona urbana,Si,No,0,No,No,No,Con poca frecuencia,No responde,Comuna Oriental,Superior,Superior,No,No,No étnico,ALTO,COMPLETOS,POCOS_1_2,NO_TRABAJA,CON_NINOS_1_2,COGNITIVA,NINGUNO,SOBREPESO,3–3.99,3–3.99,4–5,4–5
33,Recursos propios,SIN_CARGAS,Si,Diurno,Arrendada,Zona urbana,Si,Si,0,No,No,No,Frecuentemente,No responde,Comuna Centro,Media,Media,No,No,No étnico,BAJO,BASICOS,NINGUNO,NO_TRABAJA,SOLO_SIN_NINOS,COGNITIVA,NINGUNO,NORMAL,3–3.99,3–3.99,3–3.99,3–3.99
603,Recursos propios,SIN_CARGAS,No,Diurno,Arrendada,Zona urbana,Si,No,0,Si,Sí,No responde,Casi nunca,Heterosexual,Comuna Sur Occidental,Media,Superior,No,No,No reportado,ALTO,COMPLETOS,NINGUNO,NO_TRABAJA,HOGAR_SIN_NINOS,MULTIPLE,NINGUNO,SOBREPESO,4–5,4–5,4–5,4–5
25,Recursos propios,SIN_CARGAS,No,Diurno,Arrendada,Zona urbana,Si,No,0,Si,No,No,Con poca frecuencia,Heterosexual,Comuna Centro,Superior,Media,No,No,No étnico,MEDIO,COMPLETOS,NINGUNO,NO_TRABAJA,HOGAR_SIN_NINOS,MULTIPLE,NINGUNO,BAJO_PESO,3–3.99,4–5,3–3.99,4–5
0,Beca,SIN_CARGAS,Si,Diurno,Arrendada,Zona urbana,Si,Si,0,Si,Sí,No,Con poca frecuencia,Heterosexual,Comuna Occidental,Básica,Media,No,No,No étnico,ALTO,COMPLETOS,NINGUNO,NO_TRABAJA,HOGAR_SIN_NINOS,COGNITIVA,BAJO,NORMAL,3–3.99,3–3.99,3–3.99,3–3.99
536,Beca,SIN_CARGAS,No,Diurno,Arrendada,Zona urbana,Si,Si,0,Si,Sí,No,Con poca frecuencia,Heterosexual,Comuna Occidental,Media,Media,Sí,No,No étnico,BAJO,COMPLETOS,POCOS_1_2,PARCIAL_1_20,HOGAR_SIN_NINOS,SIN,NINGUNO,NORMAL,4–5,4–5,4–5,4–5
625,Recursos propios,SIN_CARGAS,Si,Diurno,Arrendada,Zona rural,Si,Si,0,No,No,No,Con poca frecuencia,Heterosexual,Municipios Aledaños,Básica,Media,No,No,No étnico,BAJO,BASICOS,POCOS_1_2,NO_TRABAJA,HOGAR_SIN_NINOS,SIN,NINGUNO,NORMAL,4–5,4–5,4–5,4–5
669,Recursos propios,CON_CARGAS,No,Diurno,Arrendada,Zona urbana,Si,Si,0,No,Sí,No,Frecuentemente,Heterosexual,Comuna Norte,Básica,Media,No,No,No étnico,BAJO,BASICOS,POCOS_1_2,PARCIAL_1_20,CON_NINOS_1_2,SIN,NINGUNO,NORMAL,Sin nota,3–3.99,Sin nota,3–3.99
92,Beca,SIN_CARGAS,Si,Diurno,Arrendada,Zona rural,Si,Si,0,Si,No,No,Frecuentemente,Heterosexual,Comuna Occidental,Básica,Básica,No,Sí,Étnico,MEDIO,BASICOS,NINGUNO,NO_TRABAJA,HOGAR_SIN_NINOS,COGNITIVA,NINGUNO,BAJO_PESO,4–5,4–5,4–5,4–5
211,Otro / No aplica,SIN_CARGAS,Si,Diurno,Arrendada,Zona rural,Si,Si,0,Si,No,No responde,Casi nunca,No responde,Municipios Aledaños,Básica,Media,No,No,No étnico,BAJO,BASICOS,POCOS_1_2,NO_TRABAJA,HOGAR_SIN_NINOS,COGNITIVA,NINGUNO,NORMAL,3–3.99,2–2.99,2–2.99,1–1.99
79,Recursos propios,CON_CARGAS,Si,Diurno,Arrendada,Zona urbana,Si,Si,0,Si,No,No,Con poca frecuencia,Heterosexual,Comuna Sur Oriental,Media,Básica,No,No,No étnico,ALTO,COMPLETOS,VARIOS_3_MAS,NO_TRABAJA,HOGAR_SIN_NINOS,COGNITIVA,NINGUNO,OBESIDAD,3–3.99,3–3.99,3–3.99,4–5
231,Recursos propios,SIN_CARGAS,No,Diurno,Propia pagada,Zona rural,No,Si,0,Si,No,No,Casi nunca,Heterosexual,Comuna Oriental,Media,Básica,No,No,No étnico,BAJO,COMPLETOS,POCOS_1_2,NO_TRABAJA,SOLO_SIN_NINOS,COGNITIVA,NINGUNO,NORMAL,3–3.99,4–5,3–3.99,4–5
190,Recursos propios,SIN_CARGAS,Si,Diurno,Propia pagada,Zona urbana,Si,Si,0,Si,No,No responde,Casi nunca,No responde,Comuna Centro,Media,Media,No,No,No reportado,ALTO,BASICOS,POCOS_1_2,NO_TRABAJA,CON_NINOS_1_2,MULTIPLE,NINGUNO,NORMAL,1–1.99,3–3.99,2–2.99,1–1.99
351,Beca,SIN_CARGAS,No,Diurno,Propia pagada,Zona rural,Si,No,0,No,No,No,Con poca frecuencia,Heterosexual,Sin agrupar,Media,Superior,Sí,No,No étnico,BAJO,COMPLETOS,POCOS_1_2,NO_TRABAJA,HOGAR_SIN_NINOS,COGNITIVA,BAJO,OBESIDAD,4–5,4–5,4–5,4–5
487,Crédito,SIN_CARGAS,Si,Diurno,Propia pagandose,Zona urbana,Si,Si,0,Si,Sí,No,Con poca frecuencia,Heterosexual,Comuna Norte,Básica,Superior,Sí,No,No étnico,BAJO,BASICOS,POCOS_1_2,NO_TRABAJA,SOLO_SIN_NINOS,SIN,NINGUNO,NORMAL,4–5,4–5,4–5,4–5
28,Beca,SIN_CARGAS,Si,Mixto,Arrendada,Zona urbana,Si,No,0,Si,No,No,Con poca frecuencia,Heterosexual,Comuna Occidental,Media,Superior,No,No,No étnico,ALTO,COMPLETOS,POCOS_1_2,NO_TRABAJA,HOGAR_SIN_NINOS,COGNITIVA,BAJO,NORMAL,3–3.99,3–3.99,2–2.99,3–3.99
184,Recursos propios,SIN_CARGAS,No,Diurno,Arrendada,Zona urbana,Si,No,0,No,No,No,Con poca frecuencia,No responde,Comuna Norte,Media,Superior,No,No,No étnico,MEDIO,COMPLETOS,NINGUNO,NO_TRABAJA,HOGAR_SIN_NINOS,COGNITIVA,NINGUNO,NORMAL,3–3.99,3–3.99,3–3.99,3–3.99
329,Recursos propios,CON_CARGAS,No,Diurno,Propia pagada,Zona urbana,Si,No,0,No,No,No,Con poca frecuencia,Heterosexual,Comuna Sur Oriental,Media,Media,No,No,No étnico,BAJO,COMPLETOS,POCOS_1_2,NO_TRABAJA,HOGAR_SIN_NINOS,COGNITIVA,NINGUNO,BAJO_PESO,4–5,4–5,4–5,4–5
140,Beca,SIN_CARGAS,Si,Diurno,Arrendada,Zona urbana,No,Si,0,No,No,No,Con poca frecuencia,No responde,Comuna Centro,Superior,Media,No,No,No étnico,BAJO,COMPLETOS,POCOS_1_2,NO_TRABAJA,HOGAR_SIN_NINOS,COGNITIVA,BAJO,NORMAL,4–5,4–5,4–5,4–5
524,Recursos propios,CON_CARGAS,No,Mixto,Arrendada,Zona urbana,Si,Si,1,Si,No,No,Casi nunca,Heterosexual,Comuna Norte,Básica,Básica,No,No,No étnico,MEDIO,BASICOS,NINGUNO,ALTA_>20,CON_NINOS_1_2,SIN,NINGUNO,SOBREPESO,4–5,4–5,4–5,4–5
209,Beca,SIN_CARGAS,Si,Diurno,Arrendada,Zona urbana,Si,Si,0,No,No,No,Casi nunca,No responde,Comuna Centro,Básica,Básica,Sí,No,No étnico,MEDIO,BASICOS,VARIOS_3_MAS,NO_TRABAJA,CON_NINOS_1_2,COGNITIVA,NINGUNO,NORMAL,2–2.99,3–3.99,3–3.99,3–3.99
696,Beca,CON_CARGAS,Si,Diurno,Arrendada,Zona urbana,Si,Si,0,Si,No,No responde,Con poca frecuencia,Heterosexual,Comuna Sur Oriental,Media,Media,No,No,No reportado,MEDIO,BASICOS,VARIOS_3_MAS,NO_TRABAJA,CON_NINOS_3_MAS,MULTIPLE,BAJO,NORMAL,Sin nota,3–3.99,3–3.99,3–3.99
75,Otro / No aplica,SIN_CARGAS,No,Diurno,Propia pagandose,Zona urbana,Si,No,0,No,No,No,Frecuentemente,Heterosexual,Municipios Aledaños,Superior,Superior,No,Sí,Étnico,MEDIO,COMPLETOS,POCOS_1_2,NO_TRABAJA,CON_NINOS_1_2,COGNITIVA,NINGUNO,NORMAL,3–3.99,3–3.99,3–3.99,3–3.99
533,Otro / No aplica,SIN_CARGAS,No,Diurno,Propia pagada,Zona urbana,Si,Si,0,Si,Sí,No,Nunca,Heterosexual,Comuna Occidental,Básica,Básica,No,No,No étnico,BAJO,COMPLETOS,POCOS_1_2,NO_TRABAJA,HOGAR_SIN_NINOS,SIN,NINGUNO,NORMAL,4–5,4–5,3–3.99,4–5
168,Recursos propios,SIN_CARGAS,No,Diurno,Arrendada,Zona urbana,Si,Si,0,Si,No,No,Casi nunca,No responde,Comuna Occidental,Superior,Básica,No,No,No étnico,ALTO,COMPLETOS,NINGUNO,NO_TRABAJA,HOGAR_SIN_NINOS,COGNITIVA,NINGUNO,BAJO_PESO,4–5,4–5,4–5,4–5
602,Recursos propios,SIN_CARGAS,No,Diurno,Arrendada,Zona rural,Si,Si,0,No,No,No,Nunca,Heterosexual,Municipios Aledaños,Media,Superior,Sí,No,No étnico,MEDIO,BASICOS,POCOS_1_2,NO_TRABAJA,HOGAR_SIN_NINOS,SIN,NINGUNO,NORMAL,4–5,4–5,3–3.99,3–3.99
188,Recursos propios,CON_CARGAS,Si,Mixto,Propia pagada,Zona urbana,Si,No,0,Si,No,No,Frecuentemente,Heterosexual,Comuna Occidental,Superior,Media,No,No,No étnico,ALTO,COMPLETOS,POCOS_1_2,NO_TRABAJA,CON_NINOS_1_2,COGNITIVA,NINGUNO,BAJO_PESO,3–3.99,3–3.99,3–3.99,3–3.99
700,Recursos propios,SIN_CARGAS,No,Diurno,Arrendada,Zona urbana,Si,Si,0,No,No,No responde,Nunca,Heterosexual,Comuna Centro,Media,Media,No,No,No reportado,MEDIO,COMPLETOS,POCOS_1_2,PARCIAL_1_20,SOLO_SIN_NINOS,MULTIPLE,NINGUNO,NORMAL,Sin nota,3–3.99,3–3.99,4–5
99,Recursos propios,CON_CARGAS,Si,Diurno,Propia pagada,Zona rural,Si,Si,0,Si,No,No,Casi nunca,Heterosexual,Municipios Aledaños,Superior,Superior,Sí,No,No étnico,BAJO,COMPLETOS,POCOS_1_2,NO_TRABAJA,CON_NINOS_1_2,COGNITIVA,NINGUNO,BAJO_PESO,3–3.99,3–3.99,3–3.99,4–5
584,Recursos propios,SIN_CARGAS,No,Diurno,Propia pagandose,Zona urbana,Si,Si,0,No,Sí,No,Casi nunca,Heterosexual,Comuna Oriental,Superior,Superior,No,No,No étnico,MEDIO,COMPLETOS,POCOS_1_2,NO_TRABAJA,HOGAR_SIN_NINOS,SIN,NINGUNO,NORMAL,4–5,4–5,4–5,4–5
535,Recursos propios,CON_CARGAS,No,Mixto,Arrendada,Zona urbana,Si,No,1,Si,Sí,No,Nunca,Heterosexual,Comuna Oriental,Básica,Superior,No,No,No étnico,ALTO,COMPLETOS,NINGUNO,ALTA_>20,HOGAR_SIN_NINOS,SIN,NINGUNO,NORMAL,4–5,4–5,4–5,4–5
219,Otro / No aplica,SIN_CARGAS,No,Diurno,Propia pagandose,Zona urbana,No,Si,0,No,No,No,Con poca frecuencia,Heterosexual,Comuna Norte,Superior,Superior,No,No,No étnico,BAJO,COMPLETOS,NINGUNO,NO_TRABAJA,SOLO_SIN_NINOS,COGNITIVA,BAJO,SOBREPESO,3–3.99,4–5,3–3.99,4–5
143,Recursos propios,SIN_CARGAS,No,Diurno,Propia pagada,Zona urbana,No,No,0,No,No,No,Con poca frecuencia,Heterosexual,Comuna Sur Occidental,Media,Media,No,No,No étnico,ALTO,BASICOS,POCOS_1_2,NO_TRABAJA,HOGAR_SIN_NINOS,COGNITIVA,BAJO,NORMAL,3–3.99,3–3.99,3–3.99,4–5
53,Beca,SIN_CARGAS,No,Diurno,Arrendada,Zona urbana,Si,Si,0,No,No,Si,Con poca frecuencia,Heterosexual,Comuna Oriental,Media,Media,No,No,No étnico,BAJO,BASICOS,VARIOS_3_MAS,ALTA_>20,SOLO_SIN_NINOS,COGNITIVA,NINGUNO,NORMAL,4–5,4–5,4–5,4–5
547,Recursos propios,SIN_CARGAS,No,Diurno,Propia pagada,Zona urbana,Si,No,0,Si,Sí,No,Frecuentemente,Heterosexual,Comuna Oriental,Superior,Superior,No,No,No étnico,ALTO,COMPLETOS,NINGUNO,NO_TRABAJA,HOGAR_SIN_NINOS,SIN,NINGUNO,SOBREPESO,2–2.99,3–3.99,4–5,3–3.99
8,Beca,SIN_CARGAS,No,Diurno,Arrendada,Zona rural,Si,Si,0,No,No,No,Casi nunca,Heterosexual,Municipios Aledaños,Básica,Básica,Sí,No,No étnico,BAJO,COMPLETOS,POCOS_1_2,NO_TRABAJA,HOGAR_SIN_NINOS,SIN,NINGUNO,NORMAL,3–3.99,3–3.99,3–3.99,3–3.99
543,Recursos propios,SIN_CARGAS,No,Diurno,Propia pagandose,Zona urbana,Si,Si,0,No,No,No,Casi nunca,Heterosexual,Comuna Norte,Básica,Básica,No,No,No étnico,BAJO,COMPLETOS,VARIOS_3_MAS,NO_TRABAJA,HOGAR_SIN_NINOS,SIN,NINGUNO,NORMAL,3–3.99,4–5,4–5,3–3.99
451,Beca,SIN_CARGAS,Si,Diurno,Arrendada,Zona urbana,Si,Si,0,No,No,No,Frecuentemente,No responde,Municipios Aledaños,Básica,Básica,No,No,No étnico,ALTO,COMPLETOS,POCOS_1_2,NO_TRABAJA,HOGAR_SIN_NINOS,SIN,NINGUNO,NORMAL,4–5,4–5,4–5,4–5
367,Beca,SIN_CARGAS,No,Diurno,Arrendada,Zona urbana,Si,No,0,No,No,No,Casi nunca,Heterosexual,Comuna Oriental,Media,Media,No,No,No étnico,ALTO,COMPLETOS,POCOS_1_2,NO_TRABAJA,CON_NINOS_1_2,COGNITIVA,ALTO,NORMAL,3–3.99,3–3.99,3–3.99,4–5
12,Recursos propios,SIN_CARGAS,Si,Diurno,Propia pagada,Zona urbana,Si,Si,0,Si,No,No,Casi nunca,No responde,Comuna Centro,Básica,Media,No,No,No étnico,MEDIO,BASICOS,POCOS_1_2,NO_TRABAJA,HOGAR_SIN_NINOS,MULTIPLE,BAJO,OBESIDAD,Sin nota,3–3.99,2–2.99,3–3.99
275,Recursos propios,SIN_CARGAS,No,Diurno,Propia pagada,Zona urbana,Si,Si,0,Si,No,No,Con poca frecuencia,No responde,Comuna Oriental,Media,Media,No,No,No étnico,BAJO,BASICOS,POCOS_1_2,NO_TRABAJA,CON_NINOS_1_2,COGNITIVA,NINGUNO,BAJO_PESO,3–3.99,3–3.99,3–3.99,3–3.99
735,Recursos propios,SIN_CARGAS,Si,Diurno,Arrendada,Zona rural,Si,Si,0,No,No,No,Casi nunca,Heterosexual,Municipios Aledaños,Media,Básica,No,No,No étnico,ALTO,COMPLETOS,POCOS_1_2,NO_TRABAJA,HOGAR_SIN_NINOS,SIN,NINGUNO,NORMAL,Sin nota,4–5,4–5,4–5
151,Recursos propios,CON_CARGAS,Si,Diurno,Arrendada,Zona urbana,Si,Si,1,Si,No,No,Con poca frecuencia,No responde,Comuna Norte,Media,Media,No,No,No étnico,BAJO,BASICOS,POCOS_1_2,NO_TRABAJA,CON_NINOS_1_2,COGNITIVA,NINGUNO,SOBREPESO,Sin nota,3–3.99,3–3.99,3–3.99
101,Recursos propios,SIN_CARGAS,Si,Mixto,Propia pagada,Zona urbana,Si,Si,0,No,No,No responde,Casi nunca,Heterosexual,Municipios Aledaños,Media,Básica,No,No,No étnico,ALTO,COMPLETOS,POCOS_1_2,NO_TRABAJA,HOGAR_SIN_NINOS,COGNITIVA,NINGUNO,NORMAL,3–3.99,3–3.99,3–3.99,4–5
74,Beca,SIN_CARGAS,No,Diurno,Propia pagada,Zona urbana,Si,Si,0,No,No,No,Con poca frecuencia,Heterosexual,Comuna Centro,Media,Media,No,No,No étnico,ALTO,COMPLETOS,VARIOS_3_MAS,NO_TRABAJA,HOGAR_SIN_NINOS,COGNITIVA,BAJO,NORMAL,3–3.99,4–5,3–3.99,4–5
363,Recursos propios,SIN_CARGAS,No,Diurno,Propia pagada,Zona urbana,Si,Si,0,No,No,No,Con poca frecuencia,Heterosexual,Comuna Occidental,Media,Superior,No,No,No étnico,MEDIO,BASICOS,POCOS_1_2,NO_TRABAJA,CON_NINOS_1_2,COGNITIVA,NINGUNO,NORMAL,3–3.99,3–3.99,3–3.99,3–3.99
422,Recursos propios,SIN_CARGAS,No,Diurno,Arrendada,Zona urbana,Si,Si,0,Si,No,No,Con poca frecuencia,Heterosexual,Comuna Sur Oriental,Media,Superior,No,No,No étnico,BAJO,COMPLETOS,VARIOS_3_MAS,NO_TRABAJA,HOGAR_SIN_NINOS,SIN,NINGUNO,NORMAL,4–5,4–5,4–5,4–5
673,Recursos propios,SIN_CARGAS,No,Diurno,Arrendada,Zona urbana,Si,Si,0,No,No,No,Nunca,Heterosexual,Comuna Oriental,Media,Media,No,No,No étnico,MEDIO,BASICOS,VARIOS_3_MAS,NO_TRABAJA,CON_NINOS_1_2,SIN,NINGUNO,NORMAL,Sin nota,4–5,3–3.99,4–5
7,Otro / No aplica,SIN_CARGAS,Si,Diurno,Propia pagandose,Zona rural,Si,Si,0,No,No,No,Frecuentemente,No responde,Municipios Aledaños,Básica,Básica,No,No,No étnico,MEDIO,BASICOS,POCOS_1_2,NO_TRABAJA,HOGAR_SIN_NINOS,COGNITIVA,NINGUNO,NORMAL,3–3.99,2–2.99,3–3.99,3–3.99
23,Recursos propios,CON_CARGAS,Si,Diurno,Arrendada,Zona urbana,Si,No,0,No,No,No,Frecuentemente,No responde,Comuna Norte,Básica,Media,No,No,No étnico,MEDIO,SIN_RECURSOS,POCOS_1_2,PARCIAL_1_20,HOGAR_SIN_NINOS,COGNITIVA,NINGUNO,NORMAL,4–5,4–5,4–5,4–5
5,Beca,SIN_CARGAS,Si,Mixto,Propia pagada,Zona rural,Si,Si,0,No,No,No,Con poca frecuencia,Heterosexual,Comuna Sur Oriental,Básica,Básica,No,No,No étnico,BAJO,BASICOS,POCOS_1_2,NO_TRABAJA,HOGAR_SIN_NINOS,COGNITIVA,NINGUNO,NORMAL,3–3.99,3–3.99,3–3.99,3–3.99
333,Beca,SIN_CARGAS,No,Mixto,Propia pagada,Zona rural,Si,Si,0,No,Sí,Si,Frecuentemente,No responde,Comuna Centro,Básica,Media,No,No,No étnico,MEDIO,BASICOS,POCOS_1_2,NO_TRABAJA,HOGAR_SIN_NINOS,COGNITIVA,NINGUNO,NORMAL,4–5,4–5,4–5,4–5
35,Recursos propios,SIN_CARGAS,No,Diurno,Propia pagandose,Zona urbana,Si,No,0,Si,Sí,No,Con poca frecuencia,Heterosexual,Comuna Norte,Superior,Superior,No,No,No étnico,BAJO,COMPLETOS,POCOS_1_2,NO_TRABAJA,CON_NINOS_1_2,COGNITIVA,NINGUNO,NORMAL,3–3.99,3–3.99,4–5,4–5
429,Recursos propios,SIN_CARGAS,No,Mixto,Arrendada,Zona rural,Si,Si,0,Si,No,No responde,Frecuentemente,No responde,Comuna Sur Oriental,Media,Básica,No,No,No reportado,BAJO,BASICOS,VARIOS_3_MAS,NO_TRABAJA,HOGAR_SIN_NINOS,MULTIPLE,NINGUNO,NORMAL,3–3.99,3–3.99,3–3.99,3–3.99
198,Recursos propios,CON_CARGAS,Si,Diurno,Arrendada,Zona rural,Si,Si,1,No,No,Si,Con poca frecuencia,Heterosexual,Municipios Aledaños,Superior,Media,Sí,No,No étnico,MEDIO,BASICOS,VARIOS_3_MAS,NO_TRABAJA,CON_NINOS_3_MAS,COGNITIVA,BAJO,NORMAL,3–3.99,3–3.99,3–3.99,4–5
399,Recursos propios,SIN_CARGAS,Si,Diurno,Propia pagandose,Zona urbana,Si,Si,0,No,No,No,Frecuentemente,Heterosexual,Municipios Aledaños,Media,Básica,No,No,No étnico,ALTO,BASICOS,VARIOS_3_MAS,NO_TRABAJA,HOGAR_SIN_NINOS,SIN,NINGUNO,NORMAL,4–5,4–5,4–5,4–5
483,Recursos propios,SIN_CARGAS,No,Diurno,Arrendada,Zona urbana,Si,Si,0,No,No,No responde,Con poca frecuencia,Heterosexual,Comuna Norte,Media,Media,No,No,No reportado,MEDIO,SIN_RECURSOS,POCOS_1_2,NO_TRABAJA,CON_NINOS_1_2,MULTIPLE,NINGUNO,NORMAL,4–5,4–5,4–5,4–5
466,Recursos propios,SIN_CARGAS,Si,Diurno,Arrendada,Zona urbana,Si,Si,0,Si,Sí,No,Frecuentemente,Heterosexual,Comuna Centro,Básica,Superior,No,No,No étnico,MEDIO,COMPLETOS,NINGUNO,NO_TRABAJA,HOGAR_SIN_NINOS,COGNITIVA,BAJO,NORMAL,4–5,4–5,4–5,4–5
268,Beca,SIN_CARGAS,No,Diurno,Arrendada,Zona rural,Si,Si,0,Si,No,No,Con poca frecuencia,No responde,Municipios Aledaños,Básica,Básica,No,No,No étnico,MEDIO,BASICOS,NINGUNO,NO_TRABAJA,HOGAR_SIN_NINOS,COGNITIVA,NINGUNO,BAJO_PESO,3–3.99,3–3.99,3–3.99,3–3.99
76,Crédito,SIN_CARGAS,Si,Diurno,Arrendada,Zona urbana,Si,Si,0,Si,No,No,Casi nunca,Heterosexual,Comuna Norte,Básica,Media,No,No,No étnico,BAJO,COMPLETOS,POCOS_1_2,NO_TRABAJA,CON_NINOS_1_2,COGNITIVA,NINGUNO,NORMAL,3–3.99,4–5,3–3.99,4–5
64,Beca,SIN_CARGAS,Si,Diurno,Propia pagada,Zona rural,Si,Si,0,No,No,No,Con poca frecuencia,No responde,Municipios Aledaños,Media,Básica,No,No,No étnico,BAJO,COMPLETOS,POCOS_1_2,NO_TRABAJA,CON_NINOS_1_2,COGNITIVA,BAJO,NORMAL,3–3.99,3–3.99,3–3.99,3–3.99
394,Recursos propios,SIN_CARGAS,No,Diurno,Propia pagada,Zona urbana,Si,No,0,Si,No,No,Con poca frecuencia,No responde,Comuna Sur Occidental,Media,Superior,No,No,No étnico,MEDIO,BASICOS,NINGUNO,NO_TRABAJA,HOGAR_SIN_NINOS,MULTIPLE,NINGUNO,NORMAL,3–3.99,3–3.99,1–1.99,1–1.99
653,Recursos propios,SIN_CARGAS,No,Diurno,Arrendada,Zona urbana,Si,Si,0,No,No,No,Con poca frecuencia,Heterosexual,Comuna Sur Occidental,Media,Media,No,No,No étnico,BAJO,COMPLETOS,POCOS_1_2,NO_TRABAJA,HOGAR_SIN_NINOS,SIN,NINGUNO,NORMAL,4–5,3–3.99,4–5,3–3.99
256,Otro / No aplica,SIN_CARGAS,No,Diurno,Arrendada,Zona urbana,No,No,0,Si,No,No,Con poca frecuencia,No responde,Comuna Occidental,Media,Media,No,No,No étnico,BAJO,COMPLETOS,POCOS_1_2,NO_TRABAJA,CON_NINOS_1_2,COGNITIVA,BAJO,NORMAL,3–3.99,3–3.99,3–3.99,3–3.99
408,Recursos propios,SIN_CARGAS,No,Diurno,Arrendada,Zona urbana,Si,Si,0,No,Sí,No responde,Frecuentemente,Heterosexual,Comuna Oriental,Media,Media,No,No,No reportado,ALTO,COMPLETOS,POCOS_1_2,NO_TRABAJA,HOGAR_SIN_NINOS,MULTIPLE,NINGUNO,NORMAL,4–5,4–5,3–3.99,4–5
214,Beca,CON_CARGAS,No,Diurno,Arrendada,Zona urbana,No,No,0,Si,No,No,Con poca frecuencia,No responde,Comuna Sur Occidental,Básica,Media,No,No,No étnico,MEDIO,COMPLETOS,VARIOS_3_MAS,NO_TRABAJA,HOGAR_SIN_NINOS,COGNITIVA,NINGUNO,SOBREPESO,3–3.99,3–3.99,3–3.99,3–3.99
670,Recursos propios,CON_CARGAS,Si,Mixto,Propia pagada,Zona urbana,Si,No,1,No,No,No,Frecuentemente,Heterosexual,Comuna Sur Occidental,Media,Media,Sí,No,No étnico,ALTO,BASICOS,POCOS_1_2,NO_TRABAJA,CON_NINOS_1_2,SIN,NINGUNO,NORMAL,Sin nota,4–5,3–3.99,3–3.99
311,Beca,SIN_CARGAS,Si,Diurno,Arrendada,Zona urbana,Si,Si,0,Si,No,No,Frecuentemente,No responde,Municipios Aledaños,Media,Media,No,No,No étnico,BAJO,BASICOS,POCOS_1_2,NO_TRABAJA,HOGAR_SIN_NINOS,COGNITIVA,BAJO,NORMAL,3–3.99,4–5,2–2.99,4–5
364,Beca,CON_CARGAS,Si,Diurno,Propia pagada,Zona rural,Si,Si,1,Si,No,No,Frecuentemente,Heterosexual,Municipios Aledaños,Media,Básica,No,No,No étnico,ALTO,BASICOS,POCOS_1_2,NO_TRABAJA,CON_NINOS_1_2,COGNITIVA,NINGUNO,NORMAL,3–3.99,4–5,3–3.99,4–5
239,Recursos propios,SIN_CARGAS,Si,Diurno,Propia pagada,Zona urbana,Si,Si,0,No,No,No,Con poca frecuencia,No responde,Municipios Aledaños,Superior,Básica,No,No,No étnico,BAJO,BASICOS,VARIOS_3_MAS,NO_TRABAJA,HOGAR_SIN_NINOS,COGNITIVA,BAJO,NORMAL,3–3.99,4–5,Sin nota,3–3.99
435,Recursos propios,SIN_CARGAS,No,Diurno,Arrendada,Zona urbana,Si,No,0,No,No,No,Con poca frecuencia,Heterosexual,Comuna Sur Occidental,Media,Media,No,No,No étnico,ALTO,COMPLETOS,POCOS_1_2,NO_TRABAJA,CON_NINOS_1_2,SIN,NINGUNO,NORMAL,3–3.99,4–5,3–3.99,4–5
723,Recursos propios,SIN_CARGAS,No,Mixto,Propia pagandose,Zona urbana,Si,No,0,No,No,No responde,Frecuentemente,Heterosexual,Comuna Norte,Media,Media,No,No,No reportado,MEDIO,BASICOS,POCOS_1_2,NO_TRABAJA,HOGAR_SIN_NINOS,MULTIPLE,NINGUNO,NORMAL,Sin nota,4–5,3–3.99,3–3.99
234,Recursos propios,SIN_CARGAS,Si,Diurno,Arrendada,Zona urbana,Si,Si,0,No,No,No,Con poca frecuencia,No responde,Municipios Aledaños,Media,Media,No,No,No étnico,BAJO,COMPLETOS,VARIOS_3_MAS,NO_TRABAJA,HOGAR_SIN_NINOS,COGNITIVA,BAJO,SOBREPESO,2–2.99,4–5,3–3.99,4–5
16,Crédito,SIN_CARGAS,Si,Nocturno,Arrendada,Zona urbana,Si,No,0,No,No,No,Con poca frecuencia,Heterosexual,Comuna Sur Oriental,Media,Básica,Sí,No,No étnico,BAJO,BASICOS,POCOS_1_2,NO_TRABAJA,HOGAR_SIN_NINOS,COGNITIVA,NINGUNO,NORMAL,3–3.99,3–3.99,3–3.99,3–3.99
742,Recursos propios,SIN_CARGAS,Si,Mixto,Arrendada,Zona urbana,Si,Si,0,Si,Sí,No,Con poca frecuencia,Heterosexual,Comuna Sur Occidental,Media,Media,No,No,No étnico,MEDIO,COMPLETOS,POCOS_1_2,NO_TRABAJA,HOGAR_SIN_NINOS,SIN,NINGUNO,NORMAL,Sin nota,4–5,3–3.99,4–5
206,Otro / No aplica,CON_CARGAS,Si,Mixto,Arrendada,Zona urbana,Si,No,1,No,No,No responde,Con poca frecuencia,No responde,Comuna Sur Occidental,Media,Media,No,No,No étnico,BAJO,COMPLETOS,NINGUNO,PARCIAL_1_20,HOGAR_SIN_NINOS,COGNITIVA,BAJO,NORMAL,3–3.99,3–3.99,3–3.99,4–5
627,Recursos propios,SIN_CARGAS,No,Nocturno,Propia pagada,Zona urbana,Si,Si,0,No,Sí,No,Nunca,Heterosexual,Municipios Aledaños,Media,Media,No,No,No étnico,ALTO,COMPLETOS,POCOS_1_2,ALTA_>20,HOGAR_SIN_NINOS,SIN,NINGUNO,NORMAL,3–3.99,3–3.99,3–3.99,3–3.99
506,Otro / No aplica,SIN_CARGAS,Si,Diurno,Arrendada,Zona rural,Si,Si,0,No,No,No,Nunca,Heterosexual,Municipios Aledaños,Media,Media,No,No,No étnico,MEDIO,BASICOS,POCOS_1_2,NO_TRABAJA,CON_NINOS_1_2,SIN,NINGUNO,NORMAL,4–5,4–5,4–5,4–5
265,Beca,CON_CARGAS,Si,Diurno,Propia pagada,Zona rural,Si,Si,0,No,No,No,Frecuentemente,Heterosexual,Comuna Oriental,Media,Básica,Sí,No,No étnico,MEDIO,BASICOS,POCOS_1_2,NO_TRABAJA,HOGAR_SIN_NINOS,COGNITIVA,NINGUNO,BAJO_PESO,4–5,4–5,4–5,4–5
489,Recursos propios,SIN_CARGAS,Si,Diurno,Arrendada,Zona urbana,Si,No,0,Si,Sí,No,Con poca frecuencia,Heterosexual,Comuna Centro,Media,Superior,No,No,No étnico,BAJO,BASICOS,VARIOS_3_MAS,NO_TRABAJA,CON_NINOS_1_2,SIN,NINGUNO,NORMAL,4–5,4–5,4–5,4–5
623,Otro / No aplica,SIN_CARGAS,Si,Mixto,Arrendada,Zona urbana,Si,Si,0,Si,Sí,No,Con poca frecuencia,Heterosexual,Comuna Sur Occidental,Básica,Superior,No,No,No étnico,MEDIO,BASICOS,POCOS_1_2,NO_TRABAJA,HOGAR_SIN_NINOS,SIN,NINGUNO,SOBREPESO,3–3.99,4–5,4–5,4–5
285,Recursos propios,SIN_CARGAS,Si,Diurno,Arrendada,Zona urbana,No,No,0,Si,No,No,Frecuentemente,Heterosexual,Comuna Oriental,Media,Media,No,No,No étnico,MEDIO,COMPLETOS,VARIOS_3_MAS,ALTA_>20,HOGAR_SIN_NINOS,COGNITIVA,NINGUNO,NORMAL,3–3.99,3–3.99,3–3.99,4–5
217,Beca,SIN_CARGAS,No,Diurno,Propia pagandose,Zona urbana,Si,Si,0,No,No,No,Con poca frecuencia,No responde,Comuna Centro,Media,Media,No,No,No étnico,BAJO,COMPLETOS,VARIOS_3_MAS,NO_TRABAJA,HOGAR_SIN_NINOS,COGNITIVA,NINGUNO,OBESIDAD,3–3.99,3–3.99,4–5,4–5
692,Recursos propios,CON_CARGAS,Si,Diurno,Arrendada,Zona urbana,Si,Si,0,Si,Sí,No,Nunca,Heterosexual,Comuna Occidental,Media,Básica,Sí,No,No étnico,BAJO,BASICOS,VARIOS_3_MAS,NO_TRABAJA,CON_NINOS_1_2,SIN,BAJO,NORMAL,Sin nota,4–5,3–3.99,3–3.99
327,Recursos propios,CON_CARGAS,No,Diurno,Propia pagandose,Zona urbana,Si,Si,0,No,No,No,Casi nunca,Heterosexual,Comuna Sur Oriental,Media,Superior,No,No,No étnico,MEDIO,COMPLETOS,POCOS_1_2,NO_TRABAJA,CON_NINOS_1_2,COGNITIVA,NINGUNO,NORMAL,3–3.99,3–3.99,3–3.99,3–3.99
419,Recursos propios,SIN_CARGAS,No,Diurno,Arrendada,Zona urbana,Si,No,0,No,No,No,Con poca frecuencia,Heterosexual,Comuna Sur Occidental,Media,Media,No,No,No étnico,ALTO,COMPLETOS,VARIOS_3_MAS,ALTA_>20,HOGAR_SIN_NINOS,SIN,BAJO,SOBREPESO,4–5,4–5,4–5,4–5
183,Recursos propios,SIN_CARGAS,Si,Mixto,Arrendada,Zona urbana,Si,No,0,Si,No,Si,Casi nunca,Heterosexual,Comuna Sur Oriental,Básica,Básica,No,No,No étnico,ALTO,BASICOS,VARIOS_3_MAS,ALTA_>20,CON_NINOS_3_MAS,COGNITIVA,BAJO,NORMAL,3–3.99,3–3.99,3–3.99,3–3.99
71,Beca,CON_CARGAS,Si,Diurno,Arrendada,Zona urbana,Si,Si,2,Si,No,No,Con poca frecuencia,Heterosexual,Comuna Sur Occidental,Superior,Superior,No,No,No étnico,BAJO,COMPLETOS,VARIOS_3_MAS,NO_TRABAJA,CON_NINOS_1_2,COGNITIVA,NINGUNO,SOBREPESO,4–5,3–3.99,3–3.99,4–5
240,Otro / No aplica,CON_CARGAS,Si,Diurno,Arrendada,Zona urbana,Si,No,0,No,No,No,Con poca frecuencia,Heterosexual,Comuna Centro,Superior,Superior,No,No,No étnico,ALTO,COMPLETOS,VARIOS_3_MAS,NO_TRABAJA,HOGAR_SIN_NINOS,COGNITIVA,BAJO,NORMAL,4–5,4–5,4–5,4–5
310,Recursos propios,SIN_CARGAS,Si,Diurno,Arrendada,Zona urbana,Si,No,0,No,No,No,Con poca frecuencia,Heterosexual,Comuna Sur Occidental,Superior,Superior,No,No,No étnico,MEDIO,COMPLETOS,POCOS_1_2,NO_TRABAJA,HOGAR_SIN_NINOS,COGNITIVA,NINGUNO,NORMAL,3–3.99,4–5,4–5,4–5
273,Recursos propios,SIN_CARGAS,No,Diurno,Arrendada,Zona urbana,Si,No,0,No,No,No,Frecuentemente,No responde,Comuna Oriental,Media,Media,Sí,No,No étnico,BAJO,COMPLETOS,POCOS_1_2,NO_TRABAJA,CON_NINOS_1_2,MULTIPLE,NINGUNO,NORMAL,4–5,4–5,3–3.99,4–5
98,Recursos propios,SIN_CARGAS,Si,Diurno,Arrendada,Zona urbana,Si,Si,0,No,No,Si,Con poca frecuencia,Heterosexual,Comuna Centro,Media,Superior,Sí,No,No étnico,MEDIO,COMPLETOS,POCOS_1_2,NO_TRABAJA,CON_NINOS_1_2,COGNITIVA,BAJO,NORMAL,3–3.99,4–5,4–5,4–5
400,Recursos propios,SIN_CARGAS,No,Mixto,Arrendada,Zona urbana,Si,Si,0,No,Sí,No,Con poca frecuencia,No responde,Comuna Occidental,Media,Media,No,No,No étnico,BAJO,BASICOS,VARIOS_3_MAS,NO_TRABAJA,SOLO_SIN_NINOS,SIN,BAJO,NORMAL,4–5,4–5,4–5,4–5
741,Otro / No aplica,SIN_CARGAS,No,Diurno,Arrendada,Zona urbana,Si,Si,0,Si,No,No,Con poca frecuencia,Heterosexual,Comuna Sur Occidental,Media,Media,No,No,No étnico,BAJO,BASICOS,NINGUNO,NO_TRABAJA,HOGAR_SIN_NINOS,SIN,NINGUNO,NORMAL,Sin nota,4–5,4–5,4–5
685,Recursos propios,SIN_CARGAS,No,Diurno,Propia pagada,Zona rural,Si,Si,0,No,No,No,Casi nunca,Heterosexual,Municipios Aledaños,Media,Media,No,No,No étnico,MEDIO,BASICOS,POCOS_1_2,NO_TRABAJA,HOGAR_SIN_NINOS,SIN,NINGUNO,NORMAL,Sin nota,4–5,4–5,3–3.99
342,Recursos propios,SIN_CARGAS,No,Diurno,Arrendada,Zona urbana,Si,No,0,No,No,No,Con poca frecuencia,Heterosexual,Comuna Occidental,Media,Superior,No,No,No étnico,MEDIO,COMPLETOS,POCOS_1_2,NO_TRABAJA,HOGAR_SIN_NINOS,COGNITIVA,NINGUNO,NORMAL,3–3.99,3–3.99,4–5,3–3.99
580,Recursos propios,CON_CARGAS,Si,Diurno,Propia pagada,Zona rural,Si,Si,0,Si,Sí,No,Con poca frecuencia,No responde,Comuna Oriental,Básica,Media,No,No,No étnico,MEDIO,BASICOS,VARIOS_3_MAS,PARCIAL_1_20,CON_NINOS_1_2,SIN,NINGUNO,NORMAL,Sin nota,4–5,4–5,4–5
643,Otro / No aplica,SIN_CARGAS,No,Mixto,Arrendada,Zona urbana,Si,Si,0,No,No,No,Casi nunca,Heterosexual,Comuna Norte,Básica,Básica,No,No,No étnico,ALTO,BASICOS,POCOS_1_2,NO_TRABAJA,SOLO_SIN_NINOS,SIN,NINGUNO,BAJO_PESO,4–5,4–5,4–5,4–5
498,Recursos propios,SIN_CARGAS,Si,Diurno,Propia pagada,Zona urbana,Si,Si,0,Si,Sí,No,Casi nunca,Heterosexual,Comuna Centro,Básica,Básica,No,No,No étnico,MEDIO,BASICOS,VARIOS_3_MAS,NO_TRABAJA,HOGAR_SIN_NINOS,SIN,ALTO,NORMAL,3–3.99,4–5,4–5,4–5
362,Recursos propios,SIN_CARGAS,Si,Mixto,Arrendada,Zona urbana,Si,Si,0,No,No,No,Casi nunca,No responde,Comuna Norte,Media,Media,No,No,No étnico,MEDIO,BASICOS,POCOS_1_2,PARCIAL_1_20,HOGAR_SIN_NINOS,COGNITIVA,NINGUNO,SOBREPESO,3–3.99,3–3.99,Sin nota,3–3.99
424,Recursos propios,CON_CARGAS,Si,Diurno,Arrendada,Zona urbana,Si,Si,1,No,No,No,Con poca frecuencia,No responde,Comuna Norte,Media,Media,Sí,No,No étnico,BAJO,BASICOS,POCOS_1_2,NO_TRABAJA,CON_NINOS_1_2,COGNITIVA,NINGUNO,NORMAL,3–3.99,3–3.99,4–5,3–3.99
322,Otro / No aplica,SIN_CARGAS,Si,Diurno,Arrendada,Zona urbana,Si,Si,0,No,No,No,Frecuentemente,Heterosexual,Comuna Norte,Media,Media,No,No,No étnico,BAJO,BASICOS,POCOS_1_2,NO_TRABAJA,HOGAR_SIN_NINOS,COGNITIVA,MODERADO,NORMAL,3–3.99,3–3.99,3–3.99,3–3.99
315,Recursos propios,SIN_CARGAS,Si,Diurno,Arrendada,Zona urbana,Si,No,0,No,No,No,Casi nunca,No responde,Comuna Oriental,Media,Media,No,No,No étnico,ALTO,COMPLETOS,VARIOS_3_MAS,NO_TRABAJA,HOGAR_SIN_NINOS,COGNITIVA,NINGUNO,NORMAL,3–3.99,3–3.99,3–3.99,3–3.99
54,Recursos propios,SIN_CARGAS,No,Diurno,Propia pagandose,Zona urbana,Si,No,0,Si,No,No,Casi nunca,No responde,Comuna Sur Occidental,Superior,Superior,Sí,No,No étnico,MEDIO,COMPLETOS,POCOS_1_2,NO_TRABAJA,HOGAR_SIN_NINOS,COGNITIVA,NINGUNO,NORMAL,2–2.99,2–2.99,3–3.99,3–3.99
135,Beca,SIN_CARGAS,No,Diurno,Arrendada,Zona urbana,Si,No,0,Si,No,No,Frecuentemente,Heterosexual,Comuna Norte,Media,Media,No,No,No étnico,ALTO,COMPLETOS,POCOS_1_2,NO_TRABAJA,HOGAR_SIN_NINOS,COGNITIVA,NINGUNO,BAJO_PESO,3–3.99,3–3.99,4–5,4–5
463,Recursos propios,SIN_CARGAS,No,Diurno,Propia pagada,Zona urbana,Si,Si,0,Si,No,No,Con poca frecuencia,Heterosexual,Comuna Centro,Media,Media,No,No,No étnico,MEDIO,BASICOS,NINGUNO,NO_TRABAJA,HOGAR_SIN_NINOS,SIN,NINGUNO,NORMAL,3–3.99,3–3.99,4–5,4–5
546,Recursos propios,SIN_CARGAS,No,Diurno,Arrendada,Zona urbana,Si,Si,0,No,Sí,No,Con poca frecuencia,Heterosexual,Comuna Centro,Media,Básica,No,No,No étnico,ALTO,BASICOS,POCOS_1_2,NO_TRABAJA,HOGAR_SIN_NINOS,SIN,NINGUNO,NORMAL,3–3.99,4–5,4–5,3–3.99
142,Beca,SIN_CARGAS,Si,Diurno,Propia pagada,Zona urbana,Si,No,0,Si,No,No,Con poca frecuencia,No responde,Comuna Norte,Media,Media,No,No,No étnico,MEDIO,COMPLETOS,POCOS_1_2,NO_TRABAJA,CON_NINOS_1_2,COGNITIVA,BAJO,NORMAL,3–3.99,3–3.99,3–3.99,3–3.99
680,Recursos propios,SIN_CARGAS,No,Diurno,Arrendada,Zona urbana,Si,Si,0,No,No,No,Casi nunca,Heterosexual,Comuna Sur Oriental,Media,Media,No,No,No étnico,BAJO,BASICOS,POCOS_1_2,NO_TRABAJA,HOGAR_SIN_NINOS,SIN,NINGUNO,NORMAL,Sin nota,3–3.99,3–3.99,4–5
587,Recursos propios,SIN_CARGAS,No,Diurno,Arrendada,Zona urbana,Si,Si,0,Si,Sí,No,Con poca frecuencia,Heterosexual,Comuna Centro,Media,Superior,No,No,No étnico,MEDIO,BASICOS,NINGUNO,NO_TRABAJA,HOGAR_SIN_NINOS,SIN,NINGUNO,NORMAL,3–3.99,4–5,3–3.99,3–3.99
377,Recursos propios,SIN_CARGAS,No,Diurno,Arrendada,Zona urbana,Si,No,0,No,Sí,No,Con poca frecuencia,Heterosexual,Comuna Sur Occidental,Superior,Superior,Sí,No,No étnico,ALTO,COMPLETOS,NINGUNO,NO_TRABAJA,HOGAR_SIN_NINOS,MULTIPLE,NINGUNO,NORMAL,3–3.99,3–3.99,3–3.99,3–3.99
639,Recursos propios,SIN_CARGAS,No,Mixto,Arrendada,Zona urbana,Si,No,0,No,No,No responde,Frecuentemente,Heterosexual,Comuna Oriental,Superior,Superior,No,No,No reportado,ALTO,BASICOS,VARIOS_3_MAS,NO_TRABAJA,CON_NINOS_1_2,MULTIPLE,NINGUNO,BAJO_PESO,4–5,4–5,4–5,4–5
103,Beca,SIN_CARGAS,No,Diurno,Arrendada,Zona urbana,Si,Si,0,Si,No,No,Frecuentemente,Heterosexual,Comuna Oriental,Superior,Superior,No,No,No étnico,MEDIO,COMPLETOS,VARIOS_3_MAS,NO_TRABAJA,HOGAR_SIN_NINOS,COGNITIVA,NINGUNO,SOBREPESO,3–3.99,3–3.99,3–3.99,3–3.99
46,Recursos propios,SIN_CARGAS,Si,Diurno,Arrendada,Zona urbana,Si,No,0,No,No,No responde,Con poca frecuencia,No responde,Comuna Centro,Superior,Básica,No,No,No reportado,BAJO,BASICOS,POCOS_1_2,NO_TRABAJA,CON_NINOS_1_2,MULTIPLE,NINGUNO,BAJO_PESO,4–5,4–5,3–3.99,4–5
286,Beca,SIN_CARGAS,No,Diurno,Arrendada,Zona urbana,Si,Si,0,No,Sí,No,Frecuentemente,Heterosexual,Comuna Norte,Media,Media,No,No,No étnico,ALTO,BASICOS,VARIOS_3_MAS,NO_TRABAJA,CON_NINOS_1_2,COGNITIVA,NINGUNO,NORMAL,3–3.99,3–3.99,4–5,3–3.99
750,Beca,CON_CARGAS,Si,Diurno,Propia pagada,Zona rural,Si,Si,0,No,No,No,Con poca frecuencia,No responde,Comuna Occidental,Básica,Básica,No,No,No étnico,BAJO,BASICOS,POCOS_1_2,PARCIAL_1_20,HOGAR_SIN_NINOS,SIN,NINGUNO,BAJO_PESO,Sin nota,4–5,3–3.99,4–5
738,Recursos propios,SIN_CARGAS,No,Diurno,Propia pagada,Zona urbana,Si,Si,0,Si,No,No,Nunca,Heterosexual,Sin agrupar,Media,Básica,No,No,No étnico,MEDIO,COMPLETOS,POCOS_1_2,NO_TRABAJA,HOGAR_SIN_NINOS,SIN,NINGUNO,NORMAL,Sin nota,4–5,3–3.99,4–5
423,Otro / No aplica,CON_CARGAS,No,Diurno,Arrendada,Zona urbana,Si,Si,0,No,No,No,Con poca frecuencia,Heterosexual,Comuna Centro,Media,Media,No,No,No étnico,ALTO,COMPLETOS,POCOS_1_2,NO_TRABAJA,HOGAR_SIN_NINOS,SIN,NINGUNO,NORMAL,4–5,4–5,4–5,4–5
174,Recursos propios,SIN_CARGAS,Si,Diurno,Arrendada,Zona urbana,Si,Si,0,Si,Sí,No,Casi nunca,Heterosexual,Comuna Occidental,Media,Superior,No,No,No étnico,ALTO,COMPLETOS,POCOS_1_2,ALTA_>20,SOLO_SIN_NINOS,COGNITIVA,NINGUNO,NORMAL,3–3.99,4–5,3–3.99,3–3.99
241,Recursos propios,SIN_CARGAS,Si,Diurno,Arrendada,Zona rural,No,Si,0,No,No,No,Casi nunca,No responde,Municipios Aledaños,Básica,Básica,No,No,No étnico,ALTO,BASICOS,VARIOS_3_MAS,NO_TRABAJA,SOLO_SIN_NINOS,COGNITIVA,NINGUNO,NORMAL,3–3.99,4–5,3–3.99,3–3.99
325,Recursos propios,CON_CARGAS,No,Diurno,Arrendada,Zona urbana,Si,No,1,Si,No,No,Casi nunca,Heterosexual,Comuna Oriental,Superior,Superior,No,No,No étnico,BAJO,BASICOS,VARIOS_3_MAS,NO_TRABAJA,HOGAR_SIN_NINOS,COGNITIVA,NINGUNO,SOBREPESO,3–3.99,4–5,4–5,4–5
411,Beca,CON_CARGAS,No,Diurno,Arrendada,Zona urbana,No,Si,0,No,No,No,Frecuentemente,Heterosexual,Municipios Aledaños,Básica,Básica,Sí,No,No étnico,ALTO,COMPLETOS,VARIOS_3_MAS,NO_TRABAJA,HOGAR_SIN_NINOS,SIN,NINGUNO,NORMAL,4–5,4–5,4–5,4–5
379,Beca,SIN_CARGAS,No,Diurno,Propia pagada,Zona urbana,Si,No,0,No,No,No,Con poca frecuencia,No responde,Comuna Sur Occidental,Media,Media,Sí,Sí,Étnico,BAJO,BASICOS,VARIOS_3_MAS,NO_TRABAJA,CON_NINOS_3_MAS,COGNITIVA,NINGUNO,NORMAL,4–5,3–3.99,Sin nota,2–2.99
332,Recursos propios,CON_CARGAS,No,Diurno,Propia pagada,Zona urbana,Si,Si,0,No,No,No,Frecuentemente,No responde,Comuna Centro,Media,Media,No,No,No étnico,ALTO,BASICOS,POCOS_1_2,NO_TRABAJA,HOGAR_SIN_NINOS,COGNITIVA,NINGUNO,NORMAL,3–3.99,3–3.99,3–3.99,4–5
413,Beca,CON_CARGAS,No,Diurno,Arrendada,Zona urbana,Si,Si,0,Si,No,No,Con poca frecuencia,Heterosexual,Comuna Oriental,Media,Media,No,No,No étnico,ALTO,BASICOS,VARIOS_3_MAS,NO_TRABAJA,HOGAR_SIN_NINOS,SIN,NINGUNO,NORMAL,3–3.99,3–3.99,2–2.99,3–3.99
459,Otro / No aplica,SIN_CARGAS,No,Diurno,Arrendada,Zona rural,Si,Si,0,No,Sí,No,Con poca frecuencia,Heterosexual,Municipios Aledaños,Media,Media,No,No,No étnico,ALTO,BASICOS,POCOS_1_2,NO_TRABAJA,CON_NINOS_1_2,SIN,NINGUNO,NORMAL,3–3.99,4–5,4–5,4–5
572,Recursos propios,SIN_CARGAS,No,Diurno,Arrendada,Zona urbana,Si,Si,0,No,No,No,Casi nunca,Heterosexual,Municipios Aledaños,Media,Media,No,No,No étnico,ALTO,COMPLETOS,POCOS_1_2,NO_TRABAJA,CON_NINOS_1_2,SIN,NINGUNO,NORMAL,4–5,4–5,4–5,4–5
279,Recursos propios,SIN_CARGAS,Si,Diurno,Propia pagada,Zona urbana,Si,Si,0,Si,No,No,Frecuentemente,Heterosexual,Comuna Sur Occidental,Media,Media,No,No,No étnico,BAJO,COMPLETOS,NINGUNO,NO_TRABAJA,HOGAR_SIN_NINOS,COGNITIVA,NINGUNO,SOBREPESO,4–5,4–5,4–5,4–5
392,Recursos propios,SIN_CARGAS,No,Diurno,Propia pagada,Zona urbana,Si,No,0,No,No,No,Frecuentemente,No responde,Comuna Occidental,Básica,Media,Sí,No,No étnico,BAJO,BASICOS,POCOS_1_2,NO_TRABAJA,HOGAR_SIN_NINOS,COGNITIVA,NINGUNO,NORMAL,1–1.99,1–1.99,Sin nota,0–0.99
585,Recursos propios,SIN_CARGAS,No,Diurno,Arrendada,Zona urbana,Si,Si,0,Si,No,No responde,Con poca frecuencia,Heterosexual,Municipios Aledaños,Básica,Superior,No,No,No reportado,ALTO,BASICOS,POCOS_1_2,NO_TRABAJA,CON_NINOS_1_2,MULTIPLE,NINGUNO,NORMAL,3–3.99,4–5,4–5,3–3.99
366,Recursos propios,SIN_CARGAS,No,Diurno,Arrendada,Zona urbana,Si,No,0,Si,No,No,Con poca frecuencia,Heterosexual,Municipios Aledaños,Media,Superior,No,No,No étnico,BAJO,COMPLETOS,VARIOS_3_MAS,NO_TRABAJA,CON_NINOS_1_2,COGNITIVA,NINGUNO,NORMAL,3–3.99,4–5,4–5,3–3.99
571,Recursos propios,SIN_CARGAS,Si,Diurno,Arrendada,Zona urbana,Si,Si,0,No,No,No,Con poca frecuencia,Heterosexual,Comuna Oriental,Básica,Media,Sí,No,No étnico,MEDIO,BASICOS,POCOS_1_2,NO_TRABAJA,CON_NINOS_1_2,SIN,NINGUNO,BAJO_PESO,4–5,4–5,4–5,4–5
518,Recursos propios,SIN_CARGAS,No,Diurno,Arrendada,Zona urbana,Si,Si,0,No,Sí,No,Casi nunca,Heterosexual,Comuna Norte,Media,Media,No,No,No étnico,MEDIO,COMPLETOS,POCOS_1_2,NO_TRABAJA,HOGAR_SIN_NINOS,SIN,NINGUNO,NORMAL,3–3.99,4–5,3–3.99,4–5
485,Recursos propios,SIN_CARGAS,No,Diurno,Arrendada,Zona urbana,Si,Si,0,No,No,No,Con poca frecuencia,Heterosexual,Comuna Sur Occidental,Superior,Media,No,No,No étnico,BAJO,COMPLETOS,NINGUNO,NO_TRABAJA,SOLO_SIN_NINOS,SIN,NINGUNO,NORMAL,4–5,4–5,4–5,4–5
721,Recursos propios,SIN_CARGAS,No,Diurno,Arrendada,Zona urbana,Si,Si,0,Si,No,No,Con poca frecuencia,Heterosexual,Municipios Aledaños,Superior,Superior,No,No,No étnico,ALTO,COMPLETOS,NINGUNO,NO_TRABAJA,HOGAR_SIN_NINOS,SIN,NINGUNO,BAJO_PESO,Sin nota,4–5,3–3.99,3–3.99
267,Recursos propios,SIN_CARGAS,No,Diurno,Arrendada,Zona urbana,Si,No,0,Si,No,No,Con poca frecuencia,Heterosexual,Comuna Oriental,Media,Superior,Sí,No,No étnico,BAJO,COMPLETOS,POCOS_1_2,NO_TRABAJA,CON_NINOS_1_2,COGNITIVA,BAJO,SOBREPESO,3–3.99,3–3.99,3–3.99,3–3.99
176,Recursos propios,SIN_CARGAS,No,Diurno,Arrendada,Zona urbana,No,No,0,No,No,No responde,Frecuentemente,No responde,Comuna Occidental,Superior,Superior,No,No,No reportado,MEDIO,COMPLETOS,VARIOS_3_MAS,NO_TRABAJA,SOLO_SIN_NINOS,MULTIPLE,BAJO,NORMAL,3–3.99,3–3.99,2–2.99,3–3.99
644,Otro / No aplica,SIN_CARGAS,No,Diurno,Arrendada,Zona urbana,No,Si,0,No,No,No,Nunca,Heterosexual,Comuna Norte,Básica,Media,No,No,No étnico,MEDIO,BASICOS,POCOS_1_2,NO_TRABAJA,SOLO_SIN_NINOS,SIN,NINGUNO,SOBREPESO,4–5,4–5,4–5,3–3.99
106,Beca,SIN_CARGAS,Si,Diurno,Propia pagandose,Zona urbana,Si,Si,0,Si,No,No,Con poca frecuencia,Heterosexual,Municipios Aledaños,Media,Media,No,No,No étnico,MEDIO,COMPLETOS,NINGUNO,NO_TRABAJA,HOGAR_SIN_NINOS,COGNITIVA,NINGUNO,NORMAL,3–3.99,4–5,3–3.99,4–5
676,Recursos propios,SIN_CARGAS,No,Mixto,Propia pagada,Zona urbana,Si,Si,0,Si,Sí,No,Con poca frecuencia,Heterosexual,Comuna Oriental,Media,Media,No,No,No étnico,MEDIO,COMPLETOS,NINGUNO,NO_TRABAJA,HOGAR_SIN_NINOS,SIN,NINGUNO,NORMAL,2–2.99,4–5,4–5,3–3.99
195,Recursos propios,SIN_CARGAS,No,Diurno,Arrendada,Zona urbana,Si,No,0,No,No,No responde,Casi nunca,No responde,Comuna Occidental,Media,Superior,No,No,No étnico,BAJO,COMPLETOS,VARIOS_3_MAS,NO_TRABAJA,HOGAR_SIN_NINOS,COGNITIVA,NINGUNO,NORMAL,3–3.99,3–3.99,4–5,3–3.99
281,Beca,SIN_CARGAS,No,Diurno,Arrendada,Zona urbana,Si,Si,0,No,No,No,Con poca frecuencia,Heterosexual,Comuna Sur Oriental,Básica,Básica,No,No,No étnico,ALTO,COMPLETOS,POCOS_1_2,NO_TRABAJA,HOGAR_SIN_NINOS,COGNITIVA,NINGUNO,NORMAL,4–5,4–5,4–5,4–5
715,Recursos propios,CON_CARGAS,No,Mixto,Arrendada,Zona urbana,Si,Si,0,No,No,No,Nunca,Heterosexual,Sin agrupar,Media,Superior,Sí,No,No étnico,ALTO,COMPLETOS,POCOS_1_2,ALTA_>20,HOGAR_SIN_NINOS,SIN,NINGUNO,BAJO_PESO,Sin nota,3–3.99,3–3.99,4–5
752,Recursos propios,SIN_CARGAS,No,Diurno,Propia pagandose,Zona urbana,Si,Si,0,No,No,No,Con poca frecuencia,Heterosexual,Comuna Norte,Media,Media,No,No,No étnico,MEDIO,BASICOS,POCOS_1_2,NO_TRABAJA,HOGAR_SIN_NINOS,SIN,NINGUNO,NORMAL,Sin nota,4–5,4–5,4–5
220,Recursos propios,SIN_CARGAS,Si,Diurno,Arrendada,Zona urbana,Si,Si,0,No,No,No responde,Frecuentemente,No responde,Comuna Sur Oriental,Básica,Básica,No,No,No étnico,BAJO,COMPLETOS,POCOS_1_2,NO_TRABAJA,CON_NINOS_1_2,COGNITIVA,NINGUNO,NORMAL,4–5,4–5,4–5,4–5
531,Otro / No aplica,SIN_CARGAS,No,Diurno,Propia pagada,Zona urbana,Si,Si,0,No,No,No,Frecuentemente,Heterosexual,Municipios Aledaños,Básica,Media,No,No,No étnico,ALTO,COMPLETOS,POCOS_1_2,NO_TRABAJA,HOGAR_SIN_NINOS,SIN,NINGUNO,NORMAL,4–5,4–5,4–5,4–5
289,Beca,SIN_CARGAS,Si,Mixto,Arrendada,Zona urbana,Si,No,0,No,No,No responde,Con poca frecuencia,Heterosexual,Municipios Aledaños,Básica,Media,No,No,No étnico,ALTO,COMPLETOS,POCOS_1_2,NO_TRABAJA,HOGAR_SIN_NINOS,COGNITIVA,NINGUNO,NORMAL,3–3.99,4–5,3–3.99,3–3.99
233,Beca,SIN_CARGAS,Si,Diurno,Propia pagada,Zona urbana,Si,Si,0,No,No,No,Casi nunca,Heterosexual,Comuna Occidental,Superior,Media,No,No,No étnico,BAJO,BASICOS,NINGUNO,NO_TRABAJA,HOGAR_SIN_NINOS,COGNITIVA,NINGUNO,SOBREPESO,3–3.99,4–5,3–3.99,4–5
118,Recursos propios,CON_CARGAS,Si,Diurno,Propia pagada,Zona urbana,Si,No,0,No,No,No,Con poca frecuencia,No responde,Comuna Occidental,Media,Media,No,No,No étnico,ALTO,COMPLETOS,POCOS_1_2,NO_TRABAJA,HOGAR_SIN_NINOS,COGNITIVA,BAJO,BAJO_PESO,3–3.99,3–3.99,3–3.99,4–5
278,Otro / No aplica,SIN_CARGAS,Si,Diurno,Arrendada,Zona urbana,No,Si,0,Si,No,No,Con poca frecuencia,Heterosexual,Comuna Sur Occidental,Media,Media,No,No,No étnico,ALTO,BASICOS,POCOS_1_2,NO_TRABAJA,CON_NINOS_1_2,MULTIPLE,BAJO,NORMAL,4–5,4–5,4–5,4–5
681,Otro / No aplica,SIN_CARGAS,No,Diurno,Arrendada,Zona urbana,Si,Si,0,Si,No,No,Con poca frecuencia,Heterosexual,Comuna Sur Occidental,Media,Media,No,Sí,Étnico,ALTO,COMPLETOS,POCOS_1_2,NO_TRABAJA,HOGAR_SIN_NINOS,SIN,NINGUNO,NORMAL,Sin nota,4–5,3–3.99,3–3.99
659,Recursos propios,SIN_CARGAS,Si,Diurno,Arrendada,Zona urbana,No,Si,0,No,No,No,Frecuentemente,Heterosexual,Comuna Norte,Media,Media,No,No,No étnico,BAJO,BASICOS,POCOS_1_2,NO_TRABAJA,HOGAR_SIN_NINOS,SIN,NINGUNO,NORMAL,4–5,4–5,4–5,4–5
355,Beca,CON_CARGAS,Si,Diurno,Arrendada,Zona rural,Si,Si,1,No,No,No responde,Con poca frecuencia,No responde,Municipios Aledaños,Básica,Básica,No,No,No étnico,MEDIO,BASICOS,VARIOS_3_MAS,PARCIAL_1_20,CON_NINOS_3_MAS,COGNITIVA,NINGUNO,NORMAL,3–3.99,3–3.99,2–2.99,3–3.99
511,Crédito,CON_CARGAS,No,Diurno,Propia pagada,Zona rural,Si,No,0,No,Sí,No responde,Con poca frecuencia,Heterosexual,Municipios Aledaños,Media,Media,No,No,No reportado,MEDIO,COMPLETOS,VARIOS_3_MAS,NO_TRABAJA,HOGAR_SIN_NINOS,MULTIPLE,BAJO,NORMAL,4–5,4–5,4–5,4–5
296,Otro / No aplica,SIN_CARGAS,Si,Diurno,Arrendada,Zona rural,Si,Si,0,Si,No,No,Con poca frecuencia,No responde,Municipios Aledaños,Básica,Media,No,No,No étnico,MEDIO,BASICOS,VARIOS_3_MAS,NO_TRABAJA,CON_NINOS_3_MAS,COGNITIVA,BAJO,NORMAL,2–2.99,3–3.99,1–1.99,1–1.99
115,Recursos propios,SIN_CARGAS,Si,Mixto,Propia pagada,Zona urbana,Si,No,0,Si,No,No,Con poca frecuencia,Heterosexual,Comuna Sur Occidental,Básica,Media,No,No,No étnico,ALTO,COMPLETOS,POCOS_1_2,NO_TRABAJA,SOLO_SIN_NINOS,COGNITIVA,NINGUNO,BAJO_PESO,3–3.99,3–3.99,4–5,4–5
470,Recursos propios,CON_CARGAS,Si,Mixto,Arrendada,Zona urbana,No,Si,1,Si,Sí,No,Frecuentemente,Heterosexual,Comuna Norte,Media,Media,Sí,No,No étnico,ALTO,BASICOS,POCOS_1_2,NO_TRABAJA,CON_NINOS_1_2,COGNITIVA,NINGUNO,SOBREPESO,4–5,4–5,4–5,4–5
671,Recursos propios,SIN_CARGAS,No,Diurno,Arrendada,Zona urbana,Si,No,0,No,No,No,Con poca frecuencia,Heterosexual,Comuna Centro,Superior,Superior,No,No,No étnico,MEDIO,COMPLETOS,POCOS_1_2,NO_TRABAJA,CON_NINOS_1_2,SIN,NINGUNO,NORMAL,Sin nota,4–5,3–3.99,3–3.99
649,Recursos propios,SIN_CARGAS,No,Diurno,Arrendada,Zona urbana,Si,Si,0,No,No,No,Con poca frecuencia,Heterosexual,Comuna Oriental,Superior,Superior,No,No,No étnico,MEDIO,COMPLETOS,POCOS_1_2,NO_TRABAJA,CON_NINOS_1_2,SIN,NINGUNO,BAJO_PESO,4–5,4–5,4–5,4–5
527,Recursos propios,SIN_CARGAS,No,Diurno,Propia pagandose,Zona urbana,Si,Si,0,No,Sí,No,Nunca,Heterosexual,Comuna Occidental,Superior,Superior,Sí,No,No étnico,MEDIO,COMPLETOS,VARIOS_3_MAS,NO_TRABAJA,SOLO_SIN_NINOS,SIN,NINGUNO,BAJO_PESO,3–3.99,4–5,4–5,3–3.99
551,Recursos propios,SIN_CARGAS,No,Diurno,Arrendada,Zona rural,Si,Si,0,No,Sí,No,Con poca frecuencia,Heterosexual,Comuna Sur Oriental,Media,Superior,No,No,No étnico,ALTO,COMPLETOS,VARIOS_3_MAS,NO_TRABAJA,HOGAR_SIN_NINOS,SIN,NINGUNO,NORMAL,3–3.99,4–5,4–5,4–5
372,Recursos propios,CON_CARGAS,No,Diurno,Propia pagada,Zona urbana,Si,Si,0,No,No,No,Con poca frecuencia,Heterosexual,Comuna Sur Occidental,Media,Media,No,No,No étnico,MEDIO,COMPLETOS,POCOS_1_2,NO_TRABAJA,HOGAR_SIN_NINOS,COGNITIVA,NINGUNO,SOBREPESO,4–5,4–5,Sin nota,4–5
621,Otro / No aplica,SIN_CARGAS,No,Diurno,Arrendada,Zona rural,Si,Si,0,No,No,No,Con poca frecuencia,Heterosexual,Municipios Aledaños,Media,Básica,Sí,No,No étnico,MEDIO,BASICOS,VARIOS_3_MAS,NO_TRABAJA,CON_NINOS_1_2,SIN,NINGUNO,BAJO_PESO,3–3.99,4–5,3–3.99,3–3.99
538,Recursos propios,SIN_CARGAS,No,Diurno,Arrendada,Zona rural,Si,No,0,Si,Sí,No,Nunca,No responde,Municipios Aledaños,Media,Media,No,No,No étnico,ALTO,COMPLETOS,POCOS_1_2,NO_TRABAJA,HOGAR_SIN_NINOS,SIN,NINGUNO,NORMAL,3–3.99,4–5,4–5,4–5
323,Recursos propios,SIN_CARGAS,No,Diurno,Propia pagada,Zona urbana,Si,Si,0,Si,No,No,Con poca frecuencia,Heterosexual,Comuna Centro,Media,Media,No,Sí,Étnico,MEDIO,COMPLETOS,POCOS_1_2,NO_TRABAJA,HOGAR_SIN_NINOS,COGNITIVA,NINGUNO,NORMAL,3–3.99,4–5,3–3.99,4–5
740,Recursos propios,SIN_CARGAS,Si,Diurno,Arrendada,Zona rural,Si,Si,0,No,Sí,No responde,Frecuentemente,Heterosexual,Municipios Aledaños,Media,Media,No,No,No reportado,MEDIO,COMPLETOS,POCOS_1_2,NO_TRABAJA,CON_NINOS_1_2,MULTIPLE,NINGUNO,BAJO_PESO,Sin nota,4–5,3–3.99,3–3.99
249,Recursos propios,SIN_CARGAS,Si,Diurno,Arrendada,Zona urbana,Si,Si,0,Si,No,No,Frecuentemente,Heterosexual,Comuna Oriental,Básica,Media,Sí,No,No étnico,ALTO,SIN_RECURSOS,NINGUNO,NO_TRABAJA,HOGAR_SIN_NINOS,COGNITIVA,NINGUNO,NORMAL,3–3.99,3–3.99,3–3.99,3–3.99
314,Otro / No aplica,SIN_CARGAS,Si,Diurno,Arrendada,Zona urbana,Si,Si,0,Si,No,No,Con poca frecuencia,Heterosexual,Comuna Occidental,Superior,Media,No,No,No étnico,BAJO,COMPLETOS,VARIOS_3_MAS,NO_TRABAJA,HOGAR_SIN_NINOS,COGNITIVA,NINGUNO,NORMAL,3–3.99,4–5,3–3.99,4–5
196,Recursos propios,SIN_CARGAS,No,Diurno,Propia pagandose,Zona urbana,Si,No,0,No,No,No,Con poca frecuencia,Heterosexual,Comuna Sur Oriental,Superior,Superior,No,No,No étnico,BAJO,COMPLETOS,POCOS_1_2,NO_TRABAJA,HOGAR_SIN_NINOS,COGNITIVA,NINGUNO,NORMAL,3–3.99,3–3.99,3–3.99,4–5
454,Crédito,SIN_CARGAS,No,Diurno,Propia pagada,Zona urbana,Si,No,0,No,No,No,Frecuentemente,Heterosexual,Bogota,Media,Media,Sí,No,No étnico,MEDIO,COMPLETOS,POCOS_1_2,NO_TRABAJA,SOLO_SIN_NINOS,SIN,NINGUNO,NORMAL,4–5,4–5,4–5,4–5
460,Recursos propios,SIN_CARGAS,No,Diurno,Arrendada,Zona urbana,Si,Si,0,No,No,No,Con poca frecuencia,Heterosexual,Comuna Oriental,Básica,Media,No,No,No étnico,BAJO,COMPLETOS,POCOS_1_2,NO_TRABAJA,CON_NINOS_1_2,SIN,NINGUNO,SOBREPESO,3–3.99,4–5,4–5,4–5
100,Beca,SIN_CARGAS,Si,Mixto,Arrendada,Zona urbana,Si,Si,0,No,No,No,Con poca frecuencia,Heterosexual,Comuna Oriental,Media,Básica,No,No,No étnico,ALTO,COMPLETOS,POCOS_1_2,NO_TRABAJA,CON_NINOS_1_2,COGNITIVA,NINGUNO,NORMAL,3–3.99,3–3.99,3–3.99,3–3.99
569,Otro / No aplica,SIN_CARGAS,No,Diurno,Arrendada,Zona urbana,Si,No,0,No,No,No,Nunca,Heterosexual,Comuna Occidental,Superior,Media,No,No,No étnico,BAJO,COMPLETOS,POCOS_1_2,NO_TRABAJA,CON_NINOS_1_2,SIN,NINGUNO,NORMAL,4–5,4–5,4–5,4–5
608,Recursos propios,SIN_CARGAS,No,Diurno,Arrendada,Zona urbana,Si,No,0,No,Sí,No,Con poca frecuencia,Heterosexual,Municipios Aledaños,Superior,Superior,Sí,No,No étnico,BAJO,BASICOS,NINGUNO,NO_TRABAJA,HOGAR_SIN_NINOS,SIN,NINGUNO,NORMAL,4–5,4–5,4–5,3–3.99
712,Recursos propios,SIN_CARGAS,No,Diurno,Propia pagada,Zona urbana,Si,No,0,Si,Sí,No,Con poca frecuencia,Heterosexual,Comuna Occidental,Superior,Superior,No,No,No étnico,BAJO,COMPLETOS,POCOS_1_2,NO_TRABAJA,HOGAR_SIN_NINOS,SIN,BAJO,NORMAL,Sin nota,4–5,3–3.99,3–3.99
660,Otro / No aplica,SIN_CARGAS,No,Diurno,Arrendada,Zona urbana,Si,Si,0,No,No,No,Con poca frecuencia,Heterosexual,Comuna Sur Occidental,Media,Media,No,No,No étnico,BAJO,SIN_RECURSOS,POCOS_1_2,NO_TRABAJA,HOGAR_SIN_NINOS,SIN,NINGUNO,NORMAL,3–3.99,4–5,4–5,4–5
440,Beca,SIN_CARGAS,No,Diurno,Arrendada,Zona urbana,Si,Si,0,Si,No,No,Frecuentemente,Heterosexual,Comuna Oriental,Superior,Media,No,No,No étnico,BAJO,COMPLETOS,VARIOS_3_MAS,NO_TRABAJA,HOGAR_SIN_NINOS,SIN,NINGUNO,NORMAL,4–5,4–5,4–5,4–5
672,Recursos propios,CON_CARGAS,No,Diurno,Arrendada,Zona urbana,Si,Si,0,No,No,No responde,Frecuentemente,No responde,Sin agrupar,Básica,Media,No,No,No reportado,ALTO,BASICOS,POCOS_1_2,NO_TRABAJA,CON_NINOS_1_2,MULTIPLE,NINGUNO,NORMAL,Sin nota,4–5,3–3.99,3–3.99
162,Recursos propios,CON_CARGAS,Si,Mixto,Propia pagada,Zona urbana,Si,Si,0,Si,No,No,Casi nunca,Heterosexual,Comuna Sur Occidental,Básica,Media,No,No,No étnico,ALTO,COMPLETOS,POCOS_1_2,PARCIAL_1_20,HOGAR_SIN_NINOS,COGNITIVA,NINGUNO,NORMAL,3–3.99,3–3.99,3–3.99,3–3.99
360,Recursos propios,SIN_CARGAS,No,Diurno,Arrendada,Zona urbana,Si,No,0,No,No,Si,Con poca frecuencia,Heterosexual,Comuna Oriental,Básica,Básica,No,No,No étnico,BAJO,COMPLETOS,NINGUNO,NO_TRABAJA,SOLO_SIN_NINOS,COGNITIVA,BAJO,SOBREPESO,2–2.99,3–3.99,2–2.99,3–3.99
36,Recursos propios,CON_CARGAS,No,Diurno,Propia pagada,Zona urbana,Si,No,0,Si,No,No responde,Con poca frecuencia,Heterosexual,Comuna Sur Occidental,Superior,Superior,No,No,No étnico,MEDIO,COMPLETOS,POCOS_1_2,NO_TRABAJA,HOGAR_SIN_NINOS,COGNITIVA,BAJO,NORMAL,3–3.99,3–3.99,4–5,4–5
684,Recursos propios,SIN_CARGAS,No,Diurno,Propia pagada,Zona rural,Si,Si,0,No,No,No,Frecuentemente,Heterosexual,Comuna Sur Oriental,Media,Media,No,No,No étnico,ALTO,COMPLETOS,POCOS_1_2,NO_TRABAJA,CON_NINOS_1_2,SIN,NINGUNO,NORMAL,Sin nota,4–5,4–5,4–5
187,Recursos propios,SIN_CARGAS,No,Diurno,Propia pagada,Zona urbana,Si,No,0,No,No,No,Con poca frecuencia,No responde,Comuna Sur Oriental,Media,Media,No,No,No étnico,BAJO,COMPLETOS,POCOS_1_2,PARCIAL_1_20,CON_NINOS_1_2,COGNITIVA,NINGUNO,SOBREPESO,2–2.99,3–3.99,3–3.99,3–3.99
144,Recursos propios,CON_CARGAS,Si,Mixto,Propia pagandose,Zona urbana,Si,No,1,No,No,No,Frecuentemente,Heterosexual,Comuna Norte,Superior,Superior,No,No,No étnico,MEDIO,BASICOS,POCOS_1_2,NO_TRABAJA,CON_NINOS_1_2,COGNITIVA,BAJO,NORMAL,3–3.99,3–3.99,3–3.99,3–3.99
155,Beca,SIN_CARGAS,Si,Diurno,Propia pagada,Zona urbana,Si,Si,0,Si,No,No,Frecuentemente,No responde,Comuna Norte,Básica,Básica,No,No,No étnico,ALTO,COMPLETOS,POCOS_1_2,NO_TRABAJA,HOGAR_SIN_NINOS,MULTIPLE,NINGUNO,NORMAL,3–3.99,4–5,4–5,4–5
500,Recursos propios,SIN_CARGAS,No,Diurno,Propia pagada,Zona rural,Si,Si,0,Si,Sí,No,Casi nunca,Heterosexual,Municipios Aledaños,Media,Media,Sí,No,No étnico,ALTO,BASICOS,POCOS_1_2,NO_TRABAJA,HOGAR_SIN_NINOS,SIN,NINGUNO,NORMAL,3–3.99,3–3.99,3–3.99,4–5
448,Recursos propios,SIN_CARGAS,No,Diurno,Propia pagada,Zona rural,Si,No,0,Si,No,No,Frecuentemente,Heterosexual,Municipios Aledaños,Superior,Superior,No,No,No étnico,BAJO,COMPLETOS,POCOS_1_2,NO_TRABAJA,CON_NINOS_1_2,SIN,NINGUNO,NORMAL,4–5,4–5,4–5,4–5
478,Recursos propios,SIN_CARGAS,No,Diurno,Arrendada,Zona rural,Si,No,0,Si,No,No,Con poca frecuencia,Heterosexual,Municipios Aledaños,Media,Media,No,No,No étnico,ALTO,COMPLETOS,NINGUNO,NO_TRABAJA,HOGAR_SIN_NINOS,SIN,NINGUNO,NORMAL,4–5,4–5,4–5,4–5
616,Otro / No aplica,SIN_CARGAS,No,Mixto,Arrendada,Zona urbana,Si,Si,0,No,Sí,No,Con poca frecuencia,Heterosexual,Comuna Centro,Media,Media,No,No,No étnico,BAJO,COMPLETOS,POCOS_1_2,NO_TRABAJA,HOGAR_SIN_NINOS,SIN,BAJO,NORMAL,4–5,4–5,4–5,3–3.99
596,Otro / No aplica,SIN_CARGAS,No,Mixto,Arrendada,Zona rural,Si,Si,0,No,No,No,Con poca frecuencia,Heterosexual,Comuna Sur Oriental,Básica,Básica,No,No,No étnico,ALTO,BASICOS,POCOS_1_2,NO_TRABAJA,HOGAR_SIN_NINOS,SIN,NINGUNO,SOBREPESO,4–5,4–5,4–5,4–5
77,Recursos propios,CON_CARGAS,Si,Diurno,Arrendada,Zona urbana,Si,No,0,Si,No,No,Nunca,Heterosexual,Comuna Sur Occidental,Media,Media,No,No,No étnico,ALTO,BASICOS,VARIOS_3_MAS,PARCIAL_1_20,CON_NINOS_1_2,COGNITIVA,NINGUNO,NORMAL,4–5,4–5,4–5,4–5
530,Recursos propios,SIN_CARGAS,No,Diurno,Arrendada,Zona urbana,Si,Si,0,Si,Sí,No,Frecuentemente,No responde,Sin agrupar,Superior,Media,No,No,No étnico,BAJO,BASICOS,POCOS_1_2,NO_TRABAJA,HOGAR_SIN_NINOS,SIN,NINGUNO,NORMAL,4–5,4–5,4–5,4–5
509,Recursos propios,SIN_CARGAS,No,Diurno,Arrendada,Zona rural,Si,Si,0,No,No,No,Frecuentemente,Heterosexual,Municipios Aledaños,Media,Media,No,No,No étnico,MEDIO,COMPLETOS,VARIOS_3_MAS,NO_TRABAJA,CON_NINOS_1_2,SIN,NINGUNO,NORMAL,4–5,4–5,4–5,4–5
729,Recursos propios,SIN_CARGAS,No,Diurno,Propia pagada,Zona urbana,Si,Si,0,Si,Sí,No,Casi nunca,Heterosexual,Comuna Sur Occidental,Media,Superior,No,No,No étnico,BAJO,COMPLETOS,VARIOS_3_MAS,NO_TRABAJA,HOGAR_SIN_NINOS,SIN,NINGUNO,NORMAL,Sin nota,4–5,4–5,3–3.99
628,Recursos propios,SIN_CARGAS,No,Nocturno,Arrendada,Zona urbana,Si,No,0,No,No,No responde,Frecuentemente,Heterosexual,Comuna Sur Occidental,Superior,Media,No,No,No reportado,BAJO,SIN_RECURSOS,VARIOS_3_MAS,NO_TRABAJA,CON_NINOS_1_2,MULTIPLE,NINGUNO,NORMAL,3–3.99,3–3.99,3–3.99,4–5
396,Recursos propios,SIN_CARGAS,Si,Diurno,Propia pagada,Zona urbana,Si,No,0,No,No,No,Nunca,No responde,Comuna Norte,Básica,Media,No,No,No étnico,ALTO,COMPLETOS,POCOS_1_2,NO_TRABAJA,HOGAR_SIN_NINOS,COGNITIVA,BAJO,NORMAL,2–2.99,3–3.99,4–5,4–5
182,Recursos propios,SIN_CARGAS,Si,Diurno,Propia pagandose,Zona urbana,Si,Si,0,No,No,No,Con poca frecuencia,Heterosexual,Comuna Oriental,Básica,Básica,No,No,No étnico,BAJO,COMPLETOS,VARIOS_3_MAS,ALTA_>20,HOGAR_SIN_NINOS,COGNITIVA,MODERADO,NORMAL,3–3.99,4–5,4–5,4–5
111,Recursos propios,SIN_CARGAS,No,Diurno,Arrendada,Zona rural,Si,Si,0,No,No,No,Frecuentemente,Heterosexual,Municipios Aledaños,Básica,Básica,No,No,No étnico,ALTO,COMPLETOS,VARIOS_3_MAS,PARCIAL_1_20,CON_NINOS_3_MAS,COGNITIVA,NINGUNO,SOBREPESO,3–3.99,3–3.99,3–3.99,3–3.99
605,Recursos propios,SIN_CARGAS,No,Diurno,Propia pagada,Zona urbana,Si,No,0,No,No,No responde,Frecuentemente,Heterosexual,Comuna Sur Occidental,Superior,Superior,No,No,No reportado,BAJO,COMPLETOS,VARIOS_3_MAS,NO_TRABAJA,CON_NINOS_1_2,MULTIPLE,NINGUNO,NORMAL,4–5,4–5,4–5,3–3.99
150,Recursos propios,CON_CARGAS,Si,Mixto,Propia pagada,Zona urbana,Si,No,1,No,No,No,Casi nunca,Heterosexual,Bogota,Media,Media,No,No,No étnico,BAJO,COMPLETOS,VARIOS_3_MAS,NO_TRABAJA,CON_NINOS_1_2,COGNITIVA,BAJO,SOBREPESO,Sin nota,3–3.99,2–2.99,0–0.99
634,Recursos propios,SIN_CARGAS,No,Diurno,Arrendada,Zona urbana,Si,Si,0,Si,No,No responde,Frecuentemente,Heterosexual,Comuna Norte,Media,Media,No,No,No reportado,MEDIO,BASICOS,POCOS_1_2,NO_TRABAJA,HOGAR_SIN_NINOS,MULTIPLE,NINGUNO,NORMAL,3–3.99,4–5,4–5,3–3.99
714,Recursos propios,SIN_CARGAS,Si,Diurno,Arrendada,Zona rural,Si,Si,0,No,No,No,Frecuentemente,Heterosexual,Municipios Aledaños,Media,Media,No,No,No étnico,BAJO,COMPLETOS,POCOS_1_2,NO_TRABAJA,CON_NINOS_1_2,SIN,NINGUNO,NORMAL,Sin nota,4–5,3–3.99,4–5
519,Recursos propios,SIN_CARGAS,No,Diurno,Arrendada,Zona urbana,Si,Si,0,No,Sí,No,Frecuentemente,Heterosexual,Comuna Oriental,Básica,Media,No,No,No étnico,ALTO,COMPLETOS,POCOS_1_2,NO_TRABAJA,HOGAR_SIN_NINOS,SIN,NINGUNO,SOBREPESO,4–5,4–5,4–5,4–5
216,Beca,SIN_CARGAS,Si,Diurno,Arrendada,Zona urbana,No,Si,0,No,No,No,Nunca,Heterosexual,Comuna Sur Oriental,Media,Superior,No,No,No étnico,BAJO,COMPLETOS,VARIOS_3_MAS,PARCIAL_1_20,CON_NINOS_1_2,COGNITIVA,NINGUNO,NORMAL,2–2.99,3–3.99,3–3.99,3–3.99
707,Recursos propios,SIN_CARGAS,Si,Diurno,Arrendada,Zona urbana,Si,Si,0,No,No,No,Casi nunca,No responde,Comuna Oriental,Superior,Superior,No,No,No étnico,MEDIO,BASICOS,NINGUNO,NO_TRABAJA,HOGAR_SIN_NINOS,SIN,NINGUNO,NORMAL,Sin nota,4–5,4–5,4–5
682,Recursos propios,SIN_CARGAS,No,Diurno,Arrendada,Zona urbana,Si,Si,-1,Si,Sí,No,Nunca,Heterosexual,Comuna Norte,Media,Media,No,No,No étnico,BAJO,COMPLETOS,POCOS_1_2,NO_TRABAJA,CON_NINOS_1_2,SIN,NINGUNO,NORMAL,Sin nota,4–5,3–3.99,3–3.99
553,Recursos propios,SIN_CARGAS,No,Diurno,Propia pagada,Zona urbana,Si,Si,0,Si,Sí,No,Con poca frecuencia,Heterosexual,Comuna Oriental,Básica,Media,No,No,No étnico,BAJO,BASICOS,POCOS_1_2,NO_TRABAJA,HOGAR_SIN_NINOS,SIN,NINGUNO,NORMAL,4–5,4–5,4–5,3–3.99
447,Recursos propios,SIN_CARGAS,No,Diurno,Propia pagada,Zona urbana,Si,Si,0,Si,No,No,Frecuentemente,No responde,Comuna Occidental,Básica,Superior,No,No,No étnico,BAJO,BASICOS,POCOS_1_2,NO_TRABAJA,HOGAR_SIN_NINOS,SIN,NINGUNO,NORMAL,4–5,4–5,4–5,4–5
406,Beca,SIN_CARGAS,No,Diurno,Propia pagada,Zona rural,Si,No,1,No,No,No,Frecuentemente,Heterosexual,Municipios Aledaños,Media,Media,No,No,No étnico,BAJO,COMPLETOS,POCOS_1_2,NO_TRABAJA,CON_NINOS_1_2,COGNITIVA,NINGUNO,NORMAL,4–5,4–5,4–5,4–5
701,Recursos propios,CON_CARGAS,No,Diurno,Propia pagada,Zona urbana,Si,No,0,Si,No,No,Nunca,Heterosexual,Comuna Norte,Media,Media,No,No,No étnico,MEDIO,COMPLETOS,POCOS_1_2,NO_TRABAJA,HOGAR_SIN_NINOS,SIN,NINGUNO,NORMAL,Sin nota,4–5,3–3.99,4–5
345,Beca,SIN_CARGAS,Si,Mixto,Arrendada,Zona urbana,No,Si,0,No,No,No,Frecuentemente,Heterosexual,Comuna Norte,Media,Media,No,No,No étnico,ALTO,COMPLETOS,VARIOS_3_MAS,NO_TRABAJA,HOGAR_SIN_NINOS,COGNITIVA,BAJO,SOBREPESO,3–3.99,3–3.99,3–3.99,3–3.99
336,Otro / No aplica,CON_CARGAS,No,Diurno,Propia pagada,Zona urbana,Si,Si,0,No,No,No,Con poca frecuencia,Heterosexual,Sin agrupar,Media,Media,No,No,No étnico,BAJO,BASICOS,POCOS_1_2,NO_TRABAJA,CON_NINOS_1_2,COGNITIVA,NINGUNO,NORMAL,3–3.99,4–5,4–5,4–5
686,Recursos propios,CON_CARGAS,Si,Diurno,Arrendada,Zona urbana,No,Si,0,No,No,No,Con poca frecuencia,Heterosexual,Sin agrupar,Básica,Media,No,No,No étnico,BAJO,BASICOS,POCOS_1_2,ALTA_>20,HOGAR_SIN_NINOS,SIN,NINGUNO,NORMAL,Sin nota,4–5,3–3.99,3–3.99
665,Recursos propios,SIN_CARGAS,Si,Diurno,Propia pagada,Zona urbana,Si,Si,0,Si,Sí,No,Con poca frecuencia,Heterosexual,Comuna Norte,Superior,Media,No,No,No étnico,BAJO,BASICOS,POCOS_1_2,NO_TRABAJA,HOGAR_SIN_NINOS,SIN,NINGUNO,NORMAL,Sin nota,4–5,4–5,4–5
731,Recursos propios,SIN_CARGAS,No,Nocturno,Propia pagada,Zona urbana,Si,No,0,Si,Sí,No,Con poca frecuencia,Heterosexual,Comuna Centro,Media,Superior,No,No,No étnico,ALTO,COMPLETOS,POCOS_1_2,NO_TRABAJA,HOGAR_SIN_NINOS,SIN,NINGUNO,NORMAL,Sin nota,4–5,4–5,3–3.99
17,Otro / No aplica,SIN_CARGAS,No,Diurno,Propia pagada,Zona urbana,Si,No,0,Si,No,No,Casi nunca,No responde,Comuna Oriental,Media,Básica,No,No,No étnico,MEDIO,COMPLETOS,VARIOS_3_MAS,PARCIAL_1_20,CON_NINOS_1_2,COGNITIVA,NINGUNO,NORMAL,3–3.99,3–3.99,3–3.99,3–3.99
41,Recursos propios,SIN_CARGAS,Si,Diurno,Arrendada,Zona urbana,No,No,0,No,No,No,Casi nunca,Heterosexual,Comuna Occidental,Media,Media,No,No,No étnico,MEDIO,COMPLETOS,VARIOS_3_MAS,ALTA_>20,SOLO_SIN_NINOS,COGNITIVA,BAJO,NORMAL,3–3.99,3–3.99,3–3.99,3–3.99
415,Beca,SIN_CARGAS,No,Diurno,Arrendada,Zona urbana,Si,Si,0,No,No,No,Frecuentemente,Heterosexual,Comuna Norte,Media,Media,No,No,No étnico,MEDIO,COMPLETOS,POCOS_1_2,ALTA_>20,SOLO_SIN_NINOS,SIN,NINGUNO,NORMAL,4–5,4–5,4–5,4–5
317,Beca,SIN_CARGAS,No,Diurno,Propia pagada,Zona urbana,Si,Si,0,No,No,No,Casi nunca,Heterosexual,Comuna Sur Occidental,Media,Media,No,No,No étnico,MEDIO,COMPLETOS,VARIOS_3_MAS,NO_TRABAJA,HOGAR_SIN_NINOS,COGNITIVA,NINGUNO,BAJO_PESO,4–5,4–5,4–5,4–5
652,Recursos propios,SIN_CARGAS,No,Mixto,Arrendada,Zona urbana,Si,Si,0,Si,No,No,Frecuentemente,Heterosexual,Comuna Occidental,Media,Media,No,No,No étnico,ALTO,BASICOS,NINGUNO,NO_TRABAJA,HOGAR_SIN_NINOS,SIN,NINGUNO,NORMAL,3–3.99,4–5,4–5,3–3.99
477,Recursos propios,SIN_CARGAS,No,Diurno,Arrendada,Zona rural,Si,Si,0,No,Sí,No,Casi nunca,Heterosexual,Municipios Aledaños,Básica,Básica,Sí,No,No étnico,MEDIO,COMPLETOS,POCOS_1_2,NO_TRABAJA,HOGAR_SIN_NINOS,SIN,NINGUNO,NORMAL,4–5,4–5,4–5,4–5
251,Beca,SIN_CARGAS,Si,Diurno,Arrendada,Zona urbana,Si,No,0,No,No,No,Frecuentemente,Heterosexual,Comuna Sur Occidental,Básica,Media,Sí,No,No étnico,MEDIO,BASICOS,VARIOS_3_MAS,NO_TRABAJA,SOLO_SIN_NINOS,COGNITIVA,NINGUNO,NORMAL,4–5,4–5,4–5,4–5
352,Otro / No aplica,SIN_CARGAS,No,Diurno,Arrendada,Zona urbana,Si,No,0,No,No,No,Nunca,Heterosexual,Comuna Norte,Media,Superior,No,No,No étnico,BAJO,COMPLETOS,NINGUNO,NO_TRABAJA,SOLO_SIN_NINOS,COGNITIVA,NINGUNO,NORMAL,3–3.99,4–5,4–5,4–5
496,Recursos propios,SIN_CARGAS,No,Diurno,Propia pagandose,Zona urbana,Si,Si,0,No,No,No,Con poca frecuencia,Heterosexual,Comuna Oriental,Media,Media,No,No,No étnico,BAJO,COMPLETOS,NINGUNO,NO_TRABAJA,SOLO_SIN_NINOS,SIN,NINGUNO,NORMAL,3–3.99,3–3.99,3–3.99,3–3.99
50,Beca,SIN_CARGAS,Si,Mixto,Arrendada,Zona urbana,No,Si,0,Si,No,No responde,Con poca frecuencia,Heterosexual,Comuna Oriental,Media,Media,No,No,No reportado,ALTO,BASICOS,VARIOS_3_MAS,NO_TRABAJA,CON_NINOS_1_2,MULTIPLE,NINGUNO,NORMAL,3–3.99,3–3.99,3–3.99,4–5
471,Otro / No aplica,SIN_CARGAS,No,Diurno,Propia pagada,Zona urbana,Si,Si,0,Si,No,No,Casi nunca,Heterosexual,Comuna Oriental,Básica,Básica,No,No,No étnico,MEDIO,COMPLETOS,POCOS_1_2,NO_TRABAJA,HOGAR_SIN_NINOS,SIN,NINGUNO,NORMAL,3–3.99,4–5,4–5,4–5
32,Beca,SIN_CARGAS,Si,Diurno,Arrendada,Zona rural,Si,Si,0,Si,No,No,Frecuentemente,Heterosexual,Municipios Aledaños,Básica,Media,No,No,No étnico,BAJO,COMPLETOS,POCOS_1_2,NO_TRABAJA,HOGAR_SIN_NINOS,COGNITIVA,NINGUNO,NORMAL,3–3.99,3–3.99,3–3.99,3–3.99
462,Recursos propios,SIN_CARGAS,No,Diurno,Arrendada,Zona rural,Si,Si,0,No,Sí,No,Con poca frecuencia,Heterosexual,Comuna Sur Occidental,Media,Media,No,No,No étnico,ALTO,COMPLETOS,POCOS_1_2,PARCIAL_1_20,CON_NINOS_1_2,SIN,NINGUNO,BAJO_PESO,4–5,4–5,4–5,4–5
287,Beca,SIN_CARGAS,No,Mixto,Arrendada,Zona urbana,Si,Si,0,No,No,No,Con poca frecuencia,Heterosexual,Comuna Norte,Básica,Básica,No,No,No étnico,ALTO,COMPLETOS,VARIOS_3_MAS,NO_TRABAJA,CON_NINOS_1_2,COGNITIVA,BAJO,NORMAL,3–3.99,3–3.99,3–3.99,3–3.99
123,Recursos propios,SIN_CARGAS,Si,Diurno,Arrendada,Zona urbana,Si,Si,0,Si,No,No,Con poca frecuencia,Heterosexual,Comuna Occidental,Superior,Media,No,No,No étnico,BAJO,COMPLETOS,VARIOS_3_MAS,NO_TRABAJA,CON_NINOS_1_2,COGNITIVA,NINGUNO,NORMAL,4–5,4–5,4–5,4–5
344,Recursos propios,SIN_CARGAS,No,Diurno,Propia pagada,Zona urbana,Si,No,0,Si,No,No,Frecuentemente,No responde,Comuna Oriental,Superior,Media,No,No,No étnico,ALTO,COMPLETOS,POCOS_1_2,NO_TRABAJA,HOGAR_SIN_NINOS,COGNITIVA,NINGUNO,SOBREPESO,2–2.99,2–2.99,3–3.99,2–2.99
513,Otro / No aplica,SIN_CARGAS,No,Mixto,Propia pagada,Zona urbana,Si,Si,0,Si,No,No,Frecuentemente,Heterosexual,Comuna Sur Occidental,Media,Media,No,No,No étnico,ALTO,COMPLETOS,POCOS_1_2,NO_TRABAJA,HOGAR_SIN_NINOS,SIN,BAJO,NORMAL,4–5,4–5,4–5,4–5
375,Recursos propios,CON_CARGAS,No,Mixto,Arrendada,Zona urbana,Si,Si,2,Si,No,No,Con poca frecuencia,Diversa,Comuna Norte,Básica,Media,No,No,No étnico,ALTO,COMPLETOS,VARIOS_3_MAS,NO_TRABAJA,HOGAR_SIN_NINOS,COGNITIVA,NINGUNO,NORMAL,3–3.99,3–3.99,3–3.99,4–5
126,Crédito,SIN_CARGAS,Si,Diurno,Propia pagada,Zona urbana,Si,No,0,Si,No,No,Con poca frecuencia,No responde,Comuna Sur Occidental,Media,Superior,No,No,No étnico,BAJO,COMPLETOS,POCOS_1_2,NO_TRABAJA,HOGAR_SIN_NINOS,COGNITIVA,NINGUNO,NORMAL,3–3.99,3–3.99,3–3.99,3–3.99
549,Recursos propios,SIN_CARGAS,No,Diurno,Arrendada,Zona urbana,Si,Si,0,Si,No,No,Casi nunca,No responde,Comuna Oriental,Media,Media,No,Sí,Étnico,ALTO,COMPLETOS,VARIOS_3_MAS,NO_TRABAJA,CON_NINOS_1_2,SIN,NINGUNO,NORMAL,4–5,4–5,4–5,4–5
579,Otro / No aplica,SIN_CARGAS,Si,Mixto,Propia pagada,Zona urbana,Si,Si,0,No,No,No,Frecuentemente,Heterosexual,Comuna Centro,Básica,Superior,No,No,No étnico,BAJO,COMPLETOS,POCOS_1_2,NO_TRABAJA,SOLO_SIN_NINOS,SIN,NINGUNO,NORMAL,4–5,4–5,4–5,4–5
2,Recursos propios,SIN_CARGAS,Si,Diurno,Arrendada,Zona rural,Si,Si,0,Si,No,No,Con poca frecuencia,Heterosexual,Municipios Aledaños,Media,Media,No,No,No étnico,BAJO,BASICOS,NINGUNO,NO_TRABAJA,HOGAR_SIN_NINOS,COGNITIVA,NINGUNO,NORMAL,3–3.99,3–3.99,3–3.99,3–3.99
404,Beca,SIN_CARGAS,No,Mixto,Propia pagada,Zona urbana,Si,No,0,No,No,No,Casi nunca,Heterosexual,Comuna Oriental,Básica,Media,No,No,No étnico,MEDIO,BASICOS,VARIOS_3_MAS,NO_TRABAJA,CON_NINOS_1_2,SIN,BAJO,NORMAL,3–3.99,4–5,3–3.99,3–3.99
683,Otro / No aplica,SIN_CARGAS,No,Nocturno,Arrendada,Zona urbana,Si,Si,0,No,No,No,Frecuentemente,Heterosexual,Comuna Norte,Media,Media,No,No,No étnico,BAJO,BASICOS,NINGUNO,NO_TRABAJA,HOGAR_SIN_NINOS,SIN,NINGUNO,NORMAL,Sin nota,4–5,3–3.99,3–3.99
393,Recursos propios,SIN_CARGAS,No,Diurno,Arrendada,Zona urbana,Si,Si,0,No,No,No,Nunca,No responde,Municipios Aledaños,Media,Superior,No,No,No étnico,MEDIO,BASICOS,POCOS_1_2,PARCIAL_1_20,HOGAR_SIN_NINOS,COGNITIVA,NINGUNO,NORMAL,3–3.99,2–2.99,Sin nota,1–1.99
189,Recursos propios,SIN_CARGAS,Si,Diurno,Arrendada,Zona urbana,Si,Si,0,No,No,No,Con poca frecuencia,Heterosexual,Comuna Centro,Media,Superior,No,No,No étnico,ALTO,COMPLETOS,POCOS_1_2,NO_TRABAJA,SOLO_SIN_NINOS,COGNITIVA,NINGUNO,OBESIDAD,2–2.99,3–3.99,3–3.99,3–3.99
464,Recursos propios,SIN_CARGAS,No,Mixto,Arrendada,Zona urbana,Si,Si,0,Si,No,No,Frecuentemente,Heterosexual,Comuna Oriental,Media,Media,No,No,No étnico,ALTO,BASICOS,POCOS_1_2,NO_TRABAJA,HOGAR_SIN_NINOS,COGNITIVA,NINGUNO,BAJO_PESO,4–5,4–5,4–5,4–5
13,Recursos propios,SIN_CARGAS,Si,Diurno,Arrendada,Zona rural,Si,Si,0,Si,No,No responde,Casi nunca,No responde,Comuna Occidental,Básica,Media,No,No,No étnico,MEDIO,BASICOS,POCOS_1_2,NO_TRABAJA,CON_NINOS_1_2,COGNITIVA,BAJO,NORMAL,2–2.99,2–2.99,3–3.99,4–5
127,Otro / No aplica,SIN_CARGAS,No,Diurno,Propia pagada,Zona urbana,Si,No,0,Si,No,No responde,Con poca frecuencia,No responde,Comuna Oriental,Media,Media,No,No,No reportado,ALTO,COMPLETOS,VARIOS_3_MAS,NO_TRABAJA,HOGAR_SIN_NINOS,MULTIPLE,BAJO,NORMAL,2–2.99,2–2.99,2–2.99,3–3.99
94,Recursos propios,SIN_CARGAS,No,Diurno,Propia pagada,Zona urbana,Si,No,0,Si,No,No,Frecuentemente,Heterosexual,Comuna Sur Occidental,Superior,Superior,No,No,No étnico,BAJO,COMPLETOS,POCOS_1_2,NO_TRABAJA,HOGAR_SIN_NINOS,COGNITIVA,BAJO,BAJO_PESO,4–5,3–3.99,4–5,4–5
260,Otro / No aplica,SIN_CARGAS,Si,Diurno,Arrendada,Zona urbana,Si,Si,0,No,No,No,Frecuentemente,Heterosexual,Comuna Norte,Media,Media,No,No,No étnico,MEDIO,BASICOS,VARIOS_3_MAS,NO_TRABAJA,HOGAR_SIN_NINOS,COGNITIVA,NINGUNO,NORMAL,3–3.99,3–3.99,4–5,3–3.99
501,Recursos propios,SIN_CARGAS,Si,Diurno,Arrendada,Zona urbana,Si,Si,0,Si,Sí,No,Frecuentemente,Heterosexual,Comuna Centro,Media,Media,No,No,No étnico,BAJO,BASICOS,VARIOS_3_MAS,NO_TRABAJA,HOGAR_SIN_NINOS,SIN,NINGUNO,NORMAL,4–5,4–5,4–5,4–5
598,Crédito,SIN_CARGAS,Si,Diurno,Arrendada,Zona urbana,Si,Si,0,Si,No,No,Con poca frecuencia,Heterosexual,Comuna Occidental,Media,Media,No,No,No étnico,MEDIO,COMPLETOS,NINGUNO,NO_TRABAJA,CON_NINOS_1_2,SIN,BAJO,NORMAL,4–5,4–5,4–5,3–3.99
120,Crédito,SIN_CARGAS,Si,Diurno,Arrendada,Zona urbana,Si,Si,0,Si,No,No,Con poca frecuencia,Diversa,Comuna Oriental,Media,Media,No,No,No étnico,BAJO,BASICOS,NINGUNO,NO_TRABAJA,HOGAR_SIN_NINOS,COGNITIVA,NINGUNO,NORMAL,3–3.99,3–3.99,3–3.99,3–3.99
11,Beca,CON_CARGAS,No,Mixto,Arrendada,Zona urbana,Si,Si,0,Si,No,No responde,Con poca frecuencia,Heterosexual,Comuna Oriental,Básica,Media,No,No,No reportado,BAJO,COMPLETOS,POCOS_1_2,NO_TRABAJA,HOGAR_SIN_NINOS,MULTIPLE,NINGUNO,NORMAL,3–3.99,3–3.99,3–3.99,3–3.99
755,Recursos propios,CON_CARGAS,Si,Mixto,Arrendada,Zona rural,Si,Si,0,No,Sí,No,Con poca frecuencia,Heterosexual,Municipios Aledaños,Básica,Media,No,No,No étnico,ALTO,COMPLETOS,NINGUNO,ALTA_>20,HOGAR_SIN_NINOS,SIN,NINGUNO,NORMAL,Sin nota,4–5,2–2.99,4–5
541,Recursos propios,CON_CARGAS,No,Mixto,Arrendada,Zona urbana,No,No,0,No,No,No responde,Frecuentemente,Heterosexual,Comuna Centro,Básica,Básica,No,No,No reportado,BAJO,BASICOS,VARIOS_3_MAS,NO_TRABAJA,HOGAR_SIN_NINOS,MULTIPLE,NINGUNO,SOBREPESO,4–5,4–5,4–5,4–5
203,Beca,SIN_CARGAS,Si,Diurno,Propia pagada,Zona urbana,Si,Si,0,No,No,No,Con poca frecuencia,Heterosexual,Municipios Aledaños,Básica,Básica,No,No,No étnico,ALTO,COMPLETOS,POCOS_1_2,ALTA_>20,HOGAR_SIN_NINOS,COGNITIVA,BAJO,BAJO_PESO,3–3.99,4–5,4–5,4–5
170,Recursos propios,SIN_CARGAS,No,Mixto,Propia pagada,Zona rural,Si,Si,0,Si,No,No,Con poca frecuencia,Heterosexual,Municipios Aledaños,Media,Media,Sí,No,No étnico,MEDIO,COMPLETOS,POCOS_1_2,NO_TRABAJA,HOGAR_SIN_NINOS,COGNITIVA,NINGUNO,NORMAL,3–3.99,3–3.99,4–5,3–3.99
243,Recursos propios,SIN_CARGAS,No,Diurno,Propia pagandose,Zona urbana,Si,No,0,No,No,No,Con poca frecuencia,Heterosexual,Municipios Aledaños,Básica,Básica,No,Sí,Étnico,MEDIO,COMPLETOS,POCOS_1_2,NO_TRABAJA,HOGAR_SIN_NINOS,COGNITIVA,BAJO,SOBREPESO,3–3.99,3–3.99,3–3.99,4–5
548,Recursos propios,SIN_CARGAS,No,Diurno,Arrendada,Zona urbana,Si,Si,0,No,No,No,Con poca frecuencia,No responde,Comuna Oriental,Media,Media,No,No,No étnico,BAJO,COMPLETOS,POCOS_1_2,NO_TRABAJA,HOGAR_SIN_NINOS,SIN,NINGUNO,NORMAL,4–5,4–5,4–5,4–5
299,Recursos propios,CON_CARGAS,Si,Diurno,Propia pagandose,Zona urbana,Si,No,2,Si,No,No responde,Con poca frecuencia,No responde,Bogota,Media,Media,No,No,No reportado,BAJO,COMPLETOS,VARIOS_3_MAS,PARCIAL_1_20,CON_NINOS_1_2,MULTIPLE,NINGUNO,NORMAL,4–5,4–5,3–3.99,4–5
83,Beca,SIN_CARGAS,Si,Diurno,Propia pagada,Zona urbana,Si,Si,0,Si,No,No,Frecuentemente,Heterosexual,Municipios Aledaños,Superior,Media,No,No,No étnico,MEDIO,BASICOS,VARIOS_3_MAS,NO_TRABAJA,HOGAR_SIN_NINOS,COGNITIVA,NINGUNO,SOBREPESO,3–3.99,3–3.99,4–5,4–5
387,Recursos propios,SIN_CARGAS,No,Diurno,Arrendada,Zona urbana,Si,Si,0,No,No,No,Con poca frecuencia,Heterosexual,Comuna Norte,Básica,Media,No,No,No étnico,BAJO,BASICOS,VARIOS_3_MAS,NO_TRABAJA,CON_NINOS_1_2,COGNITIVA,ALTO,SOBREPESO,4–5,3–3.99,3–3.99,4–5
261,Beca,SIN_CARGAS,No,Nocturno,Arrendada,Zona urbana,Si,Si,0,No,No,No,Con poca frecuencia,Heterosexual,Comuna Sur Occidental,Básica,Media,Sí,No,No étnico,ALTO,BASICOS,VARIOS_3_MAS,ALTA_>20,HOGAR_SIN_NINOS,COGNITIVA,BAJO,NORMAL,3–3.99,4–5,3–3.99,3–3.99
294,Recursos propios,SIN_CARGAS,No,Diurno,Arrendada,Zona rural,Si,No,0,No,No,No,Casi nunca,No responde,Comuna Centro,Media,Básica,No,No,No étnico,BAJO,COMPLETOS,POCOS_1_2,PARCIAL_1_20,HOGAR_SIN_NINOS,COGNITIVA,NINGUNO,SOBREPESO,Sin nota,2–2.99,1–1.99,2–2.99
615,Beca,SIN_CARGAS,No,Diurno,Propia pagada,Zona urbana,Si,No,0,No,Sí,No,Casi nunca,Heterosexual,Comuna Occidental,Básica,Básica,No,No,No étnico,BAJO,COMPLETOS,NINGUNO,NO_TRABAJA,HOGAR_SIN_NINOS,SIN,NINGUNO,SOBREPESO,3–3.99,3–3.99,3–3.99,3–3.99
146,Recursos propios,CON_CARGAS,Si,Diurno,Arrendada,Zona urbana,Si,Si,0,Si,No,No,Casi nunca,No responde,Bogota,Media,Media,No,No,No étnico,BAJO,COMPLETOS,NINGUNO,NO_TRABAJA,SOLO_SIN_NINOS,COGNITIVA,BAJO,NORMAL,3–3.99,3–3.99,3–3.99,3–3.99
620,Recursos propios,SIN_CARGAS,No,Mixto,Arrendada,Zona urbana,Si,Si,0,No,No,No,Con poca frecuencia,Heterosexual,Comuna Sur Occidental,Básica,Media,No,No,No étnico,BAJO,COMPLETOS,POCOS_1_2,NO_TRABAJA,CON_NINOS_1_2,SIN,NINGUNO,SOBREPESO,4–5,4–5,4–5,3–3.99
245,Beca,SIN_CARGAS,Si,Mixto,Arrendada,Zona rural,Si,Si,0,Si,No,No,Con poca frecuencia,No responde,Comuna Norte,Básica,Media,No,No,No étnico,BAJO,BASICOS,VARIOS_3_MAS,NO_TRABAJA,HOGAR_SIN_NINOS,COGNITIVA,NINGUNO,NORMAL,4–5,4–5,4–5,4–5
37,Recursos propios,SIN_CARGAS,Si,Mixto,Propia pagada,Zona urbana,Si,No,0,No,No,Si,Casi nunca,No responde,Comuna Sur Oriental,Superior,Media,No,No,No étnico,MEDIO,BASICOS,VARIOS_3_MAS,NO_TRABAJA,CON_NINOS_1_2,COGNITIVA,BAJO,NORMAL,3–3.99,4–5,3–3.99,4–5
582,Otro / No aplica,SIN_CARGAS,Si,Diurno,Arrendada,Zona urbana,Si,Si,0,No,No,No,Casi nunca,Heterosexual,Comuna Sur Occidental,Superior,Superior,No,No,No étnico,BAJO,COMPLETOS,NINGUNO,NO_TRABAJA,SOLO_SIN_NINOS,SIN,NINGUNO,NORMAL,2–2.99,3–3.99,3–3.99,3–3.99
534,Otro / No aplica,SIN_CARGAS,Si,Diurno,Arrendada,Zona urbana,Si,Si,0,Si,No,No,Frecuentemente,Heterosexual,Comuna Sur Oriental,Media,Media,No,No,No étnico,ALTO,BASICOS,POCOS_1_2,NO_TRABAJA,CON_NINOS_1_2,SIN,NINGUNO,NORMAL,4–5,4–5,3–3.99,4–5
42,Recursos propios,SIN_CARGAS,Si,Diurno,Propia pagada,Zona urbana,Si,No,0,No,No,No,Frecuentemente,Heterosexual,Comuna Occidental,Superior,Superior,No,No,No étnico,MEDIO,COMPLETOS,POCOS_1_2,NO_TRABAJA,CON_NINOS_1_2,COGNITIVA,NINGUNO,NORMAL,3–3.99,3–3.99,3–3.99,4–5
725,Beca,SIN_CARGAS,No,Mixto,Arrendada,Zona urbana,No,Si,0,Si,No,No,Frecuentemente,Heterosexual,Comuna Norte,Media,Superior,No,No,No étnico,MEDIO,COMPLETOS,POCOS_1_2,PARCIAL_1_20,HOGAR_SIN_NINOS,SIN,NINGUNO,NORMAL,Sin nota,4–5,4–5,4–5
651,Otro / No aplica,SIN_CARGAS,No,Diurno,Propia pagada,Zona urbana,Si,No,0,No,No,No,Nunca,Heterosexual,Comuna Occidental,Media,Media,No,No,No étnico,MEDIO,COMPLETOS,POCOS_1_2,NO_TRABAJA,HOGAR_SIN_NINOS,SIN,NINGUNO,BAJO_PESO,4–5,4–5,4–5,4–5
433,Otro / No aplica,SIN_CARGAS,No,Diurno,Propia pagada,Zona urbana,Si,Si,0,No,No,No,Con poca frecuencia,Heterosexual,Municipios Aledaños,Media,Básica,No,No,No étnico,BAJO,COMPLETOS,POCOS_1_2,NO_TRABAJA,HOGAR_SIN_NINOS,SIN,NINGUNO,NORMAL,4–5,4–5,4–5,4–5
452,Recursos propios,SIN_CARGAS,No,Mixto,Arrendada,Zona urbana,Si,Si,0,Si,Sí,No,Con poca frecuencia,No responde,Comuna Oriental,Superior,Superior,Sí,No,No étnico,ALTO,COMPLETOS,NINGUNO,NO_TRABAJA,HOGAR_SIN_NINOS,SIN,NINGUNO,OBESIDAD,3–3.99,4–5,4–5,4–5
161,Otro / No aplica,SIN_CARGAS,Si,Diurno,Arrendada,Zona rural,Si,Si,0,Si,No,No responde,Casi nunca,No responde,Municipios Aledaños,Básica,Media,No,No,No étnico,BAJO,BASICOS,VARIOS_3_MAS,NO_TRABAJA,CON_NINOS_1_2,COGNITIVA,NINGUNO,NORMAL,3–3.99,3–3.99,3–3.99,3–3.99
89,Beca,SIN_CARGAS,No,Diurno,Arrendada,Zona urbana,Si,Si,0,No,No,No,Frecuentemente,Heterosexual,Comuna Occidental,Básica,Media,Sí,No,No étnico,ALTO,COMPLETOS,VARIOS_3_MAS,NO_TRABAJA,SOLO_SIN_NINOS,COGNITIVA,BAJO,NORMAL,4–5,4–5,4–5,4–5
238,Otro / No aplica,SIN_CARGAS,No,Diurno,Propia pagandose,Zona urbana,Si,Si,0,No,No,No,Casi nunca,No responde,Municipios Aledaños,Media,Media,No,No,No étnico,ALTO,COMPLETOS,POCOS_1_2,NO_TRABAJA,HOGAR_SIN_NINOS,COGNITIVA,BAJO,NORMAL,3–3.99,3–3.99,3–3.99,3–3.99
303,Recursos propios,SIN_CARGAS,Si,Diurno,Arrendada,Zona rural,Si,No,0,No,No,No,Con poca frecuencia,Heterosexual,Municipios Aledaños,Media,Media,No,No,No étnico,ALTO,COMPLETOS,POCOS_1_2,NO_TRABAJA,HOGAR_SIN_NINOS,COGNITIVA,NINGUNO,NORMAL,3–3.99,3–3.99,3–3.99,3–3.99
443,Crédito,SIN_CARGAS,Si,Diurno,Arrendada,Zona urbana,Si,Si,0,No,No,No responde,Con poca frecuencia,No responde,Comuna Sur Occidental,Media,Media,No,No,No reportado,ALTO,BASICOS,POCOS_1_2,NO_TRABAJA,HOGAR_SIN_NINOS,MULTIPLE,BAJO,NORMAL,0–0.99,2–2.99,4–5,1–1.99
163,Crédito,SIN_CARGAS,Si,Diurno,Propia pagada,Zona urbana,Si,Si,0,Si,No,No,Frecuentemente,No responde,Comuna Sur Occidental,Básica,Básica,No,No,No étnico,MEDIO,COMPLETOS,VARIOS_3_MAS,NO_TRABAJA,HOGAR_SIN_NINOS,COGNITIVA,NINGUNO,BAJO_PESO,3–3.99,3–3.99,4–5,4–5
713,Recursos propios,SIN_CARGAS,No,Diurno,Propia pagada,Zona urbana,Si,No,0,Si,Sí,No,Casi nunca,Heterosexual,Comuna Occidental,Media,Media,No,No,No étnico,MEDIO,COMPLETOS,POCOS_1_2,NO_TRABAJA,HOGAR_SIN_NINOS,SIN,NINGUNO,NORMAL,Sin nota,4–5,3–3.99,3–3.99
544,Crédito,SIN_CARGAS,No,Diurno,Arrendada,Zona urbana,Si,No,0,Si,Sí,No,Con poca frecuencia,Heterosexual,Comuna Norte,Media,Superior,No,No,No étnico,BAJO,COMPLETOS,POCOS_1_2,NO_TRABAJA,HOGAR_SIN_NINOS,SIN,NINGUNO,SOBREPESO,4–5,4–5,4–5,4–5
445,Recursos propios,SIN_CARGAS,Si,Diurno,Propia pagada,Zona urbana,Si,No,0,Si,Sí,No,Frecuentemente,No responde,Comuna Sur Occidental,Media,Básica,No,No,No étnico,ALTO,COMPLETOS,VARIOS_3_MAS,NO_TRABAJA,HOGAR_SIN_NINOS,SIN,NINGUNO,NORMAL,4–5,4–5,4–5,4–5
225,Recursos propios,SIN_CARGAS,Si,Diurno,Arrendada,Zona rural,Si,Si,0,Si,No,No responde,Frecuentemente,Heterosexual,Comuna Oriental,Básica,Media,No,No,No reportado,ALTO,COMPLETOS,POCOS_1_2,NO_TRABAJA,HOGAR_SIN_NINOS,MULTIPLE,BAJO,NORMAL,3–3.99,4–5,3–3.99,4–5
743,Crédito,CON_CARGAS,No,Diurno,Arrendada,Zona urbana,Si,No,0,Si,No,No,Con poca frecuencia,Heterosexual,Comuna Sur Occidental,Superior,Superior,No,No,No étnico,ALTO,COMPLETOS,POCOS_1_2,NO_TRABAJA,HOGAR_SIN_NINOS,SIN,NINGUNO,NORMAL,Sin nota,4–5,3–3.99,4–5
88,Beca,SIN_CARGAS,No,Diurno,Propia pagada,Zona urbana,Si,Si,0,Si,No,No,Con poca frecuencia,No responde,Comuna Occidental,Media,Básica,No,No,No étnico,BAJO,COMPLETOS,POCOS_1_2,NO_TRABAJA,CON_NINOS_1_2,COGNITIVA,BAJO,NORMAL,4–5,4–5,3–3.99,4–5
558,Recursos propios,SIN_CARGAS,No,Diurno,Arrendada,Zona urbana,Si,No,0,No,No,No,Con poca frecuencia,No responde,Comuna Centro,Media,Media,No,No,No étnico,ALTO,COMPLETOS,POCOS_1_2,NO_TRABAJA,HOGAR_SIN_NINOS,SIN,NINGUNO,NORMAL,4–5,3–3.99,4–5,3–3.99
720,Recursos propios,SIN_CARGAS,No,Mixto,Arrendada,Zona urbana,Si,Si,0,Si,No,No,Con poca frecuencia,Heterosexual,Comuna Centro,Media,Media,No,No,No étnico,ALTO,COMPLETOS,POCOS_1_2,NO_TRABAJA,CON_NINOS_1_2,SIN,NINGUNO,NORMAL,Sin nota,4–5,3–3.99,3–3.99
516,Otro / No aplica,SIN_CARGAS,No,Diurno,Arrendada,Zona urbana,Si,Si,0,No,No,No,Casi nunca,Heterosexual,Municipios Aledaños,Media,Media,No,No,No étnico,ALTO,COMPLETOS,POCOS_1_2,PARCIAL_1_20,CON_NINOS_1_2,SIN,NINGUNO,NORMAL,3–3.99,3–3.99,3–3.99,3–3.99
376,Recursos propios,SIN_CARGAS,No,Mixto,Propia pagada,Zona urbana,Si,No,0,No,No,No,Con poca frecuencia,Heterosexual,Comuna Oriental,Media,Media,No,No,No étnico,BAJO,COMPLETOS,POCOS_1_2,NO_TRABAJA,HOGAR_SIN_NINOS,COGNITIVA,NINGUNO,NORMAL,3–3.99,3–3.99,4–5,3–3.99
87,Beca,SIN_CARGAS,Si,Diurno,Arrendada,Zona rural,Si,Si,0,Si,No,No,Frecuentemente,Heterosexual,Municipios Aledaños,Básica,Media,Sí,No,No étnico,ALTO,BASICOS,POCOS_1_2,NO_TRABAJA,HOGAR_SIN_NINOS,COGNITIVA,BAJO,NORMAL,3–3.99,3–3.99,3–3.99,3–3.99
559,Recursos propios,SIN_CARGAS,No,Mixto,Arrendada,Zona urbana,Si,Si,0,No,No,No,Casi nunca,Heterosexual,Comuna Sur Occidental,Media,Básica,No,No,No étnico,ALTO,BASICOS,POCOS_1_2,NO_TRABAJA,CON_NINOS_1_2,SIN,NINGUNO,NORMAL,3–3.99,4–5,4–5,3–3.99
227,Recursos propios,SIN_CARGAS,Si,Diurno,Arrendada,Zona rural,Si,Si,0,No,No,No,Frecuentemente,Heterosexual,Municipios Aledaños,Media,Media,No,No,No étnico,MEDIO,BASICOS,POCOS_1_2,NO_TRABAJA,CON_NINOS_3_MAS,COGNITIVA,NINGUNO,NORMAL,3–3.99,3–3.99,3–3.99,4–5
386,Recursos propios,CON_CARGAS,Si,Mixto,Propia pagada,Zona urbana,Si,No,2,Si,No,No,Con poca frecuencia,Heterosexual,Comuna Sur Occidental,Media,Media,No,No,No étnico,MEDIO,COMPLETOS,POCOS_1_2,NO_TRABAJA,CON_NINOS_1_2,COGNITIVA,NINGUNO,OBESIDAD,4–5,4–5,4–5,4–5
385,Beca,CON_CARGAS,No,Diurno,Arrendada,Zona urbana,Si,No,1,Si,No,No,Con poca frecuencia,No responde,Comuna Sur Oriental,Básica,Básica,No,No,No étnico,BAJO,COMPLETOS,POCOS_1_2,NO_TRABAJA,SOLO_SIN_NINOS,COGNITIVA,NINGUNO,SOBREPESO,4–5,3–3.99,3–3.99,3–3.99
223,Beca,SIN_CARGAS,No,Mixto,Propia pagada,Zona rural,Si,Si,0,Si,No,No,Con poca frecuencia,Heterosexual,Comuna Sur Oriental,Media,Media,No,No,No étnico,BAJO,BASICOS,VARIOS_3_MAS,PARCIAL_1_20,HOGAR_SIN_NINOS,COGNITIVA,BAJO,NORMAL,3–3.99,3–3.99,3–3.99,3–3.99
141,Recursos propios,SIN_CARGAS,Si,Mixto,Propia pagandose,Zona urbana,Si,No,0,Si,No,No,Con poca frecuencia,No responde,Comuna Norte,Básica,Media,No,No,No étnico,MEDIO,COMPLETOS,POCOS_1_2,NO_TRABAJA,CON_NINOS_1_2,COGNITIVA,NINGUNO,NORMAL,2–2.99,3–3.99,3–3.99,3–3.99
517,Recursos propios,SIN_CARGAS,No,Diurno,Arrendada,Zona urbana,Si,Si,0,No,No,No,Con poca frecuencia,Heterosexual,Comuna Sur Occidental,Media,Superior,No,No,No étnico,ALTO,COMPLETOS,NINGUNO,NO_TRABAJA,SOLO_SIN_NINOS,SIN,NINGUNO,SOBREPESO,4–5,4–5,3–3.99,4–5
624,Recursos propios,SIN_CARGAS,No,Diurno,Propia pagada,Zona rural,Si,Si,0,No,No,No,Frecuentemente,Heterosexual,Municipios Aledaños,Básica,Media,No,No,No étnico,BAJO,COMPLETOS,POCOS_1_2,NO_TRABAJA,HOGAR_SIN_NINOS,SIN,NINGUNO,NORMAL,4–5,4–5,4–5,4–5
40,Beca,SIN_CARGAS,No,Diurno,Propia pagada,Zona urbana,Si,Si,0,No,No,No,Casi nunca,No responde,Comuna Sur Occidental,Media,Media,No,No,No étnico,BAJO,COMPLETOS,POCOS_1_2,NO_TRABAJA,CON_NINOS_1_2,COGNITIVA,NINGUNO,NORMAL,4–5,4–5,4–5,4–5
361,Recursos propios,SIN_CARGAS,No,Diurno,Arrendada,Zona urbana,Si,No,0,No,No,No,Casi nunca,No responde,Comuna Sur Oriental,Media,Media,No,No,No étnico,MEDIO,COMPLETOS,POCOS_1_2,NO_TRABAJA,CON_NINOS_1_2,COGNITIVA,BAJO,NORMAL,3–3.99,3–3.99,3–3.99,3–3.99
236,Recursos propios,SIN_CARGAS,No,Diurno,Arrendada,Zona urbana,No,Si,0,No,No,No,Con poca frecuencia,Heterosexual,Comuna Sur Occidental,Media,Media,No,No,No étnico,MEDIO,BASICOS,VARIOS_3_MAS,PARCIAL_1_20,HOGAR_SIN_NINOS,COGNITIVA,BAJO,NORMAL,3–3.99,4–5,3–3.99,4–5
597,Otro / No aplica,SIN_CARGAS,No,Mixto,Arrendada,Zona urbana,Si,Si,0,No,No,No,Casi nunca,No responde,Municipios Aledaños,Básica,Media,Sí,No,No étnico,BAJO,BASICOS,VARIOS_3_MAS,PARCIAL_1_20,HOGAR_SIN_NINOS,SIN,NINGUNO,SOBREPESO,4–5,4–5,4–5,3–3.99
390,Recursos propios,SIN_CARGAS,No,Diurno,Arrendada,Zona urbana,Si,Si,0,No,No,No,Con poca frecuencia,No responde,Comuna Sur Occidental,Básica,Básica,Sí,No,No étnico,MEDIO,COMPLETOS,POCOS_1_2,PARCIAL_1_20,HOGAR_SIN_NINOS,COGNITIVA,NINGUNO,NORMAL,4–5,2–2.99,Sin nota,1–1.99
461,Recursos propios,SIN_CARGAS,No,Diurno,Propia pagandose,Zona urbana,Si,No,0,No,No,No,Con poca frecuencia,Heterosexual,Comuna Sur Occidental,Media,Superior,No,No,No étnico,ALTO,COMPLETOS,POCOS_1_2,NO_TRABAJA,CON_NINOS_1_2,SIN,NINGUNO,NORMAL,4–5,4–5,4–5,4–5
134,Otro / No aplica,SIN_CARGAS,No,Diurno,Arrendada,Zona urbana,Si,No,0,No,No,No,Casi nunca,Heterosexual,Comuna Occidental,Superior,Media,No,No,No étnico,MEDIO,COMPLETOS,NINGUNO,NO_TRABAJA,HOGAR_SIN_NINOS,COGNITIVA,NINGUNO,NORMAL,4–5,4–5,4–5,4–5
709,Otro / No aplica,CON_CARGAS,Si,Diurno,Propia pagandose,Zona urbana,Si,Si,0,No,No,No,Casi nunca,Heterosexual,Comuna Sur Oriental,Básica,Básica,No,No,No étnico,BAJO,COMPLETOS,VARIOS_3_MAS,NO_TRABAJA,HOGAR_SIN_NINOS,SIN,NINGUNO,NORMAL,Sin nota,4–5,3–3.99,3–3.99
354,Beca,SIN_CARGAS,No,Diurno,Propia pagada,Zona rural,Si,Si,0,No,No,No,Frecuentemente,Heterosexual,Municipios Aledaños,Básica,Media,No,No,No étnico,BAJO,COMPLETOS,VARIOS_3_MAS,NO_TRABAJA,HOGAR_SIN_NINOS,COGNITIVA,NINGUNO,SOBREPESO,3–3.99,4–5,4–5,4–5
708,Otro / No aplica,SIN_CARGAS,Si,Diurno,Arrendada,Zona urbana,Si,Si,0,Si,No,No,Frecuentemente,No responde,Comuna Sur Oriental,Básica,Básica,Sí,No,No étnico,ALTO,COMPLETOS,POCOS_1_2,PARCIAL_1_20,CON_NINOS_1_2,SIN,NINGUNO,NORMAL,Sin nota,4–5,4–5,3–3.99
124,Recursos propios,SIN_CARGAS,Si,Diurno,Propia pagada,Zona urbana,Si,Si,0,Si,Sí,No,Con poca frecuencia,Heterosexual,Bogota,Superior,Media,No,No,No étnico,ALTO,COMPLETOS,NINGUNO,NO_TRABAJA,HOGAR_SIN_NINOS,SIN,ALTO,NORMAL,3–3.99,3–3.99,2–2.99,3–3.99
137,Recursos propios,SIN_CARGAS,Si,Diurno,Arrendada,Zona urbana,Si,Si,0,No,No,No,Con poca frecuencia,No responde,Comuna Norte,Básica,Media,No,No,No étnico,BAJO,COMPLETOS,NINGUNO,NO_TRABAJA,HOGAR_SIN_NINOS,COGNITIVA,NINGUNO,NORMAL,2–2.99,3–3.99,2–2.99,2–2.99
346,Recursos propios,SIN_CARGAS,No,Diurno,Propia pagada,Zona urbana,Si,No,0,No,No,No,Casi nunca,Heterosexual,Comuna Oriental,Media,Básica,No,No,No étnico,BAJO,COMPLETOS,POCOS_1_2,NO_TRABAJA,CON_NINOS_1_2,COGNITIVA,NINGUNO,NORMAL,3–3.99,4–5,4–5,4–5
719,Otro / No aplica,CON_CARGAS,No,Diurno,Propia pagandose,Zona urbana,Si,Si,0,Si,No,No,Con poca frecuencia,No responde,Comuna Oriental,Básica,Media,No,No,No étnico,BAJO,BASICOS,VARIOS_3_MAS,PARCIAL_1_20,CON_NINOS_1_2,SIN,NINGUNO,SOBREPESO,Sin nota,4–5,3–3.99,3–3.99
65,Recursos propios,SIN_CARGAS,No,Mixto,Arrendada,Zona urbana,Si,Si,0,Si,No,No responde,Con poca frecuencia,No responde,Comuna Oriental,Básica,Básica,No,No,No étnico,ALTO,COMPLETOS,POCOS_1_2,NO_TRABAJA,CON_NINOS_1_2,COGNITIVA,NINGUNO,NORMAL,3–3.99,3–3.99,3–3.99,3–3.99
18,Crédito,CON_CARGAS,Si,Diurno,Arrendada,Zona urbana,No,No,2,No,No,No responde,Frecuentemente,Heterosexual,Comuna Sur Oriental,Superior,Media,No,No,No étnico,BAJO,COMPLETOS,VARIOS_3_MAS,NO_TRABAJA,CON_NINOS_1_2,COGNITIVA,BAJO,NORMAL,3–3.99,3–3.99,3–3.99,3–3.99
4,Beca,SIN_CARGAS,No,Diurno,Arrendada,Zona urbana,Si,Si,0,No,No,No,Frecuentemente,No responde,Comuna Oriental,Básica,Básica,No,No,No étnico,BAJO,COMPLETOS,VARIOS_3_MAS,NO_TRABAJA,CON_NINOS_1_2,COGNITIVA,NINGUNO,NORMAL,3–3.99,2–2.99,3–3.99,3–3.99
166,Recursos propios,CON_CARGAS,Si,Diurno,Arrendada,Zona urbana,Si,Si,1,Si,No,No,Casi nunca,No responde,Municipios Aledaños,Media,Básica,Sí,Sí,Étnico,MEDIO,COMPLETOS,POCOS_1_2,NO_TRABAJA,CON_NINOS_3_MAS,COGNITIVA,NINGUNO,NORMAL,3–3.99,2–2.99,3–3.99,3–3.99
107,Recursos propios,SIN_CARGAS,Si,Diurno,Arrendada,Zona urbana,Si,Si,0,No,No,No,Casi nunca,No responde,Comuna Occidental,Media,Media,No,No,No étnico,ALTO,BASICOS,POCOS_1_2,NO_TRABAJA,CON_NINOS_1_2,COGNITIVA,NINGUNO,NORMAL,3–3.99,3–3.99,3–3.99,4–5
646,Recursos propios,SIN_CARGAS,Si,Mixto,Arrendada,Zona urbana,Si,No,0,No,Sí,No,Casi nunca,Heterosexual,Comuna Centro,Media,Superior,No,No,No étnico,ALTO,BASICOS,VARIOS_3_MAS,ALTA_>20,CON_NINOS_1_2,SIN,NINGUNO,NORMAL,3–3.99,4–5,3–3.99,3–3.99
642,Recursos propios,SIN_CARGAS,No,Mixto,Arrendada,Zona urbana,Si,Si,0,No,No,No,Con poca frecuencia,Heterosexual,Comuna Norte,Básica,Básica,No,No,No étnico,MEDIO,COMPLETOS,POCOS_1_2,NO_TRABAJA,HOGAR_SIN_NINOS,SIN,NINGUNO,BAJO_PESO,4–5,4–5,4–5,3–3.99
330,Recursos propios,CON_CARGAS,Si,Diurno,Arrendada,Zona urbana,Si,No,0,No,No,No,Con poca frecuencia,Heterosexual,Comuna Occidental,Media,Media,Sí,No,No étnico,ALTO,COMPLETOS,VARIOS_3_MAS,NO_TRABAJA,CON_NINOS_1_2,COGNITIVA,NINGUNO,BAJO_PESO,3–3.99,3–3.99,3–3.99,3–3.99
356,Otro / No aplica,SIN_CARGAS,Si,Mixto,Propia pagandose,Zona urbana,Si,Si,0,No,No,No,Con poca frecuencia,No responde,Comuna Occidental,Básica,Media,No,No,No étnico,BAJO,BASICOS,POCOS_1_2,PARCIAL_1_20,HOGAR_SIN_NINOS,COGNITIVA,NINGUNO,NORMAL,3–3.99,4–5,3–3.99,4–5
69,Recursos propios,SIN_CARGAS,Si,Diurno,Arrendada,Zona urbana,Si,Si,0,No,No,No,Frecuentemente,Heterosexual,Comuna Occidental,Media,Superior,No,No,No étnico,MEDIO,COMPLETOS,POCOS_1_2,NO_TRABAJA,HOGAR_SIN_NINOS,COGNITIVA,NINGUNO,NORMAL,3–3.99,3–3.99,3–3.99,4–5
172,Recursos propios,SIN_CARGAS,Si,Diurno,Arrendada,Zona urbana,Si,No,0,No,No,No,Con poca frecuencia,Heterosexual,Comuna Sur Occidental,Básica,Media,No,No,No étnico,BAJO,BASICOS,POCOS_1_2,NO_TRABAJA,HOGAR_SIN_NINOS,COGNITIVA,NINGUNO,OBESIDAD,3–3.99,4–5,3–3.99,4–5
401,Recursos propios,SIN_CARGAS,No,Diurno,Propia pagada,Zona urbana,Si,No,0,No,Sí,No,Con poca frecuencia,Heterosexual,Comuna Sur Oriental,Superior,Superior,No,No,No étnico,BAJO,COMPLETOS,NINGUNO,ALTA_>20,HOGAR_SIN_NINOS,SIN,NINGUNO,NORMAL,3–3.99,4–5,4–5,4–5
495,Recursos propios,SIN_CARGAS,Si,Mixto,Arrendada,Zona rural,Si,Si,0,Si,No,No,Con poca frecuencia,Heterosexual,Municipios Aledaños,Básica,Media,No,No,No étnico,ALTO,BASICOS,VARIOS_3_MAS,NO_TRABAJA,CON_NINOS_1_2,SIN,NINGUNO,NORMAL,4–5,4–5,4–5,4–5
270,Beca,CON_CARGAS,No,Diurno,Arrendada,Zona rural,Si,No,0,No,No,No,Con poca frecuencia,No responde,Comuna Occidental,Media,Media,No,No,No étnico,BAJO,COMPLETOS,POCOS_1_2,NO_TRABAJA,CON_NINOS_1_2,SIN,BAJO,NORMAL,3–3.99,3–3.99,3–3.99,3–3.99
51,Beca,SIN_CARGAS,Si,Diurno,Arrendada,Zona urbana,Si,Si,0,No,No,No,Con poca frecuencia,Heterosexual,Comuna Sur Occidental,Básica,Básica,No,No,No étnico,MEDIO,COMPLETOS,POCOS_1_2,NO_TRABAJA,HOGAR_SIN_NINOS,COGNITIVA,BAJO,NORMAL,4–5,4–5,4–5,4–5
484,Beca,SIN_CARGAS,No,Diurno,Arrendada,Zona urbana,Si,Si,0,Si,Sí,No,Frecuentemente,Heterosexual,Comuna Centro,Básica,Media,No,No,No étnico,ALTO,COMPLETOS,VARIOS_3_MAS,NO_TRABAJA,CON_NINOS_1_2,SIN,BAJO,NORMAL,4–5,4–5,3–3.99,4–5
108,Recursos propios,SIN_CARGAS,Si,Diurno,Arrendada,Zona urbana,Si,Si,0,No,No,No,Con poca frecuencia,No responde,Comuna Norte,Media,Media,No,No,No étnico,MEDIO,BASICOS,POCOS_1_2,NO_TRABAJA,HOGAR_SIN_NINOS,COGNITIVA,NINGUNO,NORMAL,3–3.99,3–3.99,3–3.99,3–3.99
149,Recursos propios,SIN_CARGAS,Si,Diurno,Propia pagandose,Zona urbana,Si,No,0,No,No,No responde,Con poca frecuencia,No responde,Municipios Aledaños,Básica,Media,No,No,No étnico,MEDIO,COMPLETOS,POCOS_1_2,NO_TRABAJA,HOGAR_SIN_NINOS,COGNITIVA,NINGUNO,SOBREPESO,3–3.99,3–3.99,3–3.99,3–3.99
226,Recursos propios,SIN_CARGAS,Si,Diurno,Arrendada,Zona rural,Si,Si,0,Si,No,No responde,Con poca frecuencia,No responde,Comuna Centro,Básica,Básica,No,No,No étnico,ALTO,COMPLETOS,NINGUNO,NO_TRABAJA,HOGAR_SIN_NINOS,COGNITIVA,NINGUNO,NORMAL,4–5,3–3.99,4–5,4–5
613,Recursos propios,SIN_CARGAS,Si,Diurno,Arrendada,Zona urbana,Si,No,0,No,Sí,No,Frecuentemente,No responde,Comuna Sur Occidental,Media,Media,Sí,No,No étnico,MEDIO,BASICOS,NINGUNO,NO_TRABAJA,HOGAR_SIN_NINOS,SIN,NINGUNO,NORMAL,4–5,4–5,4–5,4–5
574,Beca,SIN_CARGAS,No,Diurno,Arrendada,Zona urbana,Si,Si,0,No,Sí,No,Frecuentemente,Heterosexual,Comuna Centro,Media,Media,No,No,No étnico,ALTO,COMPLETOS,POCOS_1_2,NO_TRABAJA,CON_NINOS_1_2,SIN,NINGUNO,NORMAL,3–3.99,4–5,3–3.99,4–5
357,Recursos propios,SIN_CARGAS,Si,Diurno,Arrendada,Zona urbana,No,Si,0,Si,No,No,Con poca frecuencia,No responde,Comuna Occidental,Media,Básica,No,No,No étnico,MEDIO,COMPLETOS,VARIOS_3_MAS,NO_TRABAJA,CON_NINOS_1_2,COGNITIVA,ALTO,OBESIDAD,3–3.99,3–3.99,3–3.99,3–3.99
637,Recursos propios,SIN_CARGAS,No,Diurno,Arrendada,Zona urbana,Si,No,0,No,No,No,Frecuentemente,Heterosexual,Comuna Norte,Media,Superior,No,No,No étnico,MEDIO,COMPLETOS,POCOS_1_2,NO_TRABAJA,CON_NINOS_1_2,SIN,NINGUNO,NORMAL,4–5,4–5,4–5,3–3.99
629,Otro / No aplica,SIN_CARGAS,No,Diurno,Propia pagada,Zona rural,Si,Si,0,Si,Sí,No,Con poca frecuencia,No responde,Comuna Centro,Superior,Superior,No,No,No étnico,MEDIO,COMPLETOS,POCOS_1_2,NO_TRABAJA,HOGAR_SIN_NINOS,SIN,NINGUNO,NORMAL,4–5,4–5,4–5,4–5
298,Recursos propios,SIN_CARGAS,No,Mixto,Arrendada,Zona rural,Si,Si,0,Si,No,No,Frecuentemente,Heterosexual,Comuna Occidental,Media,Media,No,No,No étnico,BAJO,COMPLETOS,VARIOS_3_MAS,NO_TRABAJA,CON_NINOS_1_2,COGNITIVA,NINGUNO,NORMAL,3–3.99,3–3.99,3–3.99,3–3.99
754,Otro / No aplica,SIN_CARGAS,Si,Diurno,Propia pagada,Zona urbana,Si,Si,0,No,No,No,Con poca frecuencia,Heterosexual,Comuna Centro,Básica,Media,Sí,No,No étnico,BAJO,BASICOS,VARIOS_3_MAS,NO_TRABAJA,CON_NINOS_1_2,SIN,NINGUNO,BAJO_PESO,Sin nota,3–3.99,4–5,3–3.99
749,Recursos propios,SIN_CARGAS,No,Diurno,Arrendada,Zona rural,Si,No,0,No,No,No,Casi nunca,Heterosexual,Municipios Aledaños,Media,Media,Sí,No,No étnico,ALTO,COMPLETOS,POCOS_1_2,NO_TRABAJA,CON_NINOS_1_2,SIN,NINGUNO,NORMAL,Sin nota,3–3.99,2–2.99,3–3.99
398,Beca,SIN_CARGAS,No,Mixto,Arrendada,Zona urbana,Si,Si,3,Si,Sí,No,Con poca frecuencia,Heterosexual,Comuna Occidental,Media,Media,No,No,No étnico,BAJO,COMPLETOS,VARIOS_3_MAS,NO_TRABAJA,CON_NINOS_1_2,SIN,BAJO,OBESIDAD,4–5,4–5,4–5,4–5
156,Recursos propios,CON_CARGAS,Si,Diurno,Arrendada,Zona urbana,Si,Si,0,No,No,No,Casi nunca,No responde,Municipios Aledaños,Básica,Básica,No,No,No étnico,BAJO,COMPLETOS,POCOS_1_2,NO_TRABAJA,CON_NINOS_1_2,COGNITIVA,NINGUNO,NORMAL,3–3.99,3–3.99,2–2.99,3–3.99
56,Beca,SIN_CARGAS,Si,Diurno,Propia pagandose,Zona urbana,Si,No,0,No,No,Si,Frecuentemente,Heterosexual,Comuna Centro,Básica,Básica,No,No,No étnico,MEDIO,COMPLETOS,POCOS_1_2,NO_TRABAJA,CON_NINOS_1_2,MULTIPLE,NINGUNO,SOBREPESO,3–3.99,4–5,3–3.99,4–5
705,Recursos propios,CON_CARGAS,No,Diurno,Propia pagada,Zona urbana,Si,Si,0,No,No,No responde,Con poca frecuencia,Diversa,Comuna Norte,Media,Media,No,No,No reportado,ALTO,COMPLETOS,VARIOS_3_MAS,NO_TRABAJA,HOGAR_SIN_NINOS,MULTIPLE,NINGUNO,NORMAL,Sin nota,4–5,3–3.99,4–5
152,Recursos propios,SIN_CARGAS,Si,Mixto,Arrendada,Zona urbana,Si,Si,0,No,No,No,Con poca frecuencia,No responde,Comuna Occidental,Media,Media,No,No,No étnico,ALTO,BASICOS,POCOS_1_2,NO_TRABAJA,SOLO_SIN_NINOS,COGNITIVA,BAJO,NORMAL,2–2.99,3–3.99,3–3.99,3–3.99
90,Beca,SIN_CARGAS,No,Diurno,Arrendada,Zona rural,Si,Si,0,Si,No,No,Con poca frecuencia,Heterosexual,Municipios Aledaños,Básica,Básica,Sí,No,No étnico,MEDIO,BASICOS,VARIOS_3_MAS,NO_TRABAJA,HOGAR_SIN_NINOS,COGNITIVA,NINGUNO,SOBREPESO,4–5,4–5,4–5,4–5
747,Otro / No aplica,SIN_CARGAS,No,Diurno,Arrendada,Zona rural,No,No,0,Si,No,No,Casi nunca,Heterosexual,Sin agrupar,Media,Media,No,No,No étnico,MEDIO,COMPLETOS,POCOS_1_2,NO_TRABAJA,SOLO_SIN_NINOS,SIN,NINGUNO,BAJO_PESO,Sin nota,4–5,4–5,3–3.99
482,Recursos propios,SIN_CARGAS,No,Diurno,Arrendada,Zona urbana,Si,Si,0,No,Sí,No,Con poca frecuencia,Heterosexual,Comuna Norte,Media,Media,No,No,No étnico,ALTO,BASICOS,POCOS_1_2,NO_TRABAJA,HOGAR_SIN_NINOS,SIN,NINGUNO,OBESIDAD,3–3.99,4–5,4–5,4–5
567,Otro / No aplica,SIN_CARGAS,No,Diurno,Arrendada,Zona urbana,Si,Si,0,No,No,No,Frecuentemente,Heterosexual,Comuna Norte,Básica,Media,No,Sí,Étnico,BAJO,BASICOS,POCOS_1_2,NO_TRABAJA,CON_NINOS_1_2,SIN,NINGUNO,NORMAL,3–3.99,4–5,4–5,3–3.99
31,Recursos propios,SIN_CARGAS,Si,Diurno,Arrendada,Zona urbana,Si,No,0,Si,No,No,Con poca frecuencia,Diversa,Comuna Oriental,Media,Media,No,No,No étnico,BAJO,COMPLETOS,POCOS_1_2,NO_TRABAJA,HOGAR_SIN_NINOS,COGNITIVA,ALTO,NORMAL,3–3.99,3–3.99,3–3.99,4–5
760,Recursos propios,CON_CARGAS,No,Mixto,Propia pagandose,Zona urbana,Si,Si,0,Si,Sí,No,Nunca,Heterosexual,Comuna Norte,Básica,Media,Sí,No,No étnico,MEDIO,COMPLETOS,POCOS_1_2,NO_TRABAJA,CON_NINOS_1_2,SIN,NINGUNO,SOBREPESO,Sin nota,4–5,3–3.99,4–5
213,Recursos propios,SIN_CARGAS,No,Diurno,Arrendada,Zona urbana,Si,No,0,No,No,No,Casi nunca,No responde,Comuna Centro,Básica,Básica,No,No,No étnico,MEDIO,COMPLETOS,POCOS_1_2,NO_TRABAJA,CON_NINOS_1_2,COGNITIVA,NINGUNO,NORMAL,3–3.99,3–3.99,3–3.99,3–3.99
3,Recursos propios,CON_CARGAS,Si,Nocturno,Propia pagada,Zona urbana,Si,No,0,No,No,No,Casi nunca,No responde,Comuna Sur Occidental,Media,Superior,No,No,No étnico,ALTO,BASICOS,POCOS_1_2,NO_TRABAJA,CON_NINOS_1_2,COGNITIVA,NINGUNO,SOBREPESO,3–3.99,2–2.99,3–3.99,2–2.99
102,Beca,SIN_CARGAS,No,Diurno,Propia pagandose,Zona urbana,Si,No,0,No,No,No responde,Frecuentemente,Heterosexual,Comuna Sur Occidental,Media,Básica,No,No,No reportado,BAJO,COMPLETOS,POCOS_1_2,NO_TRABAJA,HOGAR_SIN_NINOS,MULTIPLE,NINGUNO,NORMAL,3–3.99,3–3.99,4–5,4–5
575,Recursos propios,SIN_CARGAS,No,Mixto,Arrendada,Zona urbana,Si,No,0,No,No,No,Con poca frecuencia,Heterosexual,Comuna Occidental,Media,Media,No,No,No étnico,BAJO,COMPLETOS,POCOS_1_2,NO_TRABAJA,HOGAR_SIN_NINOS,SIN,NINGUNO,NORMAL,3–3.99,4–5,4–5,3–3.99
728,Recursos propios,SIN_CARGAS,No,Diurno,Arrendada,Zona urbana,Si,Si,0,No,No,No,Con poca frecuencia,Heterosexual,Comuna Oriental,Media,Media,No,No,No étnico,MEDIO,COMPLETOS,NINGUNO,NO_TRABAJA,SOLO_SIN_NINOS,SIN,NINGUNO,SOBREPESO,Sin nota,4–5,2–2.99,4–5
341,Recursos propios,CON_CARGAS,No,Diurno,Arrendada,Zona urbana,Si,Si,0,No,No,No,Con poca frecuencia,No responde,Comuna Sur Oriental,Básica,Media,Sí,No,No étnico,BAJO,BASICOS,NINGUNO,NO_TRABAJA,HOGAR_SIN_NINOS,COGNITIVA,NINGUNO,NORMAL,4–5,4–5,3–3.99,4–5
293,Recursos propios,CON_CARGAS,Si,Diurno,Arrendada,Zona rural,Si,Si,0,No,No,No,Frecuentemente,No responde,Municipios Aledaños,Media,Media,No,No,No étnico,ALTO,BASICOS,NINGUNO,NO_TRABAJA,HOGAR_SIN_NINOS,COGNITIVA,BAJO,BAJO_PESO,3–3.99,3–3.99,3–3.99,4–5
753,Recursos propios,SIN_CARGAS,Si,Diurno,Arrendada,Zona rural,Si,Si,0,Si,Sí,No,Casi nunca,Heterosexual,Comuna Oriental,Superior,Media,No,No,No étnico,ALTO,BASICOS,POCOS_1_2,PARCIAL_1_20,CON_NINOS_1_2,SIN,NINGUNO,NORMAL,Sin nota,4–5,4–5,4–5
93,Recursos propios,SIN_CARGAS,Si,Diurno,Propia pagandose,Zona urbana,Si,No,0,No,No,No,Casi nunca,Heterosexual,Comuna Occidental,Básica,Media,No,No,No étnico,BAJO,BASICOS,POCOS_1_2,NO_TRABAJA,HOGAR_SIN_NINOS,COGNITIVA,NINGUNO,NORMAL,3–3.99,3–3.99,3–3.99,3–3.99
259,Recursos propios,SIN_CARGAS,No,Diurno,Propia pagada,Zona urbana,Si,Si,0,No,No,Si,Casi nunca,Heterosexual,Municipios Aledaños,Media,Superior,No,No,No étnico,ALTO,COMPLETOS,POCOS_1_2,NO_TRABAJA,HOGAR_SIN_NINOS,COGNITIVA,BAJO,NORMAL,4–5,4–5,3–3.99,4–5
116,Recursos propios,SIN_CARGAS,Si,Diurno,Propia pagada,Zona urbana,Si,No,0,Si,No,Si,Casi nunca,No responde,Comuna Sur Oriental,Media,Media,No,No,No étnico,ALTO,COMPLETOS,POCOS_1_2,NO_TRABAJA,HOGAR_SIN_NINOS,COGNITIVA,BAJO,NORMAL,3–3.99,3–3.99,3–3.99,4–5
264,Recursos propios,SIN_CARGAS,No,Diurno,Propia pagada,Zona urbana,Si,Si,0,No,No,No,Con poca frecuencia,Diversa,Municipios Aledaños,Media,Media,Sí,No,No étnico,MEDIO,COMPLETOS,POCOS_1_2,NO_TRABAJA,CON_NINOS_1_2,COGNITIVA,ALTO,NORMAL,3–3.99,4–5,4–5,4–5
373,Recursos propios,SIN_CARGAS,No,Diurno,Arrendada,Zona urbana,Si,Si,0,No,No,No,Frecuentemente,No responde,Sin agrupar,Básica,Básica,Sí,No,No étnico,ALTO,COMPLETOS,POCOS_1_2,NO_TRABAJA,SOLO_SIN_NINOS,COGNITIVA,NINGUNO,SOBREPESO,3–3.99,3–3.99,3–3.99,4–5
425,Recursos propios,SIN_CARGAS,No,Diurno,Arrendada,Zona urbana,Si,No,0,No,Sí,No,Frecuentemente,Heterosexual,Comuna Sur Occidental,Básica,Superior,Sí,No,No étnico,MEDIO,COMPLETOS,POCOS_1_2,NO_TRABAJA,HOGAR_SIN_NINOS,SIN,BAJO,SOBREPESO,4–5,4–5,4–5,4–5
455,Recursos propios,SIN_CARGAS,No,Mixto,Arrendada,Zona urbana,Si,No,0,No,No,No,Con poca frecuencia,Heterosexual,Comuna Sur Occidental,Media,Media,No,No,No étnico,MEDIO,COMPLETOS,NINGUNO,NO_TRABAJA,HOGAR_SIN_NINOS,SIN,NINGUNO,NORMAL,3–3.99,4–5,4–5,4–5
158,Recursos propios,SIN_CARGAS,Si,Diurno,Arrendada,Zona urbana,Si,Si,0,No,No,No,Frecuentemente,No responde,Comuna Oriental,Media,Básica,No,No,No étnico,MEDIO,BASICOS,VARIOS_3_MAS,NO_TRABAJA,CON_NINOS_1_2,COGNITIVA,NINGUNO,NORMAL,4–5,4–5,3–3.99,3–3.99
526,Beca,SIN_CARGAS,No,Diurno,Propia pagada,Zona rural,Si,Si,0,Si,No,No,Nunca,Heterosexual,Municipios Aledaños,Básica,Media,Sí,No,No étnico,ALTO,COMPLETOS,VARIOS_3_MAS,NO_TRABAJA,HOGAR_SIN_NINOS,SIN,NINGUNO,SOBREPESO,4–5,4–5,4–5,4–5
389,Recursos propios,CON_CARGAS,No,Mixto,Arrendada,Zona urbana,Si,No,2,Si,No,No,Frecuentemente,Diversa,Comuna Occidental,Superior,Superior,No,No,No étnico,BAJO,COMPLETOS,POCOS_1_2,PARCIAL_1_20,CON_NINOS_1_2,COGNITIVA,ALTO,NORMAL,4–5,4–5,4–5,4–5
38,Recursos propios,SIN_CARGAS,No,Diurno,Propia pagada,Zona urbana,Si,No,0,Si,No,No,Con poca frecuencia,No responde,Comuna Norte,Media,Media,No,No,No étnico,BAJO,COMPLETOS,POCOS_1_2,NO_TRABAJA,CON_NINOS_1_2,COGNITIVA,BAJO,NORMAL,3–3.99,4–5,3–3.99,3–3.99
358,Beca,SIN_CARGAS,Si,Diurno,Propia pagada,Zona urbana,Si,Si,0,Si,No,No,Frecuentemente,No responde,Comuna Sur Occidental,Media,Básica,No,No,No étnico,MEDIO,BASICOS,POCOS_1_2,NO_TRABAJA,SOLO_SIN_NINOS,COGNITIVA,BAJO,NORMAL,3–3.99,4–5,4–5,4–5
505,Recursos propios,SIN_CARGAS,No,Diurno,Propia pagandose,Zona urbana,No,Si,0,No,No,No,Frecuentemente,Heterosexual,Comuna Occidental,Superior,Superior,No,No,No étnico,BAJO,COMPLETOS,POCOS_1_2,NO_TRABAJA,HOGAR_SIN_NINOS,SIN,NINGUNO,NORMAL,4–5,4–5,3–3.99,4–5
229,Beca,SIN_CARGAS,Si,Diurno,Arrendada,Zona urbana,Si,No,0,No,No,No,Casi nunca,No responde,Comuna Centro,Media,Media,Sí,No,No étnico,MEDIO,BASICOS,POCOS_1_2,NO_TRABAJA,CON_NINOS_1_2,COGNITIVA,BAJO,SOBREPESO,3–3.99,3–3.99,4–5,4–5
638,Recursos propios,SIN_CARGAS,No,Diurno,Propia pagada,Zona urbana,Si,Si,0,Si,Sí,No,Con poca frecuencia,Heterosexual,Comuna Occidental,Media,Superior,No,No,No étnico,BAJO,COMPLETOS,NINGUNO,NO_TRABAJA,HOGAR_SIN_NINOS,SIN,NINGUNO,NORMAL,3–3.99,4–5,4–5,4–5
550,Recursos propios,SIN_CARGAS,No,Diurno,Propia pagada,Zona urbana,Si,No,0,Si,Sí,No,Casi nunca,Heterosexual,Comuna Occidental,Superior,Superior,No,No,No étnico,BAJO,COMPLETOS,POCOS_1_2,NO_TRABAJA,HOGAR_SIN_NINOS,SIN,NINGUNO,NORMAL,3–3.99,3–3.99,3–3.99,3–3.99
44,Recursos propios,SIN_CARGAS,No,Diurno,Arrendada,Zona urbana,Si,Si,0,No,No,No,Con poca frecuencia,Heterosexual,Comuna Sur Occidental,Media,Media,No,No,No étnico,MEDIO,COMPLETOS,POCOS_1_2,NO_TRABAJA,HOGAR_SIN_NINOS,COGNITIVA,NINGUNO,BAJO_PESO,3–3.99,3–3.99,3–3.99,4–5
599,Otro / No aplica,SIN_CARGAS,No,Diurno,Arrendada,Zona urbana,Si,Si,0,Si,No,No,Frecuentemente,No responde,Comuna Oriental,Superior,Media,No,No,No étnico,BAJO,COMPLETOS,POCOS_1_2,NO_TRABAJA,CON_NINOS_1_2,SIN,NINGUNO,NORMAL,4–5,4–5,4–5,4–5
177,Recursos propios,SIN_CARGAS,No,Diurno,Propia pagada,Zona rural,Si,Si,0,Si,No,No,Con poca frecuencia,No responde,Comuna Oriental,Básica,Básica,No,No,No étnico,MEDIO,COMPLETOS,POCOS_1_2,NO_TRABAJA,CON_NINOS_1_2,COGNITIVA,NINGUNO,SOBREPESO,3–3.99,3–3.99,3–3.99,4–5
160,Recursos propios,SIN_CARGAS,Si,Mixto,Arrendada,Zona urbana,Si,Si,0,No,No,Si,Frecuentemente,No responde,Municipios Aledaños,Media,Media,Sí,No,No étnico,MEDIO,COMPLETOS,VARIOS_3_MAS,NO_TRABAJA,HOGAR_SIN_NINOS,COGNITIVA,BAJO,BAJO_PESO,3–3.99,3–3.99,3–3.99,4–5
85,Recursos propios,CON_CARGAS,No,Diurno,Arrendada,Zona urbana,No,Si,0,Si,No,No,Casi nunca,Heterosexual,Comuna Sur Oriental,Media,Media,No,No,No étnico,BAJO,BASICOS,POCOS_1_2,NO_TRABAJA,HOGAR_SIN_NINOS,COGNITIVA,NINGUNO,NORMAL,4–5,4–5,3–3.99,4–5
388,Otro / No aplica,SIN_CARGAS,No,Nocturno,Arrendada,Zona rural,No,No,0,No,No,No,Frecuentemente,No responde,Comuna Occidental,Media,Media,No,No,No étnico,BAJO,COMPLETOS,VARIOS_3_MAS,PARCIAL_1_20,SOLO_SIN_NINOS,COGNITIVA,BAJO,NORMAL,4–5,3–3.99,2–2.99,3–3.99
169,Recursos propios,SIN_CARGAS,Si,Mixto,Propia pagandose,Zona urbana,Si,Si,0,Si,No,No,Frecuentemente,Heterosexual,Comuna Norte,Media,Básica,No,No,No étnico,ALTO,BASICOS,VARIOS_3_MAS,NO_TRABAJA,HOGAR_SIN_NINOS,COGNITIVA,NINGUNO,NORMAL,3–3.99,3–3.99,3–3.99,3–3.99
474,Beca,SIN_CARGAS,Si,Diurno,Arrendada,Zona urbana,Si,Si,0,No,Sí,No,Con poca frecuencia,Heterosexual,Bogota,Básica,Básica,No,No,No étnico,ALTO,COMPLETOS,VARIOS_3_MAS,NO_TRABAJA,HOGAR_SIN_NINOS,COGNITIVA,BAJO,SOBREPESO,4–5,4–5,4–5,4–5
734,Recursos propios,SIN_CARGAS,No,Diurno,Arrendada,Zona urbana,Si,Si,0,No,No,No,Con poca frecuencia,Heterosexual,Comuna Norte,Media,Media,No,No,No étnico,MEDIO,COMPLETOS,POCOS_1_2,NO_TRABAJA,HOGAR_SIN_NINOS,SIN,NINGUNO,BAJO_PESO,Sin nota,4–5,4–5,4–5
730,Beca,SIN_CARGAS,No,Mixto,Arrendada,Zona urbana,Si,Si,0,No,Sí,No,Con poca frecuencia,Heterosexual,Comuna Oriental,Media,Media,No,No,No étnico,BAJO,BASICOS,POCOS_1_2,NO_TRABAJA,HOGAR_SIN_NINOS,SIN,BAJO,NORMAL,Sin nota,4–5,4–5,4–5
313,Recursos propios,SIN_CARGAS,No,Diurno,Propia pagada,Zona rural,Si,Si,0,No,No,No responde,Casi nunca,Heterosexual,Municipios Aledaños,Básica,Media,No,No,No reportado,MEDIO,COMPLETOS,POCOS_1_2,NO_TRABAJA,HOGAR_SIN_NINOS,MULTIPLE,NINGUNO,NORMAL,3–3.99,3–3.99,4–5,4–5
334,Recursos propios,SIN_CARGAS,No,Diurno,Propia pagada,Zona urbana,Si,No,0,No,No,No,Casi nunca,Heterosexual,Comuna Centro,Media,Media,No,No,No étnico,MEDIO,COMPLETOS,POCOS_1_2,NO_TRABAJA,CON_NINOS_1_2,COGNITIVA,NINGUNO,NORMAL,3–3.99,3–3.99,3–3.99,3–3.99
26,Recursos propios,SIN_CARGAS,No,Diurno,Arrendada,Zona rural,Si,No,0,Si,Sí,No,Con poca frecuencia,Heterosexual,Municipios Aledaños,Básica,Media,No,No,No étnico,MEDIO,COMPLETOS,POCOS_1_2,NO_TRABAJA,HOGAR_SIN_NINOS,COGNITIVA,NINGUNO,NORMAL,3–3.99,3–3.99,3–3.99,3–3.99
436,Recursos propios,CON_CARGAS,No,Diurno,Arrendada,Zona urbana,Si,Si,0,No,Sí,No,Casi nunca,Heterosexual,Comuna Sur Oriental,Básica,Básica,No,No,No étnico,BAJO,COMPLETOS,VARIOS_3_MAS,NO_TRABAJA,HOGAR_SIN_NINOS,SIN,NINGUNO,SOBREPESO,3–3.99,4–5,4–5,4–5
276,Recursos propios,CON_CARGAS,Si,Diurno,Arrendada,Zona urbana,No,Si,2,No,No,No,Con poca frecuencia,No responde,Comuna Sur Occidental,Media,Media,Sí,No,No étnico,BAJO,COMPLETOS,POCOS_1_2,NO_TRABAJA,CON_NINOS_1_2,COGNITIVA,BAJO,SOBREPESO,4–5,4–5,4–5,4–5
678,Recursos propios,SIN_CARGAS,Si,Mixto,Arrendada,Zona rural,Si,Si,0,Si,No,No,Frecuentemente,Heterosexual,Municipios Aledaños,Básica,Básica,No,No,No étnico,MEDIO,COMPLETOS,NINGUNO,NO_TRABAJA,HOGAR_SIN_NINOS,SIN,NINGUNO,NORMAL,Sin nota,4–5,4–5,4–5
15,Recursos propios,SIN_CARGAS,No,Mixto,Arrendada,Zona urbana,Si,No,0,No,No,No responde,Con poca frecuencia,No responde,Comuna Sur Occidental,Media,Media,No,No,No reportado,BAJO,SIN_RECURSOS,POCOS_1_2,ALTA_>20,SOLO_SIN_NINOS,MULTIPLE,BAJO,NORMAL,3–3.99,2–2.99,1–1.99,3–3.99
121,Recursos propios,SIN_CARGAS,Si,Diurno,Arrendada,Zona urbana,Si,No,0,Si,No,No responde,Casi nunca,No responde,Comuna Norte,Superior,Superior,No,No,No étnico,MEDIO,COMPLETOS,VARIOS_3_MAS,NO_TRABAJA,CON_NINOS_1_2,COGNITIVA,BAJO,NORMAL,3–3.99,4–5,4–5,4–5
283,Recursos propios,SIN_CARGAS,No,Mixto,Propia pagada,Zona urbana,Si,Si,0,Si,No,No,Casi nunca,Heterosexual,Comuna Oriental,Básica,Media,No,No,No étnico,BAJO,COMPLETOS,POCOS_1_2,NO_TRABAJA,HOGAR_SIN_NINOS,COGNITIVA,BAJO,SOBREPESO,4–5,4–5,4–5,4–5
590,Otro / No aplica,SIN_CARGAS,No,Diurno,Arrendada,Zona rural,No,Si,0,No,Sí,No responde,Nunca,Heterosexual,Comuna Oriental,Media,Media,No,No,No reportado,MEDIO,BASICOS,POCOS_1_2,NO_TRABAJA,CON_NINOS_1_2,MULTIPLE,NINGUNO,NORMAL,3–3.99,4–5,4–5,3–3.99
114,Recursos propios,SIN_CARGAS,No,Diurno,Propia pagada,Zona urbana,Si,Si,0,Si,No,No,Con poca frecuencia,No responde,Comuna Norte,Básica,Media,No,No,No étnico,MEDIO,COMPLETOS,POCOS_1_2,NO_TRABAJA,HOGAR_SIN_NINOS,COGNITIVA,NINGUNO,NORMAL,4–5,4–5,3–3.99,4–5
